客户ID,年龄,性别,城市,职业,资产总额(AUM),存款,理财,基金,保险,信托,月均交易次数,月均交易金额,客户等级,持有产品数,持有产品,近12月资产,是否高价值客户
C10000,52,女,成都,高管,3710660.62,260968.03,964225.71,557633.45,394112.55,15276.41,4,132383.87,金卡客户,5,存款|理财产品|基金|保险|信托,"2631061.16,2671639.59,2707223.13,2921950.89,2898020.22,2979864.35,2969397.78,3085158.19,3190678.97,3197077.97,3351670.48,3376433.64",0
C10001,40,女,深圳,企业主,3442112.21,483868.02,684142.81,268236.13,268519.87,376367.63,7,123501.69,金卡客户,5,存款|理财产品|基金|保险|信托,"3268884.97,3295364.92,3079642.51,3341328.91,3481913.13,3933470.22,3838406.02,3402725.49,3999468.75,3910849.54,3926661.14,4332781.61",0
C10002,60,女,北京,专业人士,4849531.17,439145.27,1255694.09,755675.92,240705.04,61645.64,2,543850.02,金卡客户,5,存款|理财产品|基金|保险|信托,"2903988.57,3532917.11,3399773.95,4102473.77,3352112.77,3561592.97,3737677.53,3580046.55,4184744.29,4276166.44,4222984.3,4239273.35",0
C10003,22,女,上海,企业主,1740168.61,579201.43,330668.8,379122.09,209778.74,64932.67,4,234850.13,金卡客户,5,存款|理财产品|基金|保险|信托,"1307289.34,1240303.25,1147313.06,1230691.95,1191358.88,1180043.84,1189790.51,1155012.12,1153256.7,1065679.11,1087207.04,1150546.17",0
C10004,44,男,上海,企业主,771552.85,174322.84,11915.57,53747.62,105116.27,0.0,4,60584.94,银卡客户,4,存款|理财产品|基金|保险,"680044.81,755337.09,633631.29,715936.82,781860.08,644160.66,659906.39,685947.01,657983.94,611129.52,677764.45,627364.05",0
C10005,52,女,广州,自由职业,1585315.86,142227.77,439779.44,347715.0,61337.84,209256.64,3,197230.9,金卡客户,5,存款|理财产品|基金|保险|信托,"903987.59,1141318.74,1194429.93,1081614.74,1240193.81,1335553.62,1315782.41,1417213.38,1425581.69,1383378.24,1613628.59,1699730.7",0
C10006,56,男,广州,白领,815789.74,226276.84,207836.32,134118.46,69543.05,0.0,5,38446.81,银卡客户,4,存款|理财产品|基金|保险,"741946.17,939530.99,823570.68,766509.01,857071.43,830268.22,950940.14,924809.35,937935.23,961457.47,1029149.11,992004.84",0
C10007,56,男,重庆,专业人士,3315838.66,1252240.3,692376.75,472557.72,48333.24,407852.95,2,492758.62,金卡客户,6,存款|理财产品|基金|保险|信托|贵金属,"2729726.46,2892647.35,3236186.3,3326532.15,3419927.09,4102765.9,3624218.9,3824980.36,3897425.18,3951587.16,3892057.31,4194631.67",0
C10008,33,女,北京,公务员,1562316.27,374839.7,134300.42,230767.1,7147.66,11669.94,4,43414.38,金卡客户,5,存款|理财产品|基金|保险|信托,"1346323.47,1351203.58,1323000.2,1296240.05,1268745.57,1236461.68,1226836.22,1220688.01,1173543.4,1160249.81,1121739.71,1121794.43",0
C10009,69,男,上海,专业人士,13195699.47,3708903.13,1108177.07,3150028.82,1460559.89,1463017.9,11,1262048.63,钻石客户,7,存款|理财产品|基金|保险|信托|外汇|国债,"12013411.36,11858526.05,11268932.48,11238470.18,10337502.92,10606731.47,10567799.06,10151081.55,10575309.25,9719623.87,9743024.55,9679468.58",1
C10010,66,男,重庆,白领,283175.43,30307.43,5995.0,45479.34,1126.1,0.0,14,25646.17,普通客户,4,存款|理财产品|基金|保险,"232789.19,244754.08,248125.06,263316.72,273041.48,284942.18,310599.42,320296.0,325850.0,354743.11,365590.81,386588.8",0
C10011,54,男,上海,白领,298283.43,95971.06,30496.81,69407.37,38407.54,0.0,2,20897.49,普通客户,5,存款|理财产品|基金|保险|国债,"299920.84,285027.17,301839.99,297545.24,306574.63,320946.32,298210.09,359649.47,304286.31,305214.21,356409.35,354412.86",0
C10012,54,男,深圳,企业主,12590284.49,2575162.34,3352934.46,1104529.96,221086.06,360061.19,13,304145.7,钻石客户,7,存款|理财产品|基金|保险|信托|贵金属|国债,"11942345.91,11771613.92,12133411.8,12624632.8,13092820.37,13575614.32,14187255.81,14483557.36,14718529.23,15178523.61,15444944.32,16085596.18",1
C10013,40,男,北京,企业主,24894255.42,9628111.98,2799637.19,1778147.41,3243469.28,1113250.38,15,3605961.66,钻石客户,7,存款|理财产品|基金|保险|信托|贵金属|国债,"23995201.35,22750232.4,24670171.8,25983634.97,28212201.38,27712392.59,30411244.91,25328488.29,28886188.17,28043216.8,32310790.02,27112185.78",1
C10014,32,男,广州,退休,996102.78,76906.23,291179.21,245591.82,104316.12,0.0,1,123448.32,银卡客户,5,存款|理财产品|基金|保险|外汇,"945788.81,894130.18,1116475.57,1126900.48,1083442.51,1065044.05,1291597.42,1265478.35,1400694.34,1303215.23,1423952.67,1525732.65",0
C10015,45,女,苏州,白领,1650769.95,157162.87,472475.63,250163.72,56615.5,221764.66,1,159361.95,金卡客户,6,存款|理财产品|基金|保险|信托|外汇,"1344549.01,1450867.32,1490012.7,1485324.43,1462108.47,1560578.48,1723156.38,1740867.63,1717115.54,1782174.3,1757629.5,2017738.88",0
C10016,58,男,杭州,白领,2183863.04,412291.45,407565.65,470821.06,311043.45,64237.67,7,100794.48,金卡客户,5,存款|理财产品|基金|保险|信托,"1631606.64,1652078.32,1635949.14,1694990.48,1713422.14,1798908.39,1886348.15,1848136.73,1957950.07,1960778.94,1997805.62,2076628.9",0
C10017,29,男,广州,退休,1403552.43,462882.66,264387.34,28688.27,183917.01,258498.54,7,26037.18,金卡客户,5,存款|理财产品|基金|保险|信托,"1026405.4,930110.73,914350.57,856145.39,954598.34,887144.3,916768.0,943816.49,872990.3,903888.51,948152.69,808091.41",0
C10018,32,男,北京,专业人士,690676.37,85648.57,67858.4,20679.22,92259.92,0.0,39,83215.43,银卡客户,5,存款|理财产品|基金|保险|外汇,"596974.38,586088.25,598738.8,666364.27,624040.17,631092.16,719026.43,720280.39,745749.95,758320.71,785843.95,806218.94",0
C10019,35,男,上海,专业人士,2264817.46,438556.74,667472.47,63436.92,135160.55,439134.71,3,297078.37,金卡客户,6,存款|理财产品|基金|保险|信托|国债,"1804011.03,2105430.77,2081904.8,2297234.46,2269929.02,2275292.99,2402696.31,2679228.54,2820098.91,2834038.56,3114100.78,3030337.63",0
C10020,44,男,北京,专业人士,556664.45,54021.58,10583.58,137768.92,26916.44,0.0,4,58678.21,银卡客户,4,存款|理财产品|基金|保险,"449996.25,439443.88,410172.69,434139.42,428304.5,472512.6,445248.99,449839.56,427830.02,427359.53,431076.81,459471.68",0
C10021,38,女,杭州,专业人士,1608620.5,540190.53,211920.42,151590.13,111641.43,96960.53,19,184452.97,金卡客户,5,存款|理财产品|基金|保险|信托,"1133403.48,1259613.71,1271046.78,1329670.77,1224206.14,1289950.33,1394878.79,1484942.03,1484682.84,1431228.71,1406225.54,1511742.09",0
C10022,28,女,北京,退休,595082.14,188558.05,156524.27,50891.68,73307.33,0.0,5,72374.69,银卡客户,5,存款|理财产品|基金|保险|贵金属,"498144.79,491065.43,563761.4,536113.08,567151.49,602814.89,638265.4,600062.54,571293.88,664846.28,757490.31,686192.37",0
C10023,45,女,苏州,退休,4280549.29,1273606.91,195885.27,616707.68,389561.05,363102.45,9,484139.51,金卡客户,5,存款|理财产品|基金|保险|信托,"2772796.11,3105105.54,2717916.88,3478278.77,3313947.39,3426556.63,3487122.69,3545168.89,4204436.84,4260207.4,4209228.21,4426235.3",0
C10024,39,男,深圳,企业主,29456514.72,6610887.91,3702025.1,6737042.94,1601229.18,3420421.86,2,4257934.62,钻石客户,8,存款|理财产品|基金|保险|信托|贵金属|外汇|国债,"30205187.76,29886677.87,30281394.42,31078653.9,31024419.29,30845202.68,31366585.59,32636107.57,32355034.42,32600276.85,34356274.29,34324990.45",1
C10025,67,男,深圳,公务员,386088.7,43888.57,99817.71,91321.12,21619.58,0.0,9,18495.29,银卡客户,5,存款|理财产品|基金|保险|国债,"266128.28,247264.51,263877.79,286606.44,270458.38,306911.06,302161.46,309435.2,334503.16,340441.95,338944.31,371132.46",0
C10026,28,男,重庆,企业主,5408556.82,663955.46,43050.28,245325.96,473012.01,455859.73,2,341587.88,白金客户,5,存款|理财产品|基金|保险|信托,"3994199.35,4243205.9,4270134.62,4275007.61,4514461.68,4524256.52,4799735.79,4720185.0,4813867.81,4817105.99,4959389.56,5113092.43",1
C10027,19,女,上海,企业主,645007.19,36402.1,176918.79,18987.57,55778.59,0.0,8,31197.53,银卡客户,4,存款|理财产品|基金|保险,"454232.54,445334.79,414838.09,419747.19,405997.54,406480.7,395151.09,363878.76,373917.95,371381.8,350195.18,360598.08",0
C10028,22,男,南京,专业人士,608486.25,151051.61,86901.04,100958.69,85507.2,0.0,3,8741.29,银卡客户,5,存款|理财产品|基金|保险|国债,"497269.05,490772.09,511235.64,521267.05,524203.76,573222.98,552191.85,539719.62,570809.61,597989.72,611369.92,598201.59",0
C10029,58,女,广州,企业主,4185343.03,1003081.63,1096073.33,766153.08,506360.26,551446.87,13,447491.52,金卡客户,5,存款|理财产品|基金|保险|信托,"3060985.04,3052475.06,3269598.3,3280765.38,3738563.56,3644934.27,3740486.04,4225700.39,3921361.01,4547094.42,4426726.12,5164197.61",0
C10030,41,男,杭州,白领,2712337.3,438214.37,509288.56,600767.62,250564.3,126372.93,15,330443.11,金卡客户,5,存款|理财产品|基金|保险|信托,"2068703.03,2041943.89,2281666.07,2324520.17,2119779.6,2160805.7,2206209.81,2118374.68,2196579.5,2218310.55,2276277.6,2389952.33",0
C10031,48,男,南京,高管,5692674.1,2166951.74,798229.34,872987.78,142630.47,1128479.99,3,241563.15,白金客户,5,存款|理财产品|基金|保险|信托,"4519183.26,4508457.29,4482473.68,4652088.75,4658352.0,4436934.81,4392808.28,4509141.56,4387068.69,4491380.93,4430265.17,4237175.74",1
C10032,68,男,重庆,专业人士,13686351.54,1304722.94,3649115.6,3269845.59,1769907.25,2215864.32,14,303537.91,钻石客户,8,存款|理财产品|基金|保险|信托|贵金属|外汇|国债,"12555706.14,12483817.67,12330593.76,12053291.27,12738421.88,13324289.37,13352378.78,13734949.99,13464802.06,13569228.34,14174454.9,14339228.4",1
C10033,49,女,重庆,自由职业,6642522.11,1953665.47,1355355.03,1027284.94,749990.54,210707.58,12,885593.71,白金客户,6,存款|理财产品|基金|保险|信托|外汇,"4426920.9,4237266.34,4365626.88,4716279.75,4439417.81,4415747.27,4053345.69,4634176.56,4622450.57,5045401.55,4397298.71,4554287.08",1
C10034,48,女,广州,退休,16358111.85,6154082.59,503059.68,3832822.11,1687876.74,221937.24,21,317823.13,钻石客户,6,存款|理财产品|基金|保险|信托|外汇,"9302847.81,10819070.34,10545114.12,11306595.08,10269485.86,12943801.01,13725869.6,12055676.83,13628308.25,13549579.89,14976641.31,16249696.06",1
C10035,59,男,北京,白领,554422.7,212234.26,25124.98,59924.06,78474.31,0.0,17,38123.12,银卡客户,4,存款|理财产品|基金|保险,"522444.56,528880.89,563411.66,556121.32,608192.63,561405.73,600309.62,583959.87,600962.68,586087.73,628736.65,634525.24",0
C10036,51,女,北京,企业主,15008678.74,3989721.2,3586491.69,1806753.57,264096.14,375774.67,3,571432.36,钻石客户,6,存款|理财产品|基金|保险|信托|外汇,"11226885.68,10907316.05,11386198.7,11744717.1,11994049.92,13496928.76,12950620.93,13932538.16,13706049.58,14704180.77,15262490.36,15634060.89",1
C10037,36,男,上海,自由职业,2157225.18,574586.65,454612.54,301822.06,3161.69,140850.11,2,177927.13,金卡客户,7,存款|理财产品|基金|保险|信托|贵金属|国债,"1409375.39,1389582.13,1368421.57,1409244.33,1441821.78,1440285.89,1428580.19,1421123.33,1467663.76,1470938.92,1495491.93,1500118.39",0
C10038,60,男,重庆,退休,834488.46,280433.37,113236.32,134264.54,65891.54,0.0,5,15395.72,银卡客户,5,存款|理财产品|基金|保险|外汇,"577807.76,611665.54,619596.27,660650.42,734344.61,759834.07,770049.34,799168.22,839321.94,889268.76,900123.72,959312.54",0
C10039,19,女,南京,白领,169339.12,30457.94,50174.31,1698.01,22023.35,0.0,2,15412.33,普通客户,4,存款|理财产品|基金|保险,"164909.91,157670.53,184286.15,191202.86,186313.54,200994.54,210163.01,217592.59,221735.89,230661.14,244879.42,263041.57",0
C10040,53,男,杭州,专业人士,1626890.03,418977.54,79810.61,159061.66,236569.09,83990.94,2,192438.7,金卡客户,6,存款|理财产品|基金|保险|信托|贵金属,"1158443.56,1061165.59,1102713.1,1073732.37,1094595.43,1064331.38,998302.61,996647.85,1015133.38,1008314.27,1002927.91,988280.58",0
C10041,43,女,成都,自由职业,1727335.41,249448.59,29582.44,229376.98,242674.83,13591.9,6,46802.82,金卡客户,5,存款|理财产品|基金|保险|信托,"1412771.63,1372960.89,1368083.0,1235094.14,1353502.39,1268395.73,1281925.98,1199827.06,1225540.88,1157789.49,1149640.13,1201434.98",0
C10042,42,女,重庆,自由职业,3027729.66,875428.1,451593.23,467668.6,394621.41,345530.41,22,121698.14,金卡客户,5,存款|理财产品|基金|保险|信托,"2130408.37,2152795.21,2009156.49,2154771.23,2379814.44,2300515.7,2325661.89,2067369.72,2244900.33,2615307.96,2604985.37,2694105.9",0
C10043,54,男,武汉,企业主,4113908.44,733351.64,488945.45,715272.1,239773.87,369176.9,7,177951.96,金卡客户,7,存款|理财产品|基金|保险|信托|外汇|国债,"3045920.68,3427877.89,3660118.72,3954909.68,3763319.25,3946550.78,3842334.46,3881471.81,4543087.27,4053668.7,4938282.25,4762806.3",0
C10044,55,女,苏州,企业主,9150274.45,481734.56,1777371.4,2054306.5,334189.48,1696524.1,3,713923.14,白金客户,8,存款|理财产品|基金|保险|信托|贵金属|外汇|国债,"8354111.94,8984737.13,8938246.89,8724296.15,8618388.38,9168088.46,9324692.84,9273823.57,9850356.12,10369688.0,10109586.4,10271323.7",1
C10045,30,男,苏州,公务员,2075169.53,135289.4,394168.93,493580.81,187266.98,339991.15,28,277634.66,金卡客户,5,存款|理财产品|基金|保险|信托,"1442242.31,1567576.33,1628542.4,1881766.9,1812952.33,2063247.8,1915195.84,2102811.06,2054084.39,2482660.43,2183391.31,2446823.34",0
C10046,54,男,北京,企业主,10313115.83,2707016.68,1691446.12,598024.32,604718.82,1226180.66,10,300127.81,钻石客户,5,存款|理财产品|基金|保险|信托,"9146623.69,9821814.22,10859082.5,9676608.64,10087437.52,10104245.48,10089424.0,10663086.98,10562745.98,11802421.8,11553790.84,12627635.6",1
C10047,21,女,成都,退休,388377.29,110423.6,115830.35,64260.83,32494.56,0.0,2,43611.3,银卡客户,5,存款|理财产品|基金|保险|外汇,"385564.1,347376.02,373439.77,352890.31,353755.26,394780.47,388719.26,375170.13,334503.15,349000.58,380293.68,353715.57",0
C10048,79,男,武汉,企业主,6965415.25,2254773.39,1481010.34,62968.02,316712.23,366537.66,3,983336.2,白金客户,5,存款|理财产品|基金|保险|信托,"5365488.06,5543292.2,5876725.02,5812402.04,5894869.63,6279930.13,6110837.14,6386596.71,6539474.82,6434306.01,6994993.57,6851850.55",1
C10049,33,男,南京,专业人士,2205589.49,745198.54,87688.51,475312.52,305283.53,214851.73,8,209256.21,金卡客户,6,存款|理财产品|基金|保险|信托|外汇,"1705455.68,1661961.15,1534684.51,1587837.95,1437814.11,1612506.0,1596352.43,1516518.34,1581061.57,1456879.72,1460831.14,1528827.44",0
C10050,34,女,北京,白领,1953859.52,770382.63,140197.3,69483.82,35575.37,118511.41,9,36577.91,金卡客户,5,存款|理财产品|基金|保险|信托,"1597421.61,1428908.32,1740794.32,1538996.47,1642721.33,1561232.73,1507562.13,1717889.29,1739605.6,1623498.52,1447160.22,1631002.9",0
C10051,50,男,上海,企业主,1759313.55,367752.95,445646.66,43139.5,128845.39,52796.53,7,97562.08,金卡客户,5,存款|理财产品|基金|保险|信托,"1275254.56,1439452.16,1313373.25,1540543.34,1457940.16,1374004.12,1620283.24,1398459.59,1532814.51,1512330.69,1617211.73,1658002.33",0
C10052,45,男,南京,退休,973136.24,280340.82,12166.02,20628.55,104562.04,0.0,3,50131.1,银卡客户,4,存款|理财产品|基金|保险,"670357.95,663980.3,653725.09,651749.79,627326.62,614993.31,642447.79,617352.6,613297.6,625976.78,612649.7,606800.04",0
C10053,77,男,苏州,白领,9098306.7,2837085.06,2215719.15,1493210.93,174818.16,615532.3,44,1273141.61,白金客户,6,存款|理财产品|基金|保险|信托|贵金属,"6798543.69,7041957.6,7498089.92,7466037.87,7008127.28,8394216.82,8248596.21,8413288.98,8909446.35,8217316.08,9503278.12,8979707.81",1
C10054,58,女,上海,退休,6214762.86,2452559.27,1747693.36,67078.63,153642.75,163732.62,16,247916.78,白金客户,5,存款|理财产品|基金|保险|信托,"5210552.36,5315942.03,4888146.75,5582905.58,5612106.14,5940173.28,5917786.99,5852822.5,5727019.6,6090149.01,6072588.85,6268764.87",1
C10055,53,女,南京,退休,1368667.41,443895.97,227565.53,1789.4,156231.49,9665.9,2,156579.29,金卡客户,5,存款|理财产品|基金|保险|信托,"974526.64,924853.7,999612.51,982355.44,909072.66,998948.62,996848.99,911446.79,962695.69,899207.52,914100.49,873471.8",0
C10056,78,男,杭州,退休,1111961.11,273799.33,201316.44,188051.51,134267.47,60006.03,7,23115.62,金卡客户,6,存款|理财产品|基金|保险|信托|贵金属,"1041491.89,964706.03,1043506.54,1056812.29,1042992.7,1163632.06,1202954.89,1319693.13,1323683.72,1294179.25,1471974.46,1492106.2",0
C10057,53,男,深圳,白领,10695007.86,2734919.67,591892.49,968527.72,536640.13,56034.8,1,143172.43,钻石客户,6,存款|理财产品|基金|保险|信托|外汇,"7918713.17,8005519.59,8336822.34,8889635.06,9164566.72,9929470.97,9828941.6,10520178.36,11058758.29,11437196.62,11425328.85,12564787.17",1
C10058,58,男,成都,企业主,17204760.23,4816202.59,4937497.56,296601.53,147241.92,970992.19,3,2354912.59,钻石客户,7,存款|理财产品|基金|保险|信托|贵金属|外汇,"13256205.73,13776205.55,14353372.04,14869408.84,15138704.12,15543054.74,16233095.45,17047030.65,17600029.49,18324644.08,18831284.73,19437513.83",1
C10059,35,男,南京,自由职业,5542168.36,661370.07,939946.63,642797.99,808052.58,674512.12,2,326604.93,白金客户,8,存款|理财产品|基金|保险|信托|贵金属|外汇|国债,"3687323.98,4046953.78,4276753.26,4493186.59,4566774.91,4642053.57,4740281.26,5108793.94,5088568.88,4944124.93,5804132.77,6119757.24",1
C10060,18,女,杭州,企业主,1071328.87,355939.66,147599.08,13915.65,126354.38,43145.37,3,60240.94,金卡客户,5,存款|理财产品|基金|保险|信托,"982077.52,1040240.7,992457.46,1215246.79,1193648.15,1236083.18,1531875.57,1376738.39,1357132.4,1439333.0,1614285.51,1603112.15",0
C10061,23,男,武汉,退休,6600337.42,1244755.43,1811970.97,879542.59,156383.27,918633.8,12,799014.33,白金客户,5,存款|理财产品|基金|保险|信托,"4640376.49,4872395.73,5188513.32,5483706.34,5658668.86,5846245.8,6176903.84,6569455.61,6888292.59,7228520.14,7606589.91,7927771.72",1
C10062,48,女,成都,高管,6589711.39,1315447.35,320721.4,20769.98,553294.26,695082.26,13,139154.42,白金客户,6,存款|理财产品|基金|保险|信托|外汇,"6231711.44,6111083.18,5619278.58,6385729.96,7037933.04,6645079.51,5979904.21,6737059.81,7404890.98,7367514.57,6989676.9,7220193.58",1
C10063,38,男,深圳,白领,9585113.18,1661399.47,2419611.01,1129335.21,1407724.75,1215664.83,33,265287.79,白金客户,6,存款|理财产品|基金|保险|信托|外汇,"6264881.54,5771605.98,6291588.77,5312871.54,5886641.79,6603874.78,5322500.18,5413645.25,5870728.94,5686217.32,5714643.47,5729739.13",1
C10064,54,男,苏州,白领,9651705.14,2375807.96,321371.29,1078712.07,666486.34,1668902.61,1,1416407.48,白金客户,7,存款|理财产品|基金|保险|信托|贵金属|国债,"8864489.38,8918932.22,9622219.3,9897669.76,10364548.92,10966092.93,11079107.76,11879136.68,12129769.83,12856924.51,13169970.06,13692440.92",1
C10065,46,男,北京,公务员,6332406.51,975401.05,569762.92,1176550.36,45729.0,1143499.63,1,818887.45,白金客户,5,存款|理财产品|基金|保险|信托,"4276882.45,4339854.15,4040253.67,4113443.93,4138497.4,4026046.12,3933015.86,3969127.7,3490091.92,3821436.63,3615064.97,3427232.69",1
C10066,52,女,深圳,退休,13132514.83,3558355.27,2331141.53,2306837.11,467714.78,1345724.98,5,1027926.45,钻石客户,5,存款|理财产品|基金|保险|信托,"11245101.7,11899922.35,12034158.24,12058172.94,11115314.97,12582766.53,11594879.31,13409568.24,12527509.5,12954795.69,13307822.64,13817624.3",1
C10067,45,男,上海,企业主,4483960.08,1121963.15,689634.49,328998.04,626691.97,356039.92,3,99512.47,金卡客户,6,存款|理财产品|基金|保险|信托|外汇,"3536446.72,3644064.17,3682243.09,3766002.44,4364776.9,4376641.44,4711074.8,5021836.84,5120743.29,5090851.75,5414385.46,5514634.95",0
C10068,34,男,深圳,专业人士,3178384.98,293551.66,399473.21,596883.26,33853.45,50968.59,12,329281.23,金卡客户,5,存款|理财产品|基金|保险|信托,"1896021.77,2102287.9,2055998.69,1977742.99,2166623.02,2004853.56,2235756.18,2270088.51,2301058.72,2369516.1,2179216.39,2428439.3",0
C10069,46,男,杭州,专业人士,6768652.77,2341693.45,1406173.05,727513.54,683261.61,372791.91,26,357952.69,白金客户,5,存款|理财产品|基金|保险|信托,"5439458.75,6216309.37,5945308.39,7619790.29,8096191.96,8014773.54,7497332.95,8967162.17,8489223.83,8385525.02,8860472.5,9482293.37",1
C10070,45,女,广州,企业主,4187269.25,665466.47,850585.93,634140.21,228997.82,182474.96,7,445351.23,金卡客户,7,存款|理财产品|基金|保险|信托|贵金属|国债,"3393671.68,3382349.75,3640661.04,3636954.35,3999799.54,4224217.15,4465293.95,4677277.06,4980280.44,4908605.26,5157347.9,5660712.15",0
C10071,18,男,杭州,退休,3411005.83,696372.1,309378.14,221148.21,99579.46,39327.25,12,197642.95,金卡客户,5,存款|理财产品|基金|保险|信托,"2623641.2,2526681.31,2499594.63,2665447.8,2789756.09,2888851.97,2787807.57,2932493.01,2944616.11,3023732.19,3223090.96,3080495.26",0
C10072,48,男,重庆,企业主,11599677.21,1086742.26,2763776.2,799703.69,1526095.14,2190116.71,6,1709075.94,钻石客户,5,存款|理财产品|基金|保险|信托,"8454113.27,8575768.95,8991096.44,8251227.73,9362876.22,8924110.12,8748599.23,8690012.65,8761819.28,8811517.89,8837718.19,8818870.89",1
C10073,46,男,北京,自由职业,9822908.7,3561605.68,184054.57,2169548.43,660569.57,1002786.35,6,959923.63,白金客户,6,存款|理财产品|基金|保险|信托|外汇,"8389844.43,8483331.67,9705598.28,9141932.26,9247389.04,9649769.77,10030036.58,11044912.62,11197901.45,11633362.65,11830293.38,11675380.37",1
C10074,55,女,重庆,退休,10568775.53,856193.94,1546088.66,205164.6,646084.62,860523.42,6,269923.71,钻石客户,6,存款|理财产品|基金|保险|信托|国债,"10202737.34,10551500.08,10463413.62,11115799.83,11386053.37,10751749.62,11210143.91,11398014.26,11536208.26,12301230.58,12171844.81,12351969.63",1
C10075,18,男,成都,自由职业,218240.73,60395.09,8047.89,48485.4,16469.01,0.0,24,15911.71,普通客户,5,存款|理财产品|基金|保险|国债,"195978.03,195726.77,201483.96,220324.26,192693.7,181816.26,186765.19,166267.83,177973.71,180665.72,178785.72,185949.57",0
C10076,32,男,杭州,企业主,15028243.23,4470027.28,282634.46,3153445.75,8611.01,741865.83,3,364659.34,钻石客户,7,存款|理财产品|基金|保险|信托|贵金属|外汇,"11789269.97,11956367.06,11573589.91,12401841.45,12438054.88,13170071.42,12956985.14,11964173.63,14272967.6,16008806.62,16141119.63,16714871.12",1
C10077,63,女,武汉,自由职业,447034.94,38837.38,104850.78,71989.3,3231.12,0.0,21,27004.07,银卡客户,4,存款|理财产品|基金|保险,"343694.2,346328.81,340626.99,362653.8,346689.66,344517.81,346718.3,322819.79,348308.71,332529.82,340090.94,316465.78",0
C10078,21,男,成都,白领,4232587.38,679201.48,818793.1,418106.52,452806.57,168639.21,5,260261.96,金卡客户,7,存款|理财产品|基金|保险|信托|贵金属|外汇,"3012503.76,3057420.54,3189939.62,3344364.46,3393449.55,3640193.88,3674047.05,3895480.75,4048540.49,4221586.36,4364231.08,4600209.99",0
C10079,48,男,武汉,白领,4170145.23,391754.18,21202.27,802917.9,504893.37,100256.32,7,196754.11,金卡客户,6,存款|理财产品|基金|保险|信托|贵金属,"3386052.96,3386944.23,3416554.81,3439943.86,3398192.36,3620861.92,3261122.76,3369866.54,3472957.39,3301457.42,3494661.02,3732793.38",0
C10080,45,女,北京,专业人士,3169935.85,408552.25,186233.49,111584.08,295951.7,495348.03,2,391668.8,金卡客户,5,存款|理财产品|基金|保险|信托,"2272343.42,2197247.47,1946082.23,2314172.29,2371589.93,2097970.38,2262033.65,2303639.14,2403756.88,2317167.7,2056812.16,2248092.93",0
C10081,48,男,武汉,公务员,173347.97,11330.89,8619.72,19308.43,5439.28,0.0,34,2946.41,普通客户,4,存款|理财产品|基金|保险,"163814.18,166893.39,156869.18,141325.08,152185.33,162706.35,162286.0,160265.38,166172.18,151440.6,158617.36,165008.74",0
C10082,43,女,上海,退休,530169.7,150202.47,25877.54,74897.78,61363.98,0.0,5,5972.57,银卡客户,4,存款|理财产品|基金|保险,"452619.55,457524.87,459116.58,444343.88,431770.53,442347.11,433504.42,426984.79,441738.0,423646.84,409812.43,411155.03",0
C10083,20,女,苏州,自由职业,168890.95,54998.02,12717.56,23816.75,9084.1,0.0,20,17214.78,普通客户,4,存款|理财产品|基金|保险,"108801.37,109358.53,107330.95,118758.87,116554.37,124072.22,116397.64,123083.47,124448.29,123386.34,129988.99,126928.67",0
C10084,39,男,成都,高管,69828.03,24388.18,4337.91,1242.21,722.8,0.0,7,4700.66,普通客户,4,存款|理财产品|基金|保险,"63697.71,57268.72,66598.27,66006.16,69753.23,73600.88,73205.57,75104.93,80163.47,79047.65,81864.8,90810.43",0
C10085,27,女,重庆,公务员,443343.38,132744.75,108634.13,20129.34,24668.14,0.0,2,60415.12,银卡客户,4,存款|理财产品|基金|保险,"337346.06,327630.52,334530.6,367566.14,373234.04,399606.59,393380.09,360829.65,417407.39,387163.65,407431.42,428263.57",0
C10086,74,男,苏州,白领,66237592.08,19475394.33,14194582.89,7645741.4,9150668.91,9201665.71,14,3203913.82,钻石客户,8,存款|理财产品|基金|保险|信托|贵金属|外汇|国债,"50068955.1,54593585.64,56656107.13,58214903.59,59077119.28,53492381.66,64362375.05,69296146.35,69217197.23,72057435.08,83008148.04,81675882.14",1
C10087,51,男,南京,白领,4582196.67,311974.52,693921.81,823024.32,592918.24,164276.89,7,559030.23,金卡客户,6,存款|理财产品|基金|保险|信托|国债,"4430559.62,4242473.32,4403292.08,4304168.7,4275375.93,3956248.52,4273103.64,4105589.83,3982387.43,4016548.34,3716924.73,3981438.97",0
C10088,29,女,广州,白领,312904.12,59947.61,6416.4,61310.42,13412.24,0.0,45,17692.81,银卡客户,5,存款|理财产品|基金|保险|贵金属,"258500.64,270068.81,263448.37,284356.78,301997.47,292246.55,300612.88,328028.63,331043.48,341186.62,338877.61,356007.57",0
C10089,31,女,南京,公务员,532676.65,75904.66,32812.82,64325.99,21456.25,0.0,1,26764.14,银卡客户,4,存款|理财产品|基金|保险,"321937.55,324073.78,369267.43,355898.81,283221.68,333368.19,328306.83,273346.99,319519.45,333639.23,260838.33,261854.03",0
C10090,60,女,北京,高管,6409182.58,1972665.19,1697780.59,324677.39,564891.77,898746.33,3,77905.44,白金客户,6,存款|理财产品|基金|保险|信托|外汇,"7035185.65,6595102.45,5958882.11,6441353.64,6427175.49,6651964.82,6446165.84,6601738.78,7069531.06,6575489.93,6122175.05,7630763.14",1
C10091,65,女,上海,白领,2440896.89,133787.86,181878.25,130836.03,99151.55,120853.57,13,45775.8,金卡客户,5,存款|理财产品|基金|保险|信托,"2187788.91,2164667.04,1833588.34,2065268.44,2232860.56,2084624.47,1970712.61,2195987.52,1860236.07,1762551.93,1861559.25,1934823.79",0
C10092,19,男,重庆,白领,2232647.86,726917.68,304318.0,351780.03,83182.97,315009.12,1,225285.61,金卡客户,6,存款|理财产品|基金|保险|信托|外汇,"1563123.31,1618899.63,1600912.19,1654220.09,1660063.79,1682218.76,1736706.25,1705792.92,1763152.27,1762347.73,1781906.93,1821454.83",0
C10093,50,女,南京,企业主,1397445.61,321764.62,224522.2,124682.18,74160.17,231572.28,2,168393.59,金卡客户,5,存款|理财产品|基金|保险|信托,"1010457.52,986555.68,1039077.03,1174288.77,1057930.38,1031370.15,1093661.54,1078362.19,1080539.86,1094299.96,1166625.06,1024031.86",0
C10094,52,男,南京,高管,1393263.24,150262.84,832.67,250348.37,153064.12,143487.54,5,83035.68,金卡客户,6,存款|理财产品|基金|保险|信托|贵金属,"1181671.01,1148620.88,1158718.25,1181579.8,1195888.81,1132002.39,1123882.01,1182485.18,1154798.46,1130806.36,1150710.38,1095192.84",0
C10095,45,女,成都,退休,3251363.23,295943.53,328914.32,116107.78,337527.42,134120.11,2,210884.43,金卡客户,6,存款|理财产品|基金|保险|信托|外汇,"2488628.78,2324285.72,2735099.67,2515134.06,2135031.35,2407951.54,2431828.7,2208223.49,2204769.95,2160802.93,1725068.94,1996803.53",0
C10096,41,男,重庆,自由职业,12832946.81,2736092.24,291435.17,1244237.9,1546763.41,2314483.63,5,1101664.02,钻石客户,6,存款|理财产品|基金|保险|信托|外汇,"8583858.71,7126133.57,8513839.44,7893218.33,7648146.15,8002900.68,8290782.81,8118487.36,7314371.57,9029045.79,9285053.0,9005327.12",1
C10097,27,男,北京,白领,2189310.54,160393.63,503441.84,319482.58,256792.98,329161.52,33,268016.03,金卡客户,6,存款|理财产品|基金|保险|信托|外汇,"1863083.38,1911502.36,1992006.67,2049594.02,2127958.35,2231858.83,2274578.83,2327000.42,2464136.74,2509782.85,2539671.11,2575231.35",0
C10098,30,男,广州,高管,8858364.09,1760137.41,2412589.23,1122929.74,249700.07,136368.61,2,1107794.53,白金客户,6,存款|理财产品|基金|保险|信托|国债,"8662124.96,6919902.96,8394894.91,7252115.61,7362669.3,7113429.57,8110436.63,6788491.16,8038104.85,8277477.19,7967382.27,8059007.86",1
C10099,56,男,北京,白领,764550.24,46562.78,59537.77,6436.83,100827.25,0.0,1,33697.96,银卡客户,5,存款|理财产品|基金|保险|外汇,"584505.75,569651.37,587450.17,658246.88,630949.36,692709.97,763864.39,715226.67,794747.8,826043.17,844278.71,864273.87",0
C10100,63,女,广州,白领,774346.0,101599.12,3340.86,147968.5,72448.94,0.0,10,68820.27,银卡客户,4,存款|理财产品|基金|保险,"688831.0,748148.2,689758.63,689800.43,759056.35,848634.34,867003.53,894628.63,970319.42,934633.75,1049128.43,1140283.81",0
C10101,53,女,成都,企业主,66631996.82,12033266.63,18824045.24,2787833.31,5000992.35,9206995.79,4,7169537.08,钻石客户,8,存款|理财产品|基金|保险|信托|贵金属|外汇|国债,"56418125.88,60515298.41,60678682.91,61368873.92,62766052.4,65166315.55,65937363.43,66915666.92,66470064.91,73147082.05,69318313.29,71886224.94",1
C10102,20,女,成都,退休,3028004.07,527549.86,47227.19,24030.06,192279.08,51212.86,18,404565.79,金卡客户,5,存款|理财产品|基金|保险|信托,"2936567.61,3031471.3,2741644.37,2881409.45,2964732.44,2795084.51,2864589.77,2674286.34,2714021.06,2695210.34,2581885.91,2666433.81",0
C10103,21,男,北京,高管,554878.04,91104.8,49836.38,32253.12,10793.4,0.0,4,25471.58,银卡客户,5,存款|理财产品|基金|保险|国债,"386435.09,390628.03,393201.59,421761.66,448821.76,456642.58,472938.08,480188.93,497288.39,524949.5,533050.69,569981.43",0
C10104,32,男,广州,白领,1985315.03,138858.0,249320.19,227532.7,215904.82,228028.35,22,259497.38,金卡客户,5,存款|理财产品|基金|保险|信托,"2025457.31,2057015.59,2047570.94,2234626.2,2454253.16,2520316.75,2529929.5,2709179.58,2727018.76,2748195.38,2924951.64,3228397.53",0
C10105,40,男,上海,自由职业,3122368.36,789210.02,458636.38,503283.04,107640.55,345123.04,2,193912.36,金卡客户,6,存款|理财产品|基金|保险|信托|外汇,"2128359.49,2080844.51,2122994.49,2091523.39,2104245.15,2123320.55,2079924.3,2044470.04,2068136.1,2159123.47,2100607.38,2048372.3",0
C10106,51,男,南京,高管,8054282.95,2866721.63,603271.32,530067.15,789.39,1402522.95,12,926542.21,白金客户,6,存款|理财产品|基金|保险|信托|贵金属,"5604513.93,4955871.02,4999596.65,5327243.76,5769182.91,6113341.63,5503685.25,5643558.65,5276003.64,6561933.72,5366679.0,6432978.71",1
C10107,39,男,北京,高管,6466046.61,2384108.98,989021.94,810317.92,48731.05,45147.95,1,563596.11,白金客户,6,存款|理财产品|基金|保险|信托|国债,"3970381.09,3895483.56,3949377.21,4023684.88,4255944.83,4123739.31,4372695.45,4206326.43,4353858.99,4322256.46,4498252.1,4352160.01",1
C10108,56,男,北京,企业主,8056702.34,1882508.71,1873773.17,472174.32,417035.55,48507.59,8,1133164.81,白金客户,6,存款|理财产品|基金|保险|信托|贵金属,"5970115.54,6236059.32,6566034.03,6146497.98,6397230.25,7547781.87,7848538.35,7188771.08,7405538.78,8242838.03,8260533.26,8590486.32",1
C10109,26,女,苏州,高管,5448608.76,448563.17,266095.32,810770.47,122979.68,1054933.89,6,395242.26,白金客户,6,存款|理财产品|基金|保险|信托|外汇,"4967660.91,4914581.43,5191238.49,5394241.2,5544461.56,5200560.44,5206286.09,5437861.16,6009598.06,6463572.04,6166144.59,6977612.03",1
C10110,37,男,深圳,白领,1215672.95,111795.57,268028.84,161518.84,52507.1,119821.49,16,85994.45,金卡客户,7,存款|理财产品|基金|保险|信托|贵金属|外汇,"1051845.63,1211908.21,1192075.71,1201476.43,1278518.21,1244692.45,1217768.94,1083441.21,1138108.67,1203002.2,1223419.22,1140743.03",0
C10111,80,男,苏州,高管,4946778.99,303510.64,977559.17,658282.57,76624.38,170687.5,3,442817.85,金卡客户,5,存款|理财产品|基金|保险|信托,"4184095.61,4576012.58,4738064.15,5609902.7,5091532.86,4358508.17,5046772.94,4259699.32,5257421.69,4653906.89,4789568.58,5324025.56",0
C10112,25,女,广州,高管,482662.26,102972.42,69812.09,101468.72,16017.54,0.0,24,60481.11,银卡客户,4,存款|理财产品|基金|保险,"453248.17,476043.22,527991.23,452405.99,429867.25,402206.23,426577.42,438200.3,429345.41,483458.71,435183.23,407865.04",0
C10113,34,男,成都,自由职业,1042016.19,181449.58,172140.05,105037.25,130300.58,169780.08,9,99675.46,金卡客户,6,存款|理财产品|基金|保险|信托|国债,"748519.08,789087.07,733727.88,776481.22,815161.87,793496.24,811317.68,799278.06,762970.57,851725.94,922704.13,853303.34",0
C10114,48,女,深圳,白领,5657868.79,1334990.59,1149856.72,606039.65,620806.65,932950.33,9,484548.45,白金客户,5,存款|理财产品|基金|保险|信托,"5371782.47,6339971.43,4433058.59,5680219.63,4746567.85,5314655.12,5354486.42,5943144.1,5099405.74,5841799.62,4889723.03,5830566.19",1
C10115,37,男,苏州,企业主,40246281.23,3708117.38,11331700.08,1822988.3,3759526.29,1792376.82,21,2133467.38,钻石客户,8,存款|理财产品|基金|保险|信托|贵金属|外汇|国债,"25475044.38,26768023.48,25480823.98,28238297.08,27277663.51,27309942.69,27424244.49,28514392.76,29101928.21,28347574.44,28891769.82,29635147.36",1
C10116,42,女,广州,企业主,5768124.66,1091268.88,1685100.65,784751.43,238142.09,818426.36,11,360283.27,白金客户,6,存款|理财产品|基金|保险|信托|外汇,"5344327.23,5665122.0,5704287.24,5715943.67,6124213.44,6528239.24,6561542.56,6909938.55,7072057.86,7156453.04,7600457.52,8067010.35",1
C10117,18,男,杭州,白领,766088.04,78322.78,61633.55,69153.76,46936.94,0.0,11,80559.99,银卡客户,6,存款|理财产品|基金|保险|贵金属|外汇,"692636.73,656903.18,653065.36,682875.85,638716.87,599027.32,675754.64,601067.48,658366.02,671111.35,617158.84,670671.71",0
C10118,52,男,南京,专业人士,1096000.06,85959.69,326360.91,42799.22,162496.42,214219.77,13,99618.72,金卡客户,5,存款|理财产品|基金|保险|信托,"970517.68,963739.66,875678.63,940027.94,978439.18,977537.6,994976.11,996040.65,1043910.53,969897.03,988939.3,994297.39",0
C10119,57,女,北京,企业主,3752585.88,968109.52,679011.79,640315.42,323862.71,322018.68,18,182485.16,金卡客户,5,存款|理财产品|基金|保险|信托,"2647782.44,2503530.41,2589710.42,2994334.53,2984482.93,2919789.36,2927941.73,2738550.31,2966238.97,3524248.07,3083326.77,3399807.78",0
C10120,60,女,北京,自由职业,351846.14,88633.01,59523.88,44005.27,3662.41,0.0,8,20313.56,银卡客户,5,存款|理财产品|基金|保险|国债,"300062.35,320659.37,316377.31,321509.38,327792.89,317891.03,314856.95,300016.93,302646.38,330504.44,334311.61,310062.32",0
C10121,45,女,广州,白领,226020.34,21946.96,6402.18,46985.01,31136.48,0.0,15,22821.35,普通客户,5,存款|理财产品|基金|保险|贵金属,"204225.38,206492.09,203721.9,199226.01,196780.62,195453.49,190256.54,189843.4,183119.03,187164.2,179964.9,184135.71",0
C10122,40,男,北京,高管,5272534.85,1083169.76,841293.73,1151546.03,787375.76,614476.45,4,278411.74,白金客户,5,存款|理财产品|基金|保险|信托,"4039164.67,3832501.6,3533956.61,3935765.62,3887995.51,3738864.86,3664740.9,3917181.95,3513307.07,3230323.62,3532141.22,3835440.48",1
C10123,29,女,上海,企业主,78657980.23,6301389.51,1345686.56,2074278.34,6909171.67,8563413.88,3,3360560.81,钻石客户,8,存款|理财产品|基金|保险|信托|贵金属|外汇|国债,"64456624.04,61955590.03,69234738.71,69346177.63,72712733.94,69930289.27,71930671.65,76146090.44,79438088.5,83907220.05,84293452.92,84990274.54",1
C10124,29,女,广州,白领,6940310.94,1450277.09,858404.85,1621829.06,261176.84,167188.4,11,436528.14,白金客户,6,存款|理财产品|基金|保险|信托|贵金属,"4642127.07,3973303.73,4604671.51,4642222.76,5025729.48,5168629.47,5737612.4,6107643.8,5256587.12,6550199.21,5680640.8,6186824.39",1
C10125,52,女,上海,公务员,14408437.99,2744974.9,1461380.47,456834.02,846659.52,468737.65,45,1625433.1,钻石客户,7,存款|理财产品|基金|保险|信托|贵金属|外汇,"12748506.39,12227956.79,12590298.89,13671502.21,14707281.3,14849596.92,14411286.47,15513075.82,16613170.02,17295690.39,19253570.04,17950791.61",1
C10126,52,女,北京,公务员,15084031.67,4080722.22,3749828.0,2954469.91,626898.2,2838453.26,11,1377026.25,钻石客户,5,存款|理财产品|基金|保险|信托,"13528290.91,14489307.67,15398753.8,15945073.27,16544441.94,17291047.45,18554697.29,19181875.37,19957532.13,20947866.47,22092081.97,22937035.05",1
C10127,23,男,重庆,白领,188271.88,62115.45,31329.59,38874.96,17832.89,0.0,21,22558.13,普通客户,4,存款|理财产品|基金|保险,"158025.71,164716.48,166138.46,166422.11,161889.6,172198.82,173203.4,180362.49,178700.2,186735.24,189728.0,193893.69",0
C10128,36,男,杭州,公务员,1840652.53,338633.01,463373.2,66873.99,139621.8,22839.34,8,164264.58,金卡客户,5,存款|理财产品|基金|保险|信托,"1129284.29,1127876.66,1090532.65,1089740.8,1083454.04,1060493.89,1049989.92,1038049.34,1024548.98,1013057.46,983153.14,975153.35",0
C10129,25,女,南京,自由职业,1062698.31,259464.31,24471.2,1112.5,106870.42,136412.1,2,71743.22,金卡客户,6,存款|理财产品|基金|保险|信托|国债,"781633.12,780932.13,756289.18,777462.09,738350.69,743503.04,753431.98,753291.86,715460.85,763233.7,711015.11,700054.08",0
C10130,52,女,上海,专业人士,1663208.89,321640.49,488095.59,75215.25,199375.0,111166.46,4,151302.72,金卡客户,5,存款|理财产品|基金|保险|信托,"1070439.75,1093385.99,1051911.72,1138996.02,1109551.22,1173949.77,1261211.76,1250712.9,1274463.9,1331449.18,1415983.93,1374940.69",0
C10131,29,女,杭州,高管,81610490.0,10081957.34,18173139.61,514127.62,4343700.24,12734707.31,1,7258845.76,钻石客户,8,存款|理财产品|基金|保险|信托|贵金属|外汇|国债,"70567276.29,77175076.46,77648636.5,76062123.91,86213524.31,97435115.86,82994626.21,92976045.4,98562580.47,99538496.59,101720634.8,100247861.15",1
C10132,48,女,深圳,退休,993683.24,361503.09,58516.31,5605.49,128433.29,0.0,18,92981.26,银卡客户,4,存款|理财产品|基金|保险,"963135.25,960271.16,984093.96,1000253.71,1015211.73,1105366.58,1109361.68,1143821.75,1097617.84,1148276.6,1141612.26,1178053.25",0
C10133,31,男,武汉,企业主,27028111.12,10175098.09,163286.41,1039120.77,3592730.43,2478578.13,24,2406655.7,钻石客户,7,存款|理财产品|基金|保险|信托|贵金属|外汇,"27268316.04,27631209.75,27992381.87,28949214.73,32097669.46,31357800.71,32946489.9,32650692.61,33672158.15,36228555.34,35327428.14,37194483.98",1
C10134,45,女,广州,白领,2747021.92,873691.76,569997.97,663157.86,162165.77,71816.67,24,248628.78,金卡客户,5,存款|理财产品|基金|保险|信托,"2235706.71,2105204.67,2039152.11,2172156.78,2255256.84,2412566.28,2468486.59,2696994.73,2492599.06,2450261.13,2563160.09,2780792.94",0
C10135,34,男,上海,专业人士,2873090.79,447809.16,740135.3,615725.58,329536.74,84293.68,9,306401.34,金卡客户,5,存款|理财产品|基金|保险|信托,"2261275.8,2280512.07,2455740.82,2510226.11,2665238.31,2471531.98,2746344.2,2798792.35,2790720.62,2911991.25,3057121.11,3114909.18",0
C10136,27,女,上海,企业主,10933704.6,2366234.09,2785136.08,1047987.77,275986.26,1829082.37,1,1212042.26,钻石客户,5,存款|理财产品|基金|保险|信托,"10313131.22,11312440.96,11617206.09,11922501.86,11634836.76,11929114.15,12945942.66,13795959.51,13597305.79,14902600.08,15680700.04,14804729.24",1
C10137,32,女,上海,白领,599453.98,32220.86,97877.17,146233.62,33192.02,0.0,5,35971.39,银卡客户,4,存款|理财产品|基金|保险,"565943.93,576676.49,614230.43,641673.13,564028.69,569506.66,609244.43,650178.82,657718.16,682528.8,633620.16,614833.09",0
C10138,57,男,广州,退休,951393.99,379137.22,124231.78,218985.07,49237.04,0.0,1,9544.18,银卡客户,4,存款|理财产品|基金|保险,"630878.52,630361.04,621663.28,603609.3,604123.16,578451.36,593546.16,598387.27,564471.14,566083.34,568023.89,570122.38",0
C10139,38,男,深圳,白领,8720875.06,3079449.87,25928.98,1696311.16,602700.02,1724710.96,7,677197.67,白金客户,6,存款|理财产品|基金|保险|信托|国债,"7254245.89,7182067.05,7123611.72,7961006.89,8363299.12,9564224.46,8969294.18,9575420.75,10578871.95,10318824.9,11193748.51,11262839.11",1
C10140,58,女,深圳,专业人士,1793112.59,156682.62,512867.61,26998.42,80058.07,106893.25,2,214532.65,金卡客户,7,存款|理财产品|基金|保险|信托|贵金属|国债,"1113527.74,1180394.26,1261188.39,1295928.97,1325618.0,1401549.13,1449373.77,1519455.38,1577029.5,1650490.55,1732623.21,1776375.39",0
C10141,29,男,广州,退休,2849295.22,309571.05,265248.14,358544.72,340394.14,421393.23,3,285997.47,金卡客户,7,存款|理财产品|基金|保险|信托|贵金属|国债,"2135994.34,2170081.63,2193367.12,2193935.23,2228304.19,2222071.31,2293086.64,2261835.38,2330435.0,2277851.62,2328567.59,2350844.79",0
C10142,49,女,北京,专业人士,6980309.62,1115426.21,1331100.35,621173.87,155493.5,832704.97,4,199061.82,白金客户,7,存款|理财产品|基金|保险|信托|贵金属|外汇,"6398163.71,6498246.75,6087249.3,6335133.66,6025229.3,6488494.12,6993526.17,7425947.21,6735384.49,7153173.2,7389112.21,7116080.42",1
C10143,53,男,北京,企业主,3822870.91,199234.52,554920.55,117789.78,176432.62,708041.23,5,124767.95,金卡客户,6,存款|理财产品|基金|保险|信托|外汇,"2917436.38,3284933.27,3229993.79,3314451.26,3575419.78,4024844.66,4148986.54,4208871.15,4112638.57,4498844.14,4764686.15,4943199.72",0
C10144,18,女,深圳,公务员,544964.01,94320.98,148701.35,77515.07,62303.66,0.0,4,38538.33,银卡客户,4,存款|理财产品|基金|保险,"567248.65,558816.33,570046.68,552390.34,579909.51,652982.31,581071.12,679782.46,630778.28,700205.57,625703.73,707229.81",0
C10145,33,男,上海,专业人士,1804961.72,226723.05,523766.24,322693.32,259138.76,154181.65,39,138104.93,金卡客户,5,存款|理财产品|基金|保险|信托,"1282791.94,1251296.96,1297999.39,1336952.04,1334222.31,1320963.73,1388852.47,1383813.92,1339835.72,1419685.71,1401601.95,1435660.78",0
C10146,60,女,广州,公务员,820222.52,286332.78,83663.78,178326.56,10843.48,0.0,12,29080.56,银卡客户,5,存款|理财产品|基金|保险|外汇,"674567.29,694113.12,671090.36,724523.51,749546.55,762922.21,770695.69,796206.5,812970.57,803307.19,853487.42,865410.33",0
C10147,34,男,杭州,退休,1307818.69,347903.29,380504.17,237902.4,180989.77,199367.04,2,121418.38,金卡客户,5,存款|理财产品|基金|保险|信托,"1112416.38,1007926.5,1160104.62,1119328.5,1263506.96,1140646.03,1110229.13,1190302.65,1129885.88,1288449.69,1160704.01,1287045.76",0
C10148,18,女,北京,退休,1080029.68,333980.01,157150.15,23059.45,157543.07,111893.33,1,83907.22,金卡客户,7,存款|理财产品|基金|保险|信托|外汇|国债,"1023965.91,1044190.77,1004025.53,1002937.51,980802.6,1021817.9,985430.51,974886.8,946405.67,979531.97,964656.8,1014924.5",0
C10149,72,男,广州,企业主,1646213.57,639053.53,479084.92,356022.95,148354.83,230754.92,5,82193.49,金卡客户,5,存款|理财产品|基金|保险|信托,"1528616.98,1484859.64,1530380.6,1591255.06,1448181.64,1425734.63,1493580.53,1538858.82,1438445.93,1484822.15,1548482.07,1404051.5",0
C10150,48,女,杭州,企业主,3057615.0,972998.91,372799.59,672551.27,297513.41,549911.4,2,163144.67,金卡客户,6,存款|理财产品|基金|保险|信托|贵金属,"2681236.8,2654734.9,2766187.48,2704671.31,2592569.46,2670411.45,2663955.47,2610327.19,2678272.57,2669855.3,2668363.68,2668449.44",0
C10151,67,女,北京,企业主,21634008.31,1738234.13,3494085.55,4939204.66,1259010.87,3589366.82,5,621272.29,钻石客户,5,存款|理财产品|基金|保险|信托,"17536620.36,17200932.7,20491553.5,20242423.59,20174233.76,20509588.54,19228325.29,18673757.8,18273402.3,18225097.49,21613084.68,19290591.0",1
C10152,60,男,苏州,高管,2521568.62,793455.14,297864.18,383411.68,168153.39,374387.35,5,84530.06,金卡客户,6,存款|理财产品|基金|保险|信托|国债,"2019381.78,2262320.27,2324408.49,2450215.37,2446748.45,2585917.1,2574570.52,2788563.38,2922406.58,3047095.48,3165990.13,3303456.4",0
C10153,18,女,南京,退休,2506575.37,526157.3,357268.48,241916.44,363468.27,349499.95,10,54270.44,金卡客户,6,存款|理财产品|基金|保险|信托|国债,"2132415.48,2003924.0,1997693.6,2124719.9,2133682.58,2221863.96,2131767.94,1921571.44,2147810.95,2348249.43,2208573.05,2236783.83",0
C10154,59,男,上海,高管,2192108.15,830750.96,225585.5,541518.71,159551.65,78549.34,6,239715.77,金卡客户,7,存款|理财产品|基金|保险|信托|外汇|国债,"1990496.33,1925115.44,1961960.94,2050143.97,1912945.99,1925767.03,1940999.74,1960933.06,1954507.29,1999482.71,1833509.72,1834740.64",0
C10155,37,女,重庆,专业人士,4949180.79,1913949.54,755679.09,560277.96,206896.28,949126.05,8,148445.74,金卡客户,5,存款|理财产品|基金|保险|信托,"3729760.13,3967255.35,4146376.31,4303332.21,4493426.0,4815055.03,5021018.15,5290010.22,5559874.95,5868613.38,6182197.65,6451998.9",0
C10156,40,男,深圳,白领,2348948.15,720201.91,701458.06,168837.22,189637.67,250549.87,2,344928.75,金卡客户,5,存款|理财产品|基金|保险|信托,"1590975.43,1678541.4,1682878.29,1562934.68,1872409.06,1716739.4,1854960.5,1690817.59,1760558.38,2043242.61,1908039.29,2114483.66",0
C10157,43,女,广州,白领,947453.5,214670.25,74142.76,2152.39,92134.76,0.0,3,77267.8,银卡客户,4,存款|理财产品|基金|保险,"906136.87,932753.93,840122.93,932062.94,855479.57,811138.18,886602.26,820636.95,858816.78,803436.34,805431.75,821864.22",0
C10158,49,女,上海,白领,226338.18,15409.12,3347.17,21857.91,12000.67,0.0,6,12426.58,普通客户,4,存款|理财产品|基金|保险,"155648.08,185050.74,185374.82,172076.57,182626.47,178881.14,186521.79,200111.07,194319.41,195578.28,189524.81,182494.5",0
C10159,41,男,苏州,企业主,2840704.52,683701.84,107074.81,205757.9,101733.49,121322.43,2,191918.59,金卡客户,5,存款|理财产品|基金|保险|信托,"2044616.29,2373329.36,2328911.77,2398908.2,2602619.31,2432619.18,2934001.42,3053550.09,3067275.96,3452465.41,3259204.45,3798094.2",0
C10160,47,男,深圳,专业人士,1632631.56,477842.1,375298.96,124118.62,198763.18,95971.56,40,174706.0,金卡客户,5,存款|理财产品|基金|保险|信托,"1366138.66,1450612.79,1546731.9,1562184.53,1586058.71,1734010.85,1732418.65,1868003.57,1972741.96,2040229.57,2186089.83,2157031.17",0
C10161,43,男,杭州,专业人士,1748126.0,168955.49,486544.93,379213.15,185551.49,37135.03,1,207367.63,金卡客户,6,存款|理财产品|基金|保险|信托|国债,"1454036.36,1715257.55,1576754.41,1681007.18,1692193.9,1826830.24,1747789.16,1910370.77,1944047.39,2114643.06,2260388.22,2317972.47",0
C10162,18,男,成都,自由职业,18390412.6,6250258.58,3454021.32,346101.66,310054.16,181362.52,4,853438.83,钻石客户,6,存款|理财产品|基金|保险|信托|贵金属,"17052300.12,17409857.35,18503493.51,18325150.66,19686795.38,19984129.95,20426176.61,21319732.78,21869112.32,22765973.27,23427679.66,23814557.0",1
C10163,31,女,苏州,公务员,1753825.09,594961.68,369092.02,201402.11,14495.77,149739.74,5,132700.53,金卡客户,5,存款|理财产品|基金|保险|信托,"1381899.26,1152877.05,1529415.17,1235799.87,1474700.84,1419828.19,1194768.66,1149102.45,1294038.84,1142202.88,1228236.5,1144592.76",0
C10164,18,男,南京,白领,109129.97,14801.22,13792.97,22885.63,14358.02,0.0,10,4032.25,普通客户,5,存款|理财产品|基金|保险|贵金属,"87899.16,83823.18,90222.22,87843.21,92951.31,94015.74,99432.68,84382.88,82909.58,92701.21,85481.23,90713.07",0
C10165,49,男,广州,退休,6082407.1,1540458.4,1353367.44,1026757.21,187838.71,428786.64,29,168211.52,白金客户,6,存款|理财产品|基金|保险|信托|贵金属,"6247795.73,6305933.46,6379577.67,6567561.58,6675032.95,6807275.14,7030597.3,6885386.76,7270032.98,7405286.69,7605084.46,7713137.79",1
C10166,52,男,上海,公务员,946662.48,350447.1,60126.62,34136.65,107774.23,0.0,17,28897.85,银卡客户,5,存款|理财产品|基金|保险|国债,"826857.16,818233.52,766216.88,893325.83,898097.72,866284.35,885443.77,1005042.81,879008.94,1018082.59,1013612.16,1071240.52",0
C10167,40,男,成都,自由职业,5020689.1,1440370.51,454252.17,236352.11,228743.89,93402.3,6,151331.18,白金客户,6,存款|理财产品|基金|保险|信托|贵金属,"3207865.62,3455411.88,3315090.55,3566429.19,3369360.83,3328537.78,2835176.49,3191988.47,3010551.55,2887369.18,2985322.78,3094188.96",1
C10168,52,女,苏州,自由职业,880321.93,255590.48,64337.83,175746.55,14133.01,0.0,8,55985.55,银卡客户,4,存款|理财产品|基金|保险,"641671.35,676569.11,708846.75,698574.77,724107.51,770879.63,765034.1,869127.05,869207.12,898458.41,838471.48,910683.63",0
C10169,40,女,北京,白领,5276843.42,1012198.83,943568.62,141749.94,13386.93,959925.81,2,251959.78,白金客户,6,存款|理财产品|基金|保险|信托|国债,"3727528.29,4072381.07,3811109.07,4121136.54,3988681.61,3998783.05,4274024.26,4327172.91,4459658.72,5047390.01,4761457.58,4770933.93",1
C10170,45,男,上海,自由职业,2723570.74,918652.66,229987.0,47709.26,23133.56,65571.68,15,216643.93,金卡客户,5,存款|理财产品|基金|保险|信托,"2443191.02,2359802.6,2410410.03,2421675.33,2169963.44,2337144.34,2333115.75,2277595.97,2394189.17,2301729.31,2360227.91,2211708.67",0
C10171,59,女,成都,公务员,1068888.46,328803.33,102618.46,135226.33,26055.93,205172.23,3,138123.26,金卡客户,5,存款|理财产品|基金|保险|信托,"693465.33,707432.04,673927.3,662807.74,663139.1,632577.16,638273.65,609498.38,606289.62,584665.1,566959.99,569936.91",0
C10172,54,女,深圳,专业人士,525414.34,185709.83,105492.95,58857.64,38452.46,0.0,12,31642.53,银卡客户,4,存款|理财产品|基金|保险,"399172.26,503499.32,462169.41,487588.87,591783.41,534298.54,523307.05,595666.9,608582.49,651166.68,665105.57,762028.27",0
C10173,53,男,北京,专业人士,3409984.58,703841.17,795875.03,187950.24,84175.16,277117.33,3,476449.71,金卡客户,5,存款|理财产品|基金|保险|信托,"2240705.13,2066875.94,2436236.07,2364598.18,2716464.66,2625874.16,2962736.23,3154088.59,3271849.11,3352066.09,3455468.36,3583650.32",0
C10174,67,女,上海,高管,1316899.19,255339.57,92574.75,6469.76,173710.8,254322.16,2,14476.48,金卡客户,6,存款|理财产品|基金|保险|信托|国债,"816298.96,910979.53,915272.22,924024.61,937261.95,1070817.5,1103428.96,1141409.85,1147961.05,1260041.98,1214367.12,1324906.07",0
C10175,44,女,北京,自由职业,4286722.04,515773.98,1035396.68,911070.68,185926.07,816414.85,12,72790.34,金卡客户,6,存款|理财产品|基金|保险|信托|贵金属,"3688952.86,3531379.02,3597609.53,3621562.16,2831706.25,3945085.63,3057759.45,3219845.92,3169708.95,3667580.28,3017005.37,3436036.02",0
C10176,51,男,重庆,退休,792246.9,83202.85,228722.8,102668.36,8663.04,0.0,1,97063.78,银卡客户,4,存款|理财产品|基金|保险,"627899.29,663675.26,684969.38,680421.91,694868.67,734793.86,747223.19,780932.81,793781.43,830914.79,845335.39,897166.94",0
C10177,36,男,成都,高管,8201588.02,2897690.69,1460477.91,260626.97,525978.32,263861.97,10,886170.96,白金客户,6,存款|理财产品|基金|保险|信托|外汇,"7611014.71,8160910.73,8676952.33,8564259.28,7931133.76,9201526.71,10340542.26,10358683.88,10724326.76,11743406.7,11817134.67,11662082.2",1
C10178,22,女,深圳,专业人士,2621439.29,229080.63,187835.43,622120.74,119970.05,88530.88,1,39117.89,金卡客户,5,存款|理财产品|基金|保险|信托,"1888488.61,1757993.39,1884108.44,1973867.19,1795283.69,1947738.33,2181183.68,2321793.58,2066684.87,2268390.1,1889395.0,2302740.73",0
C10179,32,男,重庆,高管,3507216.8,567218.15,953168.59,111035.96,93916.14,345832.71,17,75304.79,金卡客户,6,存款|理财产品|基金|保险|信托|贵金属,"2749194.42,2616532.05,2982450.28,2850247.29,3208965.37,3352897.06,3178329.54,3584945.45,3673272.92,3803081.32,4244407.28,4172207.85",0
C10180,32,男,北京,公务员,2239382.76,843390.78,428216.44,448898.77,156658.68,161981.76,4,182994.47,金卡客户,5,存款|理财产品|基金|保险|信托,"1875037.83,1879090.93,1940399.69,1957359.63,2006077.46,2008561.49,2050296.45,2073686.31,2127733.16,2119025.33,2215027.19,2248904.05",0
C10181,47,女,杭州,退休,549143.92,65453.35,52522.98,81478.74,17307.73,0.0,9,14435.04,银卡客户,5,存款|理财产品|基金|保险|外汇,"506945.06,495161.54,515210.42,509767.21,505884.82,508440.53,500442.3,499287.13,501668.83,511135.48,508614.07,502911.05",0
C10182,56,女,北京,自由职业,2081445.03,292432.71,210566.78,209320.73,15993.08,206693.91,5,123012.09,金卡客户,6,存款|理财产品|基金|保险|信托|国债,"1523102.96,1584215.11,1602889.77,1566931.58,1555611.51,1610880.3,1585773.4,1605435.93,1674400.63,1668465.51,1657118.47,1621480.46",0
C10183,48,男,重庆,退休,7173592.6,2603229.11,1979465.16,170102.37,585500.74,1062422.72,10,831919.8,白金客户,6,存款|理财产品|基金|保险|信托|外汇,"6234630.82,6008977.0,6179902.22,6040395.94,6602168.69,6179777.11,6117079.0,5900506.54,5592967.27,5538311.92,5484657.47,5508005.08",1
C10184,50,男,广州,退休,2500020.23,431259.5,696285.05,41016.64,206031.1,295435.52,2,152599.48,金卡客户,6,存款|理财产品|基金|保险|信托|外汇,"2159996.46,2171888.39,2030755.83,2251821.53,2483027.75,2424007.44,2573652.98,2555786.81,2554413.17,2755954.28,2901853.27,2878063.03",0
C10185,41,女,广州,白领,964148.76,310714.57,110596.54,106810.17,54405.54,0.0,1,59225.41,银卡客户,4,存款|理财产品|基金|保险,"787134.33,798396.27,836046.18,882364.9,863316.01,893260.62,920069.09,994305.66,918454.15,1007175.9,1015925.18,1058731.42",0
C10186,35,男,南京,退休,2014780.33,459464.8,146952.76,375127.28,50843.96,76535.36,1,89949.5,金卡客户,5,存款|理财产品|基金|保险|信托,"1530630.16,1525075.07,1512674.99,1452487.27,1456510.47,1469339.17,1418356.69,1393423.28,1393052.94,1380424.44,1327460.8,1289114.98",0
C10187,47,男,上海,公务员,37583310.19,6572181.11,1852148.18,4732860.94,4680265.88,4991155.51,2,2156210.93,钻石客户,6,存款|理财产品|基金|保险|信托|国债,"24267795.9,27644882.56,28077477.42,24348477.28,28792000.78,27678228.61,28723974.73,26169875.73,29481934.44,29420703.15,32979422.41,34371735.51",1
C10188,18,男,重庆,白领,1544814.83,554363.63,94316.09,337295.3,13848.25,274544.27,2,126199.63,金卡客户,6,存款|理财产品|基金|保险|信托|外汇,"1417087.55,1401123.27,1435194.12,1495173.77,1509603.88,1523982.22,1525099.32,1512611.1,1546737.25,1545355.04,1515972.08,1557869.48",0
C10189,58,女,南京,自由职业,2705085.92,868679.96,456194.96,373777.88,46558.03,68242.64,20,227591.61,金卡客户,6,存款|理财产品|基金|保险|信托|外汇,"1656856.82,1734117.18,1737537.46,1711859.17,1662524.81,1789946.13,1775619.68,2061594.76,1959320.48,1983702.35,2125060.31,2010383.28",0
C10190,33,女,武汉,白领,2252495.16,762162.67,437560.56,545635.64,241228.02,416557.81,2,189085.44,金卡客户,6,存款|理财产品|基金|保险|信托|贵金属,"1914519.46,1904693.31,1838779.81,1748078.84,1683211.44,1768764.02,1771467.1,1635374.12,1561499.23,1590117.68,1531484.9,1514080.42",0
C10191,54,男,深圳,企业主,8483311.55,2452622.48,133186.78,1660287.18,1075909.74,1355772.56,8,688735.17,白金客户,6,存款|理财产品|基金|保险|信托|贵金属,"8555296.72,8206177.87,8173222.31,8420018.84,8157333.28,8302122.27,8141964.19,7640612.77,7802088.33,7968027.62,7417087.18,7703710.17",1
C10192,44,男,杭州,退休,289870.88,29147.32,38442.64,24211.8,22689.54,0.0,6,33781.8,普通客户,5,存款|理财产品|基金|保险|国债,"261568.05,266754.1,282653.41,291909.16,315814.34,338328.73,337137.37,345824.11,384797.77,405716.25,399341.72,435921.12",0
C10193,48,男,广州,退休,1582574.02,449773.79,194800.8,186229.79,11667.14,60474.0,9,190972.22,金卡客户,5,存款|理财产品|基金|保险|信托,"1476077.33,1516641.08,1595113.08,1673543.44,1796511.36,1784095.52,1855198.11,1841579.7,1879493.56,1989020.97,2055379.37,2070527.69",0
C10194,42,女,武汉,高管,5854647.74,501430.34,1279522.61,292249.0,326049.07,587454.38,4,391624.98,白金客户,5,存款|理财产品|基金|保险|信托,"3991520.66,4471900.09,4322146.53,4118098.34,4460456.37,4754976.18,5329357.14,4713020.42,5492522.05,5448983.97,5797306.96,5786932.9",1
C10195,32,女,武汉,公务员,1426143.76,276257.66,384458.51,319547.73,146688.75,245005.95,12,31985.92,金卡客户,6,存款|理财产品|基金|保险|信托|国债,"969916.84,990450.86,1027443.27,972819.76,975448.32,1018522.74,1061267.15,1066257.75,1047210.5,1110044.32,1069998.48,1110748.39",0
C10196,39,女,上海,企业主,1348292.71,472658.49,256357.61,85347.32,112305.2,142266.35,2,176648.48,金卡客户,6,存款|理财产品|基金|保险|信托|国债,"1043869.13,1047481.33,966926.7,1037458.18,1094609.62,1073421.01,1097685.11,1097457.95,1022451.18,1081763.79,973897.94,1029148.83",0
C10197,65,男,深圳,白领,1745138.87,491279.58,472901.37,42994.49,60751.4,247425.79,15,218708.18,金卡客户,6,存款|理财产品|基金|保险|信托|国债,"1341483.2,1398178.63,1309198.38,1344867.72,1304985.86,1316150.67,1259680.86,1307591.92,1303627.48,1328746.46,1310689.31,1247250.34",0
C10198,61,男,苏州,白领,2041550.44,155007.2,608075.06,208184.16,88012.02,227787.7,4,20823.75,金卡客户,5,存款|理财产品|基金|保险|信托,"2025485.0,2023100.12,2023031.2,2096532.17,2001099.5,2068023.78,2023400.4,1996996.05,2022217.91,2062711.93,2097852.68,2027445.04",0
C10199,26,男,南京,公务员,1140632.72,257893.34,108110.02,207948.82,149664.77,214146.79,1,139970.55,金卡客户,5,存款|理财产品|基金|保险|信托,"774998.95,822070.8,834670.8,845515.79,850783.15,831282.96,857564.6,829755.27,912376.3,875150.42,877215.72,939268.62",0
C10200,26,女,北京,企业主,1106735.53,240162.97,43455.24,65177.3,154805.29,190248.5,6,91687.85,金卡客户,5,存款|理财产品|基金|保险|信托,"1070419.5,993580.82,1053475.75,1025720.63,998594.54,1026305.47,947073.34,945609.93,917917.68,949627.66,965615.29,958158.94",0
C10201,47,男,广州,退休,4228549.72,1149579.07,91218.34,960943.83,607494.59,65722.17,5,357441.14,金卡客户,6,存款|理财产品|基金|保险|信托|国债,"3547957.87,3565373.77,3997921.82,3969989.99,4012667.43,4378417.04,4724930.14,4742450.44,5217415.36,5194380.5,5466213.58,5662732.61",0
C10202,55,女,上海,专业人士,2399039.08,245397.19,367042.24,276238.88,324143.82,446223.85,6,325005.2,金卡客户,6,存款|理财产品|基金|保险|信托|外汇,"1737797.69,1841668.17,1814478.11,1852972.74,1788322.0,1805781.04,1853551.98,1809263.98,1784466.95,1753506.88,1745146.05,1728586.31",0
C10203,36,男,苏州,退休,4901818.66,328237.94,309220.71,693470.83,452599.1,38780.74,6,325605.39,金卡客户,5,存款|理财产品|基金|保险|信托,"3287748.69,3483304.8,3472484.31,3653553.07,3517702.76,3252866.31,3346452.15,3364400.9,3215287.96,3076330.56,3041648.37,3130399.19",0
C10204,51,男,武汉,公务员,1767973.72,364857.19,3763.94,362168.63,95424.15,191211.88,24,254300.4,金卡客户,5,存款|理财产品|基金|保险|信托,"1544469.69,1504458.02,1546693.23,1508020.41,1579638.86,1533788.12,1486375.0,1520461.97,1506848.61,1464118.03,1573796.67,1549528.48",0
C10205,52,女,北京,高管,16803654.08,5795363.15,1528501.68,1804073.48,1186436.99,528883.53,7,241124.68,钻石客户,7,存款|理财产品|基金|保险|信托|外汇|国债,"10985858.03,11260793.26,12265489.08,11327150.76,12962934.52,13599638.54,13191824.82,13673678.51,14732806.03,15459219.51,16932542.26,16939781.45",1
C10206,32,男,重庆,高管,1588000.63,277489.86,356181.47,218624.23,194560.26,304766.59,11,125559.75,金卡客户,6,存款|理财产品|基金|保险|信托|贵金属,"1090319.47,1130492.37,1158623.92,1174131.72,1159812.04,1185649.23,1176595.52,1325700.9,1310183.67,1314579.04,1407162.32,1371379.32",0
C10207,51,女,广州,白领,8909454.5,2089617.24,2485391.63,1077591.61,655445.09,213375.71,7,1090266.65,白金客户,6,存款|理财产品|基金|保险|信托|贵金属,"8484050.26,9018972.39,8781413.68,9189773.36,8684959.49,9441698.62,9362236.66,9197551.07,10906293.59,9540072.04,10250680.27,10014194.75",1
C10208,49,女,杭州,白领,537756.7,90054.48,123432.36,58180.85,39056.02,0.0,24,28704.7,银卡客户,6,存款|理财产品|基金|保险|贵金属|外汇,"496286.46,484800.34,465787.24,431634.73,461663.15,453357.67,435049.48,462192.53,420501.1,423116.69,433829.31,417758.91",0
C10209,24,女,武汉,企业主,10014388.83,930021.23,1604413.59,2201820.34,615920.64,965376.9,43,198930.78,钻石客户,7,存款|理财产品|基金|保险|信托|贵金属|外汇,"7120512.21,6719739.65,7566274.19,7568837.02,8103371.06,8041962.71,7825631.33,7585508.74,7955458.33,7923504.1,8454390.96,8501538.51",1
C10210,40,女,武汉,企业主,1161223.86,419872.11,94180.57,238852.21,90283.52,107252.14,15,130271.29,金卡客户,5,存款|理财产品|基金|保险|信托,"901410.81,889018.63,972408.32,969770.14,844717.34,925930.3,993188.72,886850.49,917509.33,903303.93,869967.86,805764.38",0
C10211,54,男,上海,公务员,5860310.96,760874.25,1621354.63,868158.45,333971.17,588299.72,15,555029.91,白金客户,5,存款|理财产品|基金|保险|信托,"3997465.79,3980785.35,4045879.54,4316503.75,4352864.19,4719078.73,4777580.63,4782639.4,5487196.41,5350806.98,5406565.33,5821965.2",1
C10212,46,男,成都,退休,298194.29,89501.77,83885.45,68007.28,42317.15,0.0,4,15601.15,普通客户,4,存款|理财产品|基金|保险,"189173.0,200740.44,208588.86,220424.44,225573.36,238218.77,236110.38,271069.86,278145.3,282762.19,316471.76,316671.42",0
C10213,29,男,北京,白领,1351386.83,451829.13,345980.33,308906.91,53775.42,244318.05,8,74181.39,金卡客户,7,存款|理财产品|基金|保险|信托|外汇|国债,"1219264.02,1178905.78,1216324.72,1160042.16,1208606.49,1231321.09,1285935.81,1307957.93,1309309.07,1312930.62,1327781.69,1379405.27",0
C10214,48,女,杭州,企业主,2823497.21,756393.13,176037.01,355810.12,230770.79,160096.35,5,70187.07,金卡客户,6,存款|理财产品|基金|保险|信托|外汇,"1886577.4,1839578.83,1948958.69,1843511.08,1947152.64,2073439.42,1992605.14,1939710.33,2112641.9,2086127.77,2142772.87,2137048.12",0
C10215,74,女,上海,退休,15294147.18,1128762.83,889151.84,820396.48,1693407.94,578543.01,6,1380890.91,钻石客户,6,存款|理财产品|基金|保险|信托|贵金属,"12497448.66,13089620.21,12418859.91,12714542.55,12545470.23,13271754.13,12128636.07,12787905.01,12286940.31,12059645.59,13033230.0,13042069.13",1
C10216,40,男,杭州,高管,5300819.01,2092366.78,1504014.18,261205.86,696021.32,746878.65,50,683508.94,白金客户,5,存款|理财产品|基金|保险|信托,"3708274.12,4733957.1,4813439.58,4390104.07,4019209.27,3476929.95,4452874.38,3941447.47,4232177.04,3744632.57,4033708.76,4102137.28",1
C10217,49,女,广州,企业主,35597817.03,11875100.55,5730303.67,2475981.13,328966.47,1156917.77,2,4816553.39,钻石客户,8,存款|理财产品|基金|保险|信托|贵金属|外汇|国债,"29725149.06,31111751.74,32885272.42,31678246.41,31987771.38,31912054.43,36003651.42,35195580.15,40065195.64,36111980.33,36947678.78,38136820.22",1
C10218,48,男,南京,专业人士,1401490.02,274020.98,197264.27,128834.95,21152.68,86789.18,25,70174.57,金卡客户,5,存款|理财产品|基金|保险|信托,"879764.17,874488.3,908826.53,975202.48,990600.91,1023976.56,1123686.84,1155008.71,1231005.59,1261277.44,1271152.46,1355502.85",0
C10219,29,男,上海,退休,268961.6,34648.3,20744.69,32238.74,14817.54,0.0,39,37098.96,普通客户,4,存款|理财产品|基金|保险,"265004.8,250702.6,231122.35,275323.2,305945.62,284718.08,265970.63,290961.64,305169.67,300851.8,289385.31,330505.2",0
C10220,33,女,成都,白领,17419353.03,1537685.83,2076167.19,1466917.26,1488002.21,3000008.08,4,1805088.39,钻石客户,6,存款|理财产品|基金|保险|信托|国债,"11776856.41,10054117.74,11045743.4,12596952.47,12387071.66,13497665.55,13061025.84,12116070.69,12509631.51,13538492.34,11701003.49,15413637.18",1
C10221,51,男,成都,退休,30783291.49,4334509.39,781730.18,917893.66,1037007.74,3079547.77,14,3929856.1,钻石客户,7,存款|理财产品|基金|保险|信托|贵金属|国债,"23526420.62,23273598.47,24194790.09,23698404.92,24310880.15,24416958.21,25489500.28,24185917.37,26122245.94,24770319.02,24550213.3,25358512.56",1
C10222,80,女,南京,白领,4644074.81,416506.09,1003978.79,580863.64,622839.77,854389.89,6,399028.18,金卡客户,7,存款|理财产品|基金|保险|信托|贵金属|国债,"3029279.91,3208278.64,3319466.84,3110000.26,3665712.7,3803663.65,3577266.73,3872382.11,3544581.22,3577582.3,3810418.06,3962255.2",0
C10223,39,女,重庆,企业主,12265722.98,3104209.0,3326592.81,981813.38,1233172.44,460954.67,2,1195556.65,钻石客户,8,存款|理财产品|基金|保险|信托|贵金属|外汇|国债,"8136877.47,8098439.16,9317779.88,9088735.49,9734381.52,10312380.87,10674311.25,11410607.8,11696545.12,11777286.03,13243410.88,13167545.38",1
C10224,42,女,武汉,公务员,7415735.13,1936454.21,724327.03,1823524.26,742334.92,65031.33,21,132642.72,白金客户,6,存款|理财产品|基金|保险|信托|贵金属,"5563070.54,5759019.21,5974057.5,5645563.77,5585865.03,5614939.39,5713178.15,5757886.55,5766019.92,5769173.52,5777560.8,5613940.36",1
C10225,75,女,北京,退休,1589974.7,278451.74,132330.45,255509.75,165230.46,276963.29,34,92102.1,金卡客户,5,存款|理财产品|基金|保险|信托,"1292877.54,1357610.97,1308113.83,1508877.34,1387192.21,1380046.83,1366122.92,1514949.2,1523416.84,1458447.47,1552517.13,1441449.79",0
C10226,47,男,南京,专业人士,4209584.29,618979.15,1258686.68,790128.69,407100.46,299124.34,34,358795.86,金卡客户,6,存款|理财产品|基金|保险|信托|外汇,"2939049.04,2952043.74,3025503.11,3026785.61,3072860.43,3111672.15,3139919.45,3195486.03,3194889.36,3309024.61,3385078.27,3341211.67",0
C10227,48,男,南京,企业主,1646573.94,255928.56,228902.27,246751.68,42302.15,244232.3,10,86230.5,金卡客户,6,存款|理财产品|基金|保险|信托|外汇,"1047595.25,1108716.73,1106975.36,1068037.93,1108971.97,1103205.64,1164648.38,1185167.65,1116945.66,1194694.8,1157823.43,1186077.75",0
C10228,45,女,上海,专业人士,21259368.3,3549790.85,164180.21,1812615.58,2561662.17,3815199.84,1,304337.35,钻石客户,6,存款|理财产品|基金|保险|信托|外汇,"18380977.07,17062785.5,16579441.69,15249283.65,17509137.41,19642116.88,16202561.04,16410578.56,16355560.45,18439990.22,18160087.55,17462332.95",1
C10229,31,男,杭州,专业人士,196475.36,36033.86,24275.65,35737.85,13310.39,0.0,17,25530.44,普通客户,4,存款|理财产品|基金|保险,"127003.2,123322.32,123097.6,117217.42,130159.03,125939.84,125640.73,118721.32,111053.76,128315.54,117774.98,113713.27",0
C10230,51,女,深圳,企业主,15501508.69,2420201.59,3245971.61,3062555.19,687692.27,1536676.71,1,657090.66,钻石客户,8,存款|理财产品|基金|保险|信托|贵金属|外汇|国债,"9630716.72,10012152.8,9503003.5,11230711.02,10797584.35,8889478.69,10262304.71,8956261.53,9078590.73,8795040.17,8285536.76,9050857.5",1
C10231,46,男,重庆,高管,741958.39,76179.41,112088.41,148696.36,49139.98,0.0,2,58381.66,银卡客户,4,存款|理财产品|基金|保险,"502602.87,520525.02,554334.17,623852.81,642279.59,640068.39,694307.41,633233.22,745481.61,725658.77,833188.57,791762.86",0
C10232,32,男,苏州,专业人士,4015953.57,1400247.65,1040322.47,775603.72,101704.19,660063.3,12,229745.82,金卡客户,6,存款|理财产品|基金|保险|信托|外汇,"3553591.48,3568447.81,3189339.17,3256324.16,3371281.55,3642259.25,3566738.25,3449573.8,3535039.93,3421306.52,3546663.49,3555224.41",0
C10233,59,女,重庆,高管,2240868.71,581297.31,20820.32,154001.27,11025.03,188383.28,5,303220.92,金卡客户,6,存款|理财产品|基金|保险|信托|国债,"2161556.9,2199597.52,2267824.36,2308191.31,2272477.13,2308596.22,2327309.48,2443479.85,2515986.73,2476564.76,2520055.25,2637379.8",0
C10234,52,女,上海,专业人士,4263898.12,683052.62,149412.24,291181.2,134005.29,388295.08,19,99799.04,金卡客户,5,存款|理财产品|基金|保险|信托,"4102753.3,4308291.82,3656228.74,3981408.22,3573221.99,3776355.26,4151351.28,3611268.9,4284636.79,3779278.47,3992815.11,3856270.48",0
C10235,51,男,上海,公务员,1351430.12,315630.18,326815.03,119425.03,130185.22,66390.78,13,34190.0,金卡客户,6,存款|理财产品|基金|保险|信托|外汇,"1181029.93,1267216.91,1269671.59,1273001.83,1298060.56,1307934.68,1262949.48,1438060.5,1200770.61,1250974.66,1604754.96,1230722.22",0
C10236,24,女,上海,自由职业,3829437.73,211383.6,552732.26,319152.84,257983.52,437064.89,1,431122.99,金卡客户,5,存款|理财产品|基金|保险|信托,"3057500.36,3069573.37,3351041.54,3396200.77,3457572.25,3620985.35,3581107.4,3782274.62,3831085.63,4138027.66,3815705.0,4063088.64",0
C10237,51,女,北京,高管,80881077.89,32020150.68,9435218.45,958756.94,9719942.21,9776592.8,1,3056981.24,钻石客户,8,存款|理财产品|基金|保险|信托|贵金属|外汇|国债,"59785775.0,73516182.14,69788770.56,60284489.16,61667367.44,62481542.41,55952757.98,66630273.03,60957961.13,66991138.18,59053376.58,70337756.3",1
C10238,56,女,苏州,专业人士,1099376.58,317182.47,20954.91,108906.26,158939.78,118508.59,3,119275.73,金卡客户,5,存款|理财产品|基金|保险|信托,"651237.97,613549.37,630108.78,736862.13,679634.37,646171.44,699878.29,634719.24,750991.63,744463.74,654616.5,647390.14",0
C10239,18,男,广州,企业主,1336570.59,448568.76,321803.73,162524.19,59835.06,170571.19,46,67284.7,金卡客户,6,存款|理财产品|基金|保险|信托|国债,"839084.4,827817.96,779868.13,809567.14,783128.23,789688.16,738085.0,731756.78,701589.64,696238.45,679161.35,703943.32",0
C10240,34,男,深圳,自由职业,2444903.92,445065.9,487079.23,155915.94,46587.73,28623.27,3,84010.47,金卡客户,6,存款|理财产品|基金|保险|信托|外汇,"1794188.1,1763332.99,1801375.22,1980279.14,1989356.05,1958756.15,2083652.86,1859007.61,2146499.55,2131744.89,2052349.19,2045761.43",0
C10241,46,男,武汉,退休,2760376.28,816956.56,656447.9,434150.31,63209.1,392069.09,2,289364.33,金卡客户,6,存款|理财产品|基金|保险|信托|贵金属,"2526428.59,2351944.04,2528152.42,2420985.46,2198540.6,2512859.19,2517051.48,2423421.03,2209903.82,2254732.51,2299107.41,2183529.03",0
C10242,70,男,深圳,专业人士,1886149.89,111766.48,189873.35,460230.08,247148.51,124251.28,22,135384.83,金卡客户,7,存款|理财产品|基金|保险|信托|贵金属|外汇,"1870984.52,1932330.67,1952471.81,2037480.3,2115005.47,2138208.89,2207479.34,2281981.09,2348572.53,2424246.28,2439927.26,2523866.27",0
C10243,37,男,深圳,退休,268590.69,16171.77,48757.4,26573.34,12033.08,0.0,6,35285.23,普通客户,4,存款|理财产品|基金|保险,"172160.17,179842.69,184837.69,191284.93,203361.73,200854.29,212899.33,215709.11,225864.78,224661.76,235586.91,239038.02",0
C10244,18,女,重庆,退休,428927.91,48438.5,60190.37,103808.33,48446.52,0.0,50,54132.66,银卡客户,5,存款|理财产品|基金|保险|贵金属,"287142.37,286208.1,292886.02,296385.98,290249.38,291276.95,290731.54,304811.3,271689.6,294375.19,311082.18,302839.98",0
C10245,64,男,上海,公务员,9254287.9,2343722.44,1077568.58,395066.21,314882.38,1065170.42,3,641150.32,白金客户,6,存款|理财产品|基金|保险|信托|外汇,"8395302.52,8764120.69,8370193.51,8736373.74,8904535.23,8996306.79,8133162.01,9440055.94,8870685.84,8556564.1,8961920.52,9438703.21",1
C10246,23,男,上海,退休,1210496.64,221503.92,162866.96,296767.84,63600.53,109473.19,10,141021.25,金卡客户,6,存款|理财产品|基金|保险|信托|贵金属,"860014.21,809366.74,799289.52,785049.17,768887.65,748709.71,747036.59,725547.94,691025.56,703354.04,687446.45,650808.43",0
C10247,36,男,成都,公务员,4206504.76,1042267.97,1083602.43,123540.73,495736.55,566630.31,2,109796.22,金卡客户,5,存款|理财产品|基金|保险|信托,"2750881.91,2861579.05,2986551.91,2910592.73,3136611.02,2850368.27,3130185.4,3189552.24,3238198.47,3427718.63,3574909.86,3695457.67",0
C10248,48,女,苏州,企业主,2074875.33,777511.84,580218.5,373781.75,238329.51,37963.15,1,73389.43,金卡客户,6,存款|理财产品|基金|保险|信托|外汇,"2036816.06,2012308.25,2018452.26,1899819.91,1820939.92,1675374.56,1830079.37,2002030.47,1801807.14,1862284.79,1960829.04,1956253.14",0
C10249,28,女,南京,专业人士,1439925.42,498455.89,195393.62,152772.13,33859.04,122798.58,16,122736.9,金卡客户,6,存款|理财产品|基金|保险|信托|贵金属,"1259393.78,1254654.41,1337244.08,1485077.03,1306256.39,1379718.48,1444585.96,1579665.59,1544108.85,1651691.92,1694551.82,1692769.85",0
C10250,29,男,武汉,专业人士,11642457.96,2163663.61,334220.45,2662002.71,158982.97,1509349.62,1,1224056.1,钻石客户,6,存款|理财产品|基金|保险|信托|贵金属,"9595475.56,11395900.25,10930372.81,12899912.82,9685382.34,9061743.89,10018019.66,9007114.45,8984140.27,9289981.93,9271176.59,9164949.51",1
C10251,52,男,北京,专业人士,4144984.2,528628.5,576419.54,487371.44,543143.38,632358.0,9,339187.42,金卡客户,6,存款|理财产品|基金|保险|信托|国债,"3488783.21,3774646.23,3492093.58,3164956.82,3555282.15,4256999.89,4213681.23,4333835.61,4403132.25,4396741.37,5157283.11,4879611.33",0
C10252,55,女,深圳,自由职业,536932.57,213488.31,17089.28,31283.46,76543.48,0.0,24,6902.93,银卡客户,4,存款|理财产品|基金|保险,"383231.89,358279.2,389559.17,427989.97,440012.0,489189.96,432374.56,490547.17,486163.29,455492.11,493220.72,525156.84",0
C10253,19,男,深圳,企业主,955234.4,185760.05,65274.51,139430.38,53225.18,0.0,14,69586.57,银卡客户,5,存款|理财产品|基金|保险|国债,"909460.66,899760.76,998872.91,1002905.15,917162.12,977333.41,994044.27,956484.27,934881.85,997522.24,1002189.17,1003346.16",0
C10254,51,男,北京,企业主,2768421.61,309144.22,503478.98,233185.48,243130.79,174772.46,6,100571.77,金卡客户,5,存款|理财产品|基金|保险|信托,"1663832.16,1709832.12,1771324.58,1979760.82,1699286.76,1717323.74,1779040.37,1878221.65,1754590.81,1939095.41,2117360.21,2014186.62",0
C10255,40,女,上海,白领,7122297.66,2463096.69,1122684.93,1231277.08,943721.93,706128.82,6,383572.08,白金客户,6,存款|理财产品|基金|保险|信托|外汇,"6584208.21,6638658.64,6945318.63,7236815.38,7384436.61,8058219.09,7514091.88,8101495.9,8572649.73,8902762.68,9556612.55,9798883.43",1
C10256,20,男,杭州,退休,160684.63,16444.83,5005.62,4964.05,2435.05,0.0,2,7262.98,普通客户,4,存款|理财产品|基金|保险,"112460.99,110454.82,111859.68,112963.96,118143.64,114435.71,114831.74,112794.44,111168.12,112742.12,112576.49,115940.13",0
C10257,20,男,苏州,企业主,1193263.62,417953.97,110565.74,196547.05,101387.5,112585.93,23,94762.7,金卡客户,6,存款|理财产品|基金|保险|信托|外汇,"1132271.51,1164191.0,1083875.6,1083435.27,1047774.9,1055618.87,1074400.8,1018574.73,1002411.54,950939.99,967129.38,984217.63",0
C10258,41,男,重庆,专业人士,1575355.27,439709.09,335226.6,230861.37,84417.45,181812.8,3,234716.21,金卡客户,7,存款|理财产品|基金|保险|信托|贵金属|外汇,"1126337.96,1109447.39,1169035.47,1187147.45,1190040.19,1291426.21,1388482.83,1454472.66,1392665.84,1466350.16,1469529.03,1516815.83",0
C10259,39,男,南京,自由职业,911489.96,59892.51,251602.35,107167.57,3964.54,0.0,50,97142.0,银卡客户,5,存款|理财产品|基金|保险|外汇,"611611.98,582675.72,603488.36,636286.67,665564.03,570791.35,602954.53,696112.11,660918.27,662381.55,658388.26,693814.21",0
C10260,23,男,广州,白领,19504769.36,5683602.75,4241531.64,3404152.4,909818.56,388784.36,15,2872387.64,钻石客户,8,存款|理财产品|基金|保险|信托|贵金属|外汇|国债,"14101323.0,14472338.58,14918915.2,15119415.18,15434491.5,15862438.89,16364166.57,16702036.91,17012231.94,17253113.83,17866453.28,17866127.56",1
C10261,49,男,北京,公务员,11675189.09,2397199.48,1999445.1,1538413.22,66903.71,1436550.05,7,1470210.56,钻石客户,6,存款|理财产品|基金|保险|信托|贵金属,"6938541.1,7358677.62,7902342.39,6909958.49,8405469.28,8088134.0,6297089.24,6605059.86,5696781.55,6534512.73,7401134.3,6601361.12",1
C10262,51,男,重庆,企业主,949152.15,160142.09,91882.78,153028.56,121228.24,0.0,21,44651.53,银卡客户,5,存款|理财产品|基金|保险|国债,"793930.76,820942.2,887129.78,781767.9,893108.85,883850.71,880884.91,859084.98,985758.79,1021627.87,1066324.73,1086309.74",0
C10263,33,女,成都,退休,4058528.39,1364861.47,715552.41,255871.93,124018.92,276292.31,6,311368.32,金卡客户,6,存款|理财产品|基金|保险|信托|国债,"4038404.23,4234146.77,3778536.58,4381568.96,3383832.18,4138709.93,3935496.87,3165431.73,4459245.66,3574311.76,3283330.13,3078891.82",0
C10264,41,男,武汉,企业主,4926291.43,716259.19,1288046.41,597303.33,225803.8,510008.05,22,128254.03,金卡客户,5,存款|理财产品|基金|保险|信托,"3756204.05,4900826.44,4294391.68,4177032.37,4655901.29,4346060.34,4249835.18,4382671.82,4536362.64,4973957.99,4024006.07,4631615.25",0
C10265,54,女,杭州,企业主,17780360.56,6235494.68,1218073.55,978408.04,536539.18,3280472.6,1,2300303.24,钻石客户,7,存款|理财产品|基金|保险|信托|外汇|国债,"14166851.89,14240441.2,14281067.67,12195830.87,14710362.47,13345881.1,14217065.21,14220423.09,13164305.86,14107204.34,13413528.27,12314465.58",1
C10266,62,男,北京,专业人士,625810.25,245924.69,42407.67,95773.79,40643.85,0.0,7,67777.13,银卡客户,4,存款|理财产品|基金|保险,"385757.97,435075.34,439291.08,471050.75,460563.16,490150.71,508270.43,546948.97,561907.46,603512.53,606474.02,648825.82",0
C10267,55,男,深圳,专业人士,47026711.34,18580114.93,13229994.97,10136054.58,6271932.76,4400281.7,4,4798709.36,钻石客户,8,存款|理财产品|基金|保险|信托|贵金属|外汇|国债,"36341673.11,40432438.64,39531605.11,36899173.16,43585388.63,41576228.3,40622266.41,37642145.75,39952648.68,47519991.68,48573331.56,46004560.86",1
C10268,18,男,深圳,退休,430406.82,103389.94,64193.52,14503.18,32027.14,0.0,6,60502.46,银卡客户,4,存款|理财产品|基金|保险,"413391.64,435656.82,432383.85,454605.18,464808.15,454111.88,459479.41,465436.04,479257.94,511402.54,519776.3,525724.4",0
C10269,34,女,杭州,企业主,352589.59,101069.67,74265.65,63544.86,38527.69,0.0,1,3528.5,银卡客户,4,存款|理财产品|基金|保险,"224011.5,249398.51,232412.26,253444.55,246943.71,301813.57,307239.19,291789.18,310361.29,338058.04,331042.97,338895.07",0
C10270,58,女,北京,企业主,6742656.92,1592893.97,538827.91,1516175.89,937937.03,542934.16,5,762961.0,白金客户,6,存款|理财产品|基金|保险|信托|外汇,"5433772.74,5805982.33,5599281.46,6017922.47,5765642.74,6354118.25,6542113.34,6706846.0,6747037.39,6406132.77,7059966.45,7288517.15",1
C10271,30,男,成都,高管,10850713.01,1462334.99,550319.14,2101941.54,211110.81,984710.37,3,878584.58,钻石客户,5,存款|理财产品|基金|保险|信托,"6615277.07,6559613.37,6759188.15,6333349.72,6502889.25,7035433.49,6550652.65,6986827.22,6815583.46,6390928.39,6881300.38,6736886.94",1
C10272,38,女,南京,退休,2984909.63,1006220.61,361869.41,165290.15,229251.53,327648.61,50,426300.88,金卡客户,5,存款|理财产品|基金|保险|信托,"3033626.73,2980002.39,2839960.44,2943627.83,2770316.97,2696789.34,2645253.81,2598064.73,2668004.0,2482911.73,2488630.17,2633653.28",0
C10273,30,男,杭州,企业主,2145247.65,651911.5,134932.38,474461.73,198293.04,183944.32,24,76214.05,金卡客户,5,存款|理财产品|基金|保险|信托,"1545756.81,1775721.08,1622008.39,1895594.1,1873372.64,1774875.77,2140797.51,1988032.75,2215147.37,2194234.73,2295396.15,2427072.24",0
C10274,57,男,北京,白领,1704774.14,583749.02,83185.59,364116.73,175617.6,177324.7,5,63347.96,金卡客户,5,存款|理财产品|基金|保险|信托,"1668367.2,1577620.63,1731215.58,1736362.22,1792214.34,1809294.4,2069813.34,1975691.64,2132358.48,2000664.74,2320261.39,2388873.16",0
C10275,46,女,上海,公务员,5183052.29,2070712.64,366038.42,941993.67,293903.21,8405.04,7,58544.41,白金客户,6,存款|理财产品|基金|保险|信托|国债,"4341053.58,4421226.47,4221641.92,4431760.55,4231084.61,4583370.5,4275734.32,4559155.05,4814244.7,4732214.68,4542135.73,4342480.35",1
C10276,47,男,杭州,退休,1060980.34,396301.64,174769.95,154637.48,63921.91,201390.96,3,136006.37,金卡客户,5,存款|理财产品|基金|保险|信托,"737240.23,714618.7,736196.7,761322.22,820340.91,813782.55,821933.61,862832.97,900783.5,902009.69,929624.04,1028354.19",0
C10277,32,男,上海,自由职业,894331.73,317438.71,177922.24,76400.94,91718.13,0.0,1,11407.78,银卡客户,4,存款|理财产品|基金|保险,"732879.63,930084.71,1082632.57,978656.43,1031792.01,1112369.02,1106103.66,1173237.92,1225044.5,1262182.6,1440600.45,1451933.02",0
C10278,48,男,上海,企业主,13295910.11,2997866.72,173101.5,1158332.96,357353.53,1720677.35,4,929076.32,钻石客户,6,存款|理财产品|基金|保险|信托|外汇,"9022360.69,11522211.03,10347239.38,12765304.54,12128726.19,12349988.34,12866817.52,15121588.82,15967912.13,14278286.29,13937090.67,13573768.35",1
C10279,52,男,南京,退休,360379.68,95009.73,101530.71,60520.8,4040.54,0.0,2,26846.81,银卡客户,5,存款|理财产品|基金|保险|外汇,"380059.33,337182.66,303357.36,283370.11,366510.16,344541.38,325714.69,306968.95,299981.65,280879.5,293521.7,244179.52",0
C10280,33,男,北京,公务员,1429360.04,548955.29,49602.46,338138.16,157235.65,182243.06,21,35689.38,金卡客户,5,存款|理财产品|基金|保险|信托,"1370369.07,1137699.53,1343791.15,1364677.13,1137082.39,1236293.07,1295738.32,1172381.23,1275275.22,1153840.2,1106485.33,1227513.6",0
C10281,30,女,北京,高管,4209724.91,407835.74,1191927.48,846368.25,114076.12,342307.73,1,251687.16,金卡客户,6,存款|理财产品|基金|保险|信托|国债,"3765666.56,3547067.09,3699183.39,3779938.06,3861388.69,3913400.53,3884300.55,4034631.75,4024788.49,4003020.25,4143054.66,4165996.2",0
C10282,23,女,南京,高管,4358045.82,377101.75,1284780.11,937249.84,449684.07,818223.01,3,313351.6,金卡客户,6,存款|理财产品|基金|保险|信托|贵金属,"3391792.38,3114389.0,3247257.84,3210500.91,3383662.75,3128789.01,3513422.33,3353514.77,3313617.11,3379568.7,3321607.89,3058071.48",0
C10283,45,男,广州,白领,2921876.96,749292.08,175852.91,209885.97,70955.86,145682.07,32,121211.58,金卡客户,5,存款|理财产品|基金|保险|信托,"1767768.03,2083681.14,2224586.69,2019895.96,2315287.95,2335014.73,2543718.04,2298644.9,2266763.59,2424910.68,2725895.42,2354336.03",0
C10284,18,男,北京,专业人士,1765828.92,595002.86,293449.9,198912.9,75628.26,105258.42,22,256768.92,金卡客户,5,存款|理财产品|基金|保险|信托,"1347341.36,1394227.49,1471792.95,1458911.93,1487778.97,1517613.61,1487621.24,1528480.6,1617528.15,1534130.26,1612825.44,1620248.75",0
C10285,48,女,上海,高管,3471594.88,503906.35,176744.35,623550.67,401015.57,321003.45,1,381778.87,金卡客户,6,存款|理财产品|基金|保险|信托|外汇,"3208070.57,3327433.63,3238780.51,3228445.04,3269743.18,3199471.9,3030676.06,3162825.02,3154633.31,3110222.61,3029914.95,3067667.49",0
C10286,44,女,上海,专业人士,736181.01,99347.81,219015.26,36331.22,63553.06,0.0,5,72710.91,银卡客户,4,存款|理财产品|基金|保险,"672239.33,690024.24,666828.93,707497.32,646578.66,656770.08,701998.01,708273.68,674534.39,690958.67,703092.38,691658.76",0
C10287,47,男,杭州,企业主,4287143.54,611308.94,661117.17,614293.27,595324.56,553337.86,1,291795.9,金卡客户,6,存款|理财产品|基金|保险|信托|国债,"2890354.71,2986680.38,2813687.32,3044042.26,3041650.58,3296801.89,3396953.57,3601766.83,3172366.6,3477280.92,3840232.76,3568521.11",0
C10288,57,男,深圳,白领,10022264.94,2169784.55,1613454.2,1932132.44,994106.41,820512.65,16,1238172.18,钻石客户,6,存款|理财产品|基金|保险|信托|国债,"8549898.08,8623384.07,8996761.11,8584325.18,9334359.29,8410856.01,8265780.74,8183328.76,7832550.72,7934307.54,8243692.71,7804356.12",1
C10289,33,男,上海,白领,5122237.34,1701124.61,1064869.8,6435.46,328711.99,202314.32,7,704367.6,白金客户,6,存款|理财产品|基金|保险|信托|贵金属,"3879474.6,3439456.44,3179970.74,3836199.99,3166597.08,3698969.45,3634681.52,3540749.81,3364209.45,3538270.4,3622380.77,3222466.18",1
C10290,59,男,南京,白领,7874162.34,2683694.62,98259.99,45494.29,440567.77,234316.62,16,510302.12,白金客户,7,存款|理财产品|基金|保险|信托|外汇|国债,"4860957.01,4911852.24,4556539.9,5112893.76,4850249.16,4794471.67,4778584.49,4899138.47,4777223.38,5184131.68,4825242.45,5545116.97",1
C10291,66,男,北京,公务员,1218609.75,62261.91,110958.12,33087.51,86422.59,165030.83,5,161381.39,金卡客户,6,存款|理财产品|基金|保险|信托|国债,"719006.15,730106.24,778322.21,757587.13,830885.33,775931.88,838351.39,919080.75,891883.26,919641.07,983934.3,962973.46",0
C10292,56,男,成都,退休,10494212.19,2303407.89,1731478.85,1290238.81,890102.86,1501734.26,9,304584.65,钻石客户,6,存款|理财产品|基金|保险|信托|贵金属,"6480079.79,6816447.32,6686875.28,6790688.4,6915687.91,7096096.66,6745980.81,7161102.63,7110435.22,7254900.62,7469427.87,7209889.33",1
C10293,29,男,武汉,公务员,1064976.29,358426.61,39813.35,228345.82,143373.84,201644.3,1,69913.9,金卡客户,5,存款|理财产品|基金|保险|信托,"752887.23,751359.87,760340.75,772616.16,789959.68,803140.18,817290.4,769646.41,841768.75,864961.93,868848.63,894899.22",0
C10294,49,女,北京,自由职业,6234018.83,2227049.68,1674032.72,1027435.71,322411.23,1114204.5,12,149381.65,白金客户,7,存款|理财产品|基金|保险|信托|外汇|国债,"4653977.86,5256214.57,5854099.76,5613269.8,6087558.62,5443481.15,6915930.57,6872513.82,6601505.81,6363106.85,7213145.41,6977794.6",1
C10295,51,男,成都,白领,2584527.81,937974.54,726001.17,521668.16,246406.35,156995.05,38,381508.07,金卡客户,5,存款|理财产品|基金|保险|信托,"1772042.81,1746956.12,1726952.7,1854901.24,2069128.7,2103884.4,2261276.19,2202299.74,2292162.48,2407367.71,2551206.88,2622048.7",0
C10296,49,男,成都,白领,3610252.82,485298.74,182109.55,877378.08,334430.7,708631.78,26,148614.29,金卡客户,5,存款|理财产品|基金|保险|信托,"2377806.05,2402171.38,2457405.2,2403856.08,2367540.05,2395672.6,2374610.43,2391176.8,2395072.51,2410200.33,2369266.92,2415556.58",0
C10297,58,女,上海,退休,1317414.2,72543.05,47122.03,213780.67,112078.31,145819.19,7,19049.74,金卡客户,5,存款|理财产品|基金|保险|信托,"1203450.2,1162998.41,1263323.71,1221916.24,1224687.07,1258466.87,1268473.03,1388615.13,1492442.55,1505532.04,1587627.98,1717368.12",0
C10298,37,男,苏州,企业主,77477487.51,13217401.2,11578639.86,8864041.96,6030338.58,2168114.16,1,2774189.05,钻石客户,8,存款|理财产品|基金|保险|信托|贵金属|外汇|国债,"66221295.0,59075558.59,67712975.96,77844391.91,69460361.92,81295330.38,79056405.56,81339860.01,84358329.17,87995323.48,85752747.72,91154352.25",1
C10299,50,女,南京,白领,1173961.19,272879.9,60611.56,89641.24,56607.67,37479.87,3,45462.35,金卡客户,7,存款|理财产品|基金|保险|信托|外汇|国债,"1005984.77,1015325.7,1102369.02,1156969.34,1157759.79,1299024.57,1297908.55,1394279.62,1497145.67,1559697.34,1603999.32,1668279.92",0
C10300,59,男,上海,退休,5790226.26,959500.04,1494766.86,685794.62,694461.19,672383.96,3,731874.91,白金客户,6,存款|理财产品|基金|保险|信托|国债,"4724796.29,4672526.37,4576985.21,4610881.84,4594325.42,4769483.36,4638764.32,4681414.87,4584533.09,4820698.88,4841145.76,4686331.67",1
C10301,36,男,广州,公务员,540233.87,212172.34,14364.76,124555.09,38916.02,0.0,1,52577.67,银卡客户,4,存款|理财产品|基金|保险,"407311.44,386285.59,425192.28,395461.0,425260.78,389901.34,422675.41,493459.88,420545.04,432294.62,432829.87,447201.65",0
C10302,52,男,苏州,专业人士,3439706.85,1347486.68,290235.61,819884.93,27626.69,487937.56,1,142022.76,金卡客户,6,存款|理财产品|基金|保险|信托|外汇,"2488435.31,2507134.9,2622543.93,2725893.83,2884103.98,3064852.65,3174968.15,3342792.98,3528723.41,3651371.41,3798419.92,4007011.51",0
C10303,36,男,深圳,专业人士,572676.79,169900.92,155495.17,62222.43,41927.87,0.0,9,80082.66,银卡客户,4,存款|理财产品|基金|保险,"476000.53,491366.83,470622.61,525658.06,485728.07,444340.37,449051.4,497100.94,507559.06,499454.65,467749.56,428048.79",0
C10304,18,女,深圳,高管,5142520.58,1722260.26,1198506.07,1013824.49,546154.03,261464.08,5,753814.81,白金客户,5,存款|理财产品|基金|保险|信托,"4147232.32,4752227.62,4430631.39,3749721.5,4890489.52,4648072.49,4715359.31,4920052.49,5036558.34,5380248.58,5073570.79,5307098.25",1
C10305,50,女,武汉,高管,9806471.79,2885348.01,241925.33,1025423.73,822716.7,367568.7,6,713437.7,白金客户,6,存款|理财产品|基金|保险|信托|外汇,"8907729.05,10583653.88,9073863.82,9717569.07,9282447.02,8137219.8,8038034.24,8987253.13,10043414.7,9899364.84,10003646.48,8829493.63",1
C10306,69,男,苏州,白领,498313.41,191039.39,124822.96,112481.92,60875.4,0.0,1,30818.11,银卡客户,5,存款|理财产品|基金|保险|贵金属,"395665.54,410938.84,412057.39,408872.88,456747.09,514194.17,577903.57,594593.55,595039.52,606927.64,654271.25,661949.42",0
C10307,70,男,北京,公务员,338932.48,99353.01,78241.08,20741.78,2513.9,0.0,3,43663.1,银卡客户,5,存款|理财产品|基金|保险|贵金属,"245595.98,245294.58,242687.41,245956.26,250749.57,245671.82,240681.48,245265.23,240786.57,244563.34,242410.69,231905.06",0
C10308,29,男,杭州,专业人士,4926398.32,1009280.88,956135.15,608565.06,458361.08,536189.2,17,417692.49,金卡客户,5,存款|理财产品|基金|保险|信托,"3965868.55,3920056.2,3912785.18,3808806.98,4150217.48,4469306.17,4429183.99,4562371.38,4896188.83,5347528.98,5371202.44,5470394.92",0
C10309,47,男,苏州,自由职业,908196.9,183806.6,109500.95,130716.62,79474.44,0.0,4,104440.99,银卡客户,5,存款|理财产品|基金|保险|外汇,"666903.09,694536.26,731021.79,755340.98,814171.97,845774.29,865254.17,922505.68,965263.35,999371.74,1046540.16,1115590.23",0
C10310,44,女,杭州,专业人士,3253180.27,248080.15,874114.47,652812.28,68085.87,505393.44,2,148224.53,金卡客户,5,存款|理财产品|基金|保险|信托,"2952984.27,2640840.33,2600579.18,2712092.36,2628998.67,2406255.94,2476547.31,2597768.15,2501462.35,2493663.41,2438592.93,2553363.99",0
C10311,48,男,广州,专业人士,6290715.11,2239518.46,253878.46,271742.62,337472.22,365797.37,7,604336.0,白金客户,5,存款|理财产品|基金|保险|信托,"6267293.17,6154137.85,5962633.95,6288019.26,6083248.08,6195112.15,6490895.39,6689394.61,6837757.06,6952422.74,7019181.89,6830659.68",1
C10312,44,女,上海,企业主,21599192.95,7488190.06,6431742.08,3668587.76,3034755.49,3572286.31,9,1372219.27,钻石客户,7,存款|理财产品|基金|保险|信托|外汇|国债,"17654813.81,18672188.62,16520743.74,18408490.39,17432462.83,18060133.08,18438293.14,19575886.62,19863021.93,19144719.12,20720742.17,20654412.58",1
C10313,18,女,上海,白领,187499.18,39294.31,4005.36,37438.31,6842.84,0.0,4,20916.98,普通客户,5,存款|理财产品|基金|保险|贵金属,"203182.12,182876.88,176145.53,192575.63,189316.18,211048.49,246390.46,247278.92,266723.31,253760.29,258149.22,251681.98",0
C10314,49,女,苏州,企业主,4091071.97,484374.35,13690.27,247843.0,416538.21,189080.28,20,438260.62,金卡客户,5,存款|理财产品|基金|保险|信托,"2746636.59,2853747.47,2938151.32,2795243.14,3147891.2,3158883.1,3104622.91,3098227.02,3320175.29,3363286.79,3450434.01,3508243.82",0
C10315,55,男,深圳,退休,1738210.46,346347.7,316107.58,242378.13,169823.88,53563.21,7,174716.07,金卡客户,6,存款|理财产品|基金|保险|信托|贵金属,"1478011.8,1554833.73,1517484.07,1532643.12,1331278.4,1475818.32,1537666.93,1339380.43,1455641.57,1305432.68,1217734.81,1259294.78",0
C10316,60,女,上海,自由职业,580151.57,131022.0,159596.0,102507.75,62868.13,0.0,23,33330.33,银卡客户,5,存款|理财产品|基金|保险|外汇,"418029.0,426105.05,437683.75,453155.99,435518.44,432905.7,428494.79,460623.34,477796.86,480010.53,475797.09,478747.08",0
C10317,70,女,南京,高管,1890328.03,726118.72,72915.96,329607.65,143541.41,9690.67,1,263633.93,金卡客户,5,存款|理财产品|基金|保险|信托,"1244174.7,1233085.34,1271765.0,1252466.49,1240998.09,1333300.43,1263500.57,1313355.95,1266808.1,1311744.25,1326211.55,1308653.15",0
C10318,18,女,武汉,专业人士,1621333.31,397031.18,344725.58,54489.4,197981.07,196541.14,6,40761.02,金卡客户,6,存款|理财产品|基金|保险|信托|外汇,"1016823.59,1002690.98,1055875.96,1157913.3,1219376.87,1194474.43,1198882.4,1228288.13,1205307.11,1290297.53,1381993.13,1413908.44",0
C10319,54,男,广州,退休,26011220.91,1805682.82,2220374.6,5327296.88,311719.85,4450446.83,8,594758.35,钻石客户,7,存款|理财产品|基金|保险|信托|外汇|国债,"17031506.93,16603966.36,17789867.71,16597685.38,16429276.94,16407409.24,15057457.64,16187393.57,14109712.39,14627850.06,14531725.79,14754881.02",1
C10320,48,女,北京,企业主,4523601.07,1190738.15,373072.69,810626.73,403674.41,293874.94,12,311407.58,金卡客户,5,存款|理财产品|基金|保险|信托,"3285061.11,3079248.22,3287290.53,3661833.26,3563631.66,3054265.95,3024476.9,3538347.52,2996298.62,3336811.38,3074570.59,3543265.97",0
C10321,33,女,重庆,专业人士,243212.04,42286.56,65043.78,10085.88,5454.35,0.0,50,22075.71,普通客户,4,存款|理财产品|基金|保险,"233202.82,259634.27,237635.93,237771.88,266585.01,215861.31,244896.09,255980.91,228461.36,243833.24,218306.61,221663.82",0
C10322,50,女,成都,白领,6512533.02,1420340.63,1700573.78,585224.4,905281.98,910005.33,11,551118.41,白金客户,6,存款|理财产品|基金|保险|信托|贵金属,"3687601.2,4312138.46,4600451.71,4677233.4,4354341.62,5123842.56,5328105.73,5677385.35,5732747.19,6132392.7,6488541.06,6624882.21",1
C10323,55,女,南京,企业主,5374189.38,1334214.06,240846.25,630346.8,669995.26,16641.13,18,259081.08,白金客户,6,存款|理财产品|基金|保险|信托|贵金属,"5005536.26,5132755.67,5510031.19,6034043.92,6042120.69,6249154.48,6250314.29,7145425.7,6724599.99,6974195.9,7856577.66,7889346.8",1
C10324,61,女,上海,白领,210325.1,66093.1,5614.14,45285.59,25652.46,0.0,6,17099.53,普通客户,4,存款|理财产品|基金|保险,"155337.09,142706.38,155946.03,146217.83,144929.81,139186.78,134464.85,146764.18,141118.85,138892.1,131609.71,121962.55",0
C10325,76,女,苏州,白领,1407997.79,302283.95,132852.01,246465.63,174507.77,205946.46,5,209097.05,金卡客户,5,存款|理财产品|基金|保险|信托,"1051738.43,1108195.87,1133260.5,1127188.1,1165258.66,1234533.62,1261293.56,1293835.34,1361369.49,1388509.8,1429539.3,1487566.97",0
C10326,39,女,上海,专业人士,14796624.45,4024382.95,80602.98,2672497.17,1854465.75,1181189.85,23,1754756.09,钻石客户,7,存款|理财产品|基金|保险|信托|贵金属|外汇,"12144971.32,12221463.02,12247019.49,11756419.41,12578364.57,12041610.3,11443985.14,10875001.24,11902693.76,11754877.98,11078755.08,11234842.28",1
C10327,42,男,南京,白领,876167.64,299806.58,200240.73,72085.79,70175.32,0.0,2,16327.6,银卡客户,5,存款|理财产品|基金|保险|国债,"843758.51,855995.67,1005112.25,970653.7,927695.51,961405.39,1092273.45,1065745.13,965690.79,1133271.76,1184125.65,1241026.24",0
C10328,38,女,北京,专业人士,1258952.93,430984.84,123537.84,153611.19,177727.71,57194.0,33,145720.59,金卡客户,5,存款|理财产品|基金|保险|信托,"820142.74,868423.0,815063.08,812504.31,812390.29,777702.59,800698.86,824968.78,726826.89,683886.79,659620.74,705798.79",0
C10329,35,女,苏州,公务员,16667095.56,6332999.64,1335339.06,1833981.39,1989984.32,2032364.2,3,424712.4,钻石客户,6,存款|理财产品|基金|保险|信托|外汇,"12993726.09,13649098.52,14624896.86,15325786.28,15165505.87,16388682.93,17166157.97,18845922.97,17963077.09,18683071.51,20383410.92,21780776.7",1
C10330,53,女,广州,自由职业,3649607.77,214255.91,412590.6,817328.62,150347.53,199328.04,17,260460.06,金卡客户,5,存款|理财产品|基金|保险|信托,"2378685.76,2531648.88,2730103.4,2811785.78,2916237.48,3157174.29,3136608.49,3432773.4,3594914.75,3644543.8,3816631.92,4034493.85",0
C10331,49,女,广州,公务员,5726381.89,923543.8,951434.2,1046076.67,36363.91,12826.3,38,424493.09,白金客户,7,存款|理财产品|基金|保险|信托|贵金属|国债,"4521017.36,4239204.13,3699833.88,4516009.96,4425009.95,4582413.99,3818269.52,4099553.84,4241858.0,4310184.99,3848457.13,4228677.98",1
C10332,36,男,重庆,企业主,643399.69,63760.75,171124.52,117383.87,15892.32,0.0,1,22488.51,银卡客户,4,存款|理财产品|基金|保险,"449203.86,446741.79,431380.44,446444.5,434624.04,464964.04,400482.65,439598.48,462808.58,473137.44,505526.03,451163.85",0
C10333,67,女,广州,高管,2399467.39,413475.77,663496.47,559653.3,87047.74,383061.14,36,169475.42,金卡客户,5,存款|理财产品|基金|保险|信托,"1956812.89,1860094.53,1944999.41,1905334.34,1850448.3,1767909.5,1841538.97,1839539.58,1880289.87,1891930.52,1781740.45,1841600.79",0
C10334,56,男,杭州,企业主,20260821.69,7261864.84,2560105.03,4252577.83,1793852.73,777515.97,9,1333360.36,钻石客户,8,存款|理财产品|基金|保险|信托|贵金属|外汇|国债,"14049736.87,12995971.74,13464919.75,13391150.92,14089567.67,13137248.79,14040033.38,13825769.67,14214790.74,13881893.84,14623184.35,14436826.21",1
C10335,34,男,深圳,高管,5688343.9,1911991.12,866535.32,705127.15,793885.32,1012486.38,7,682669.9,白金客户,6,存款|理财产品|基金|保险|信托|国债,"4364732.11,4755105.26,4674260.16,4269484.76,4652677.1,4637890.27,4278506.55,4663358.6,4883941.11,4973267.22,4630318.27,5495565.96",1
C10336,43,男,南京,高管,6870508.14,484417.62,444141.22,1715154.08,446317.93,965946.26,11,767125.55,白金客户,5,存款|理财产品|基金|保险|信托,"4879864.05,5202702.14,5089259.65,5215144.26,5158085.43,5676903.26,6233500.39,5887192.72,6116072.68,6511672.31,6163344.3,6920692.38",1
C10337,74,男,广州,专业人士,2387875.08,404316.78,389367.66,501773.67,316405.97,76600.11,15,137398.9,金卡客户,6,存款|理财产品|基金|保险|信托|外汇,"2052223.43,2466587.45,2339746.15,2191469.18,2371047.66,2441795.83,2357863.39,2255664.76,2311483.2,2429142.08,2432419.48,2589421.43",0
C10338,40,女,苏州,退休,717299.84,185017.9,152386.19,149334.41,13073.99,0.0,6,52425.49,银卡客户,4,存款|理财产品|基金|保险,"605979.81,626204.9,651819.61,686691.42,726783.73,752970.75,775516.11,807221.77,848334.2,882713.04,942645.25,978742.57",0
C10339,39,男,武汉,专业人士,2248425.59,191295.8,508847.46,155183.6,149625.63,39137.7,6,112718.73,金卡客户,6,存款|理财产品|基金|保险|信托|外汇,"2131326.96,2166949.07,2341192.71,2442411.89,2627129.51,2664006.89,2481200.55,2615620.26,2800411.5,2932613.76,2990511.66,2923669.58",0
C10340,26,女,武汉,退休,478366.66,45807.03,30864.91,78479.4,27628.63,0.0,4,57603.05,银卡客户,5,存款|理财产品|基金|保险|国债,"372398.85,374780.06,392073.7,393211.07,431192.49,445039.75,480715.39,476242.06,488852.54,534150.41,554375.26,565139.03",0
C10341,22,女,成都,公务员,1946483.38,656730.39,254004.52,353915.68,78704.6,38995.59,7,115504.99,金卡客户,6,存款|理财产品|基金|保险|信托|外汇,"1459363.11,1480267.68,1524861.71,1529477.01,1584430.2,1617483.99,1657496.09,1628552.28,1715614.8,1759393.19,1766438.85,1800069.77",0
C10342,34,女,杭州,高管,1066223.28,141679.02,160742.64,72284.02,151553.38,98916.78,7,59749.38,金卡客户,5,存款|理财产品|基金|保险|信托,"965414.93,1000544.74,1002350.03,1078885.51,1155128.1,1181605.25,1250347.12,1331524.82,1381643.54,1468616.26,1512397.22,1581644.51",0
C10343,34,男,上海,公务员,2739788.92,379350.99,255955.72,82934.3,355347.52,270386.63,4,246856.52,金卡客户,6,存款|理财产品|基金|保险|信托|国债,"2420822.77,2461769.15,2395634.16,2297559.45,2428927.89,2308403.74,2364558.94,2329776.56,2207639.64,2269092.91,2172790.91,2096709.57",0
C10344,38,男,北京,高管,5992266.1,1418179.67,1542400.71,1103700.84,193798.03,478541.48,29,763876.25,白金客户,5,存款|理财产品|基金|保险|信托,"3867055.83,4145746.47,3910683.72,4014167.69,4099572.17,4270220.36,4227192.21,4469289.92,4600947.12,4656144.63,4502324.38,4886730.57",1
C10345,59,女,重庆,自由职业,352964.25,96906.19,86639.88,498.75,52520.92,0.0,47,12567.34,银卡客户,4,存款|理财产品|基金|保险,"274220.37,264562.22,268426.14,265948.02,268336.33,247483.94,246427.72,262618.43,247660.0,264588.75,252948.37,254271.6",0
C10346,66,女,上海,专业人士,1093838.33,413016.18,54060.02,11526.44,74499.47,175278.82,7,92591.33,金卡客户,6,存款|理财产品|基金|保险|信托|贵金属,"697298.03,698653.25,687849.88,676390.05,682644.44,672867.63,676385.15,660083.13,646349.9,657937.41,639522.97,641030.91",0
C10347,47,男,武汉,自由职业,1521961.64,119394.37,9517.7,239231.53,143750.64,300408.96,10,100032.52,金卡客户,5,存款|理财产品|基金|保险|信托,"1541145.69,1559038.87,1503817.71,1647615.41,1675459.92,1791873.39,1788619.16,1842337.35,1849804.83,2115604.9,2093709.33,2203334.09",0
C10348,44,男,上海,企业主,1880559.73,549380.15,68613.06,30580.7,274995.9,256197.13,39,217931.39,金卡客户,5,存款|理财产品|基金|保险|信托,"1095659.13,1225431.55,1212687.75,1264917.52,1392712.47,1457956.38,1455639.38,1451109.73,1602352.31,1724109.79,1869957.6,1770729.43",0
C10349,38,女,深圳,企业主,1289769.37,172652.97,332577.75,298134.23,159852.29,86176.51,7,62092.72,金卡客户,5,存款|理财产品|基金|保险|信托,"856151.7,841633.61,828522.38,806301.82,830244.23,775495.17,713298.37,718726.15,638917.27,824336.08,754925.04,659628.48",0
C10350,40,男,成都,高管,2963485.63,612374.03,815274.2,346631.44,122261.68,84061.54,7,74092.88,金卡客户,5,存款|理财产品|基金|保险|信托,"1963538.97,1995971.44,2236183.23,2170499.96,2334964.17,2254970.19,2465014.06,2631185.77,2488488.85,2806738.26,2788345.39,3033941.06",0
C10351,41,男,苏州,自由职业,5693055.32,1973577.22,359824.55,888529.95,62067.67,952688.08,5,196048.47,白金客户,6,存款|理财产品|基金|保险|信托|贵金属,"4997336.78,6078061.2,5897451.98,5746872.18,6735393.02,6621454.97,7340926.57,7482153.32,7471611.49,8248682.92,8627412.81,9252000.41",1
C10352,52,男,重庆,公务员,570870.42,173689.88,16361.64,56519.65,84195.52,0.0,4,27908.12,银卡客户,4,存款|理财产品|基金|保险,"527133.24,486528.43,524032.23,558630.4,549588.31,567836.58,610791.49,592780.85,588616.16,527694.38,573333.61,595754.21",0
C10353,18,男,北京,自由职业,5136940.06,597296.06,844313.85,30772.05,588863.22,596823.98,5,501275.67,白金客户,8,存款|理财产品|基金|保险|信托|贵金属|外汇|国债,"3849824.13,4159974.43,3685502.49,3796472.72,3823440.84,4217597.47,4267999.35,4309566.94,4588683.05,4772101.69,4377702.51,4658510.66",1
C10354,57,女,上海,公务员,1466270.48,168743.84,48849.88,264941.16,58836.71,240485.77,30,176616.86,金卡客户,5,存款|理财产品|基金|保险|信托,"1223628.47,1280478.36,1363591.97,1507250.3,1453472.14,1516597.78,1591216.04,1757428.87,1761656.95,1842148.43,1976293.41,2074178.47",0
C10355,61,女,南京,高管,32534568.89,1796513.1,1263021.25,2046948.47,2096279.33,3171733.13,5,954039.31,钻石客户,8,存款|理财产品|基金|保险|信托|贵金属|外汇|国债,"19423935.19,18640303.34,19709524.1,20425893.22,18065269.24,17426538.29,18780443.34,18010280.83,17763822.15,18432449.89,16003183.24,15734845.53",1
C10356,42,女,深圳,企业主,4824360.83,1744537.41,796002.77,498617.68,52596.74,689035.98,17,392880.37,金卡客户,6,存款|理财产品|基金|保险|信托|国债,"4939293.21,5015391.83,4879366.43,4942057.98,5000873.09,5057510.43,5513554.92,5399679.5,5617729.65,5417383.5,5961570.52,6022802.16",0
C10357,24,男,苏州,自由职业,562996.56,124928.56,115270.01,14296.53,27729.16,0.0,50,11562.89,银卡客户,5,存款|理财产品|基金|保险|贵金属,"516240.41,507504.24,541678.06,511226.43,541546.53,526136.0,554144.9,579259.59,572204.57,579239.97,591663.03,600791.94",0
C10358,55,男,武汉,退休,5922378.99,948120.37,996932.02,789910.01,731520.16,1162832.13,31,141940.59,白金客户,6,存款|理财产品|基金|保险|信托|国债,"4374233.28,4529487.88,4648470.05,4638835.69,4699758.61,4989938.72,5171852.56,5083399.09,5412751.17,5427208.28,5526562.66,5620653.88",1
C10359,24,男,武汉,白领,906292.53,48941.1,116218.57,92971.47,134365.55,0.0,5,68671.86,银卡客户,4,存款|理财产品|基金|保险,"764457.2,768086.84,774583.63,689307.36,714403.87,724209.11,718672.21,693071.73,698862.61,651918.65,709234.67,684548.06",0
C10360,24,女,上海,公务员,436582.57,50582.95,1087.72,105877.53,28271.1,0.0,1,52656.39,银卡客户,5,存款|理财产品|基金|保险|外汇,"304957.39,285170.04,302649.87,316797.26,291856.38,320611.91,348080.14,316920.3,381765.71,392534.35,342057.98,411406.96",0
C10361,42,男,武汉,企业主,12663462.53,1753102.78,1243013.59,1700452.12,401886.65,2054409.38,2,1498203.24,钻石客户,6,存款|理财产品|基金|保险|信托|贵金属,"9171485.73,9575434.47,9707352.09,10134033.99,10342909.05,10432407.98,10734032.26,10942056.51,11100608.15,11445575.93,11859307.39,12163068.97",1
C10362,47,男,苏州,专业人士,1702293.76,427202.02,255729.77,208344.12,116463.81,70008.35,5,245457.62,金卡客户,5,存款|理财产品|基金|保险|信托,"1631973.28,1653835.44,1428283.98,1674315.14,1608938.58,1876642.3,1790805.39,1704094.94,2109674.05,2087894.84,2237114.6,2434452.29",0
C10363,50,男,苏州,公务员,2175421.58,625788.32,543132.58,249503.61,193701.76,116317.49,2,218473.92,金卡客户,6,存款|理财产品|基金|保险|信托|外汇,"1508794.3,1762051.46,1708433.67,1685098.08,1830821.55,1928057.28,1750967.28,1793518.22,1776791.54,1757133.64,1602534.79,1901476.57",0
C10364,49,男,武汉,专业人士,3985930.95,408102.38,270641.73,466931.69,254024.13,230296.97,12,592370.6,金卡客户,5,存款|理财产品|基金|保险|信托,"2651681.39,2918163.33,2788511.2,2498342.45,2761001.42,2761293.11,2419614.3,2389721.34,2437000.88,2303632.92,2362131.25,2386999.0",0
C10365,52,男,南京,高管,2157846.04,706728.67,520729.11,111714.29,108727.55,57933.17,6,43985.9,金卡客户,5,存款|理财产品|基金|保险|信托,"1799142.26,2226193.47,2057700.69,2298879.1,2466658.61,2376034.99,2303684.13,2228508.5,2646666.67,2787071.9,2785962.32,2990126.22",0
C10366,51,男,北京,退休,8282070.43,450795.08,2990.52,1275642.92,234817.9,317845.24,4,446211.27,白金客户,6,存款|理财产品|基金|保险|信托|贵金属,"7376923.51,7326230.64,7233823.64,7258225.22,7263326.06,7472893.22,7377706.77,7360775.31,7277792.21,7084551.76,7197768.9,7303384.7",1
C10367,26,女,杭州,白领,4463255.2,1138601.99,1042528.97,277510.88,454035.29,805344.52,10,285659.61,金卡客户,6,存款|理财产品|基金|保险|信托|国债,"3699098.04,3689247.63,3705460.58,3316559.86,3480139.56,3492589.31,2832366.02,3682426.86,3451902.72,3444093.5,3181942.26,3463852.31",0
C10368,32,女,苏州,白领,909908.94,326214.52,174347.4,88183.8,58110.64,0.0,4,79444.25,银卡客户,4,存款|理财产品|基金|保险,"804440.93,828686.58,677575.4,717460.27,764292.46,766256.5,736457.99,722801.7,770788.98,831669.59,807461.9,745500.14",0
C10369,30,男,广州,自由职业,10679464.08,2365946.98,92456.11,171393.35,861709.45,1535256.34,12,428740.69,钻石客户,5,存款|理财产品|基金|保险|信托,"9037589.2,8704844.35,9509917.27,9558761.48,10208225.09,10134781.29,9424980.46,9949933.24,10045863.87,9355980.09,9880150.08,10082376.72",1
C10370,66,男,成都,白领,1995883.38,557367.69,266959.16,172932.31,250261.04,302753.94,3,40023.56,金卡客户,7,存款|理财产品|基金|保险|信托|贵金属|国债,"1452805.36,1549592.2,1601702.96,1652262.91,1626994.35,1695600.15,1844535.37,1842134.13,1831412.27,1969237.33,2053011.35,2113364.06",0
C10371,30,男,成都,白领,8121817.32,2458916.36,1498653.99,306177.93,1018413.9,1520250.84,7,236954.97,白金客户,6,存款|理财产品|基金|保险|信托|外汇,"7477351.61,6865382.49,6053273.33,6745004.06,6772385.49,6697713.81,7108142.77,7743745.68,6716105.68,6473336.94,6384684.03,6516262.22",1
C10372,32,女,苏州,白领,2362226.52,883865.14,575050.76,489298.95,201866.85,144596.23,3,231473.07,金卡客户,6,存款|理财产品|基金|保险|信托|贵金属,"1503634.24,1769976.33,1853381.2,1696816.78,2104357.55,1776475.97,1831279.39,1810163.91,2003496.5,1942423.73,2010224.0,2037619.28",0
C10373,41,男,成都,白领,6938953.06,865088.31,677360.66,261489.23,645904.67,582691.08,5,665165.74,白金客户,5,存款|理财产品|基金|保险|信托,"6942144.66,7123305.96,6667634.17,6507641.61,6200648.81,6557916.14,6770225.95,7183413.75,6969821.87,6888763.44,6727626.28,6690523.24",1
C10374,66,男,苏州,公务员,2018252.71,354669.36,177237.57,87973.97,239639.43,385653.45,12,252950.97,金卡客户,5,存款|理财产品|基金|保险|信托,"1651520.46,1583541.9,1673700.77,1562856.04,1360883.61,1378666.13,1579773.26,1325400.57,1534666.09,1450451.57,1398725.49,1384839.43",0
C10375,52,男,北京,退休,3728163.68,1404177.56,218878.86,712604.67,13143.13,279983.04,2,95086.04,金卡客户,6,存款|理财产品|基金|保险|信托|外汇,"2830941.3,2982998.36,2767085.04,2736427.37,2907670.43,3053358.53,2690324.09,2856417.69,2606194.81,2823524.35,2894927.85,2755697.75",0
C10376,38,女,杭州,专业人士,410552.62,50399.82,98572.64,64099.38,28824.83,0.0,3,59274.8,银卡客户,4,存款|理财产品|基金|保险,"364806.78,390593.25,384779.2,383941.08,382993.19,375867.88,381200.21,383691.34,390441.04,399991.9,398176.14,378277.75",0
C10377,48,女,武汉,退休,728228.95,57809.06,74184.29,56591.79,104172.04,0.0,7,87174.24,银卡客户,4,存款|理财产品|基金|保险,"735552.46,726242.35,726786.55,742721.32,743620.75,757816.38,765768.59,758027.77,762550.61,766315.86,774562.25,773888.9",0
C10378,44,男,成都,企业主,22614871.42,8024020.96,1448221.42,2410688.16,3186935.92,1938383.22,3,1870778.77,钻石客户,6,存款|理财产品|基金|保险|信托|国债,"19548760.07,22228102.03,22351188.4,21606610.84,22519211.14,22471440.0,22665769.0,24322825.54,23212655.8,23844851.43,24121288.46,24280776.2",1
C10379,47,女,北京,公务员,3713467.74,565618.07,468743.84,656071.7,542125.86,663328.36,21,215160.52,金卡客户,7,存款|理财产品|基金|保险|信托|外汇|国债,"3431087.4,3357280.45,3447799.92,3459294.72,3370176.86,3269842.91,3312993.4,3315990.09,3248719.42,3297406.24,3204319.88,3230613.21",0
C10380,41,女,苏州,企业主,10607748.11,621928.24,2891755.19,1374784.16,119248.08,233957.55,13,1135106.29,钻石客户,6,存款|理财产品|基金|保险|信托|国债,"10373424.13,10512977.52,9078855.86,10989598.94,10346024.97,10351306.91,9689894.18,7319277.21,9895655.52,8899157.85,8967151.75,8953909.16",1
C10381,74,男,北京,高管,1535614.22,270303.3,193735.1,37955.14,9757.74,206983.74,3,130875.6,金卡客户,5,存款|理财产品|基金|保险|信托,"1160745.54,1320616.61,1146209.01,1318368.53,1337726.11,1342821.35,1443776.21,1409392.72,1392737.07,1485578.62,1369233.82,1607267.14",0
C10382,58,男,上海,自由职业,1170757.87,206727.58,211219.78,178535.16,98426.81,214177.45,2,153056.99,金卡客户,5,存款|理财产品|基金|保险|信托,"1088531.66,989351.6,1041181.38,1215733.09,1143510.9,1205786.97,1235396.78,1239600.86,1423076.5,1353277.93,1371421.99,1462289.07",0
C10383,18,男,广州,高管,9459772.49,1755036.12,2579796.15,2292889.32,246388.26,421929.77,19,790726.72,白金客户,6,存款|理财产品|基金|保险|信托|贵金属,"7518754.96,7720507.74,7731894.57,7455949.07,7838658.88,7317086.91,7450907.46,8059435.79,7474353.29,8069519.16,7394221.89,8569627.06",1
C10384,33,男,南京,自由职业,1587169.04,418634.84,340852.49,302343.7,62569.6,14357.41,6,219161.02,金卡客户,6,存款|理财产品|基金|保险|信托|贵金属,"1291197.76,1274961.08,1240296.65,1258126.32,1175416.32,1228128.83,1279060.29,1099298.7,1118782.61,1133860.78,1160179.65,1159927.9",0
C10385,57,男,上海,公务员,2382248.15,539488.41,606856.25,140339.63,334168.2,454965.52,6,343631.3,金卡客户,6,存款|理财产品|基金|保险|信托|国债,"1971776.72,2033419.04,1900743.16,2014261.84,2126914.34,2140384.22,2382793.94,2280446.81,2410793.64,2338779.49,2526875.57,2482138.08",0
C10386,45,女,上海,高管,6835303.48,418835.79,948470.01,535674.69,681900.92,1147824.33,2,1007991.88,白金客户,5,存款|理财产品|基金|保险|信托,"4198440.89,4692303.47,4670878.09,4843081.81,4744642.04,5092993.38,5054234.25,5262635.72,4787052.98,5034541.19,5112529.26,5352481.34",1
C10387,33,女,南京,专业人士,2957922.49,648637.37,646750.47,326377.23,150250.5,173617.38,2,117151.02,金卡客户,6,存款|理财产品|基金|保险|信托|外汇,"1951729.16,1666675.04,1862476.26,1966416.86,1747918.38,1777611.71,1633915.13,1673443.77,1896835.71,1792138.85,1742916.62,1464336.79",0
C10388,34,女,武汉,企业主,41279698.71,5463943.68,6904255.8,9875016.65,5443112.2,3339663.05,2,3490284.46,钻石客户,8,存款|理财产品|基金|保险|信托|贵金属|外汇|国债,"28297928.94,27957180.56,32890625.58,29788679.65,27441706.24,29866985.77,25841233.81,30055732.28,31624136.86,30444009.42,33824368.27,24072077.98",1
C10389,46,男,上海,退休,764281.26,91084.54,109972.11,169591.91,64932.27,0.0,7,80566.63,银卡客户,4,存款|理财产品|基金|保险,"629966.45,613872.2,641557.28,570110.12,610538.95,638600.81,616084.76,600385.68,551683.15,521866.85,589753.15,536731.21",0
C10390,43,女,杭州,公务员,1859517.58,444391.01,110223.6,200231.28,139938.83,335155.4,13,186312.13,金卡客户,7,存款|理财产品|基金|保险|信托|贵金属|国债,"1835010.25,1894430.4,1932605.89,2021776.19,2098482.69,2329614.4,2278470.38,2478020.95,2548277.84,2662943.87,2856518.58,2867523.54",0
C10391,54,男,成都,公务员,7555455.4,2942653.06,1438074.72,1443196.98,94981.63,242855.89,8,851112.02,白金客户,5,存款|理财产品|基金|保险|信托,"5978193.78,6077518.21,6346099.15,5793063.01,5979675.08,6138988.79,5689208.59,6551716.15,5427776.1,5901678.65,6371192.0,5438186.43",1
C10392,43,女,北京,高管,4300911.8,427012.38,1183571.98,494001.38,50105.1,825540.1,10,605078.9,金卡客户,6,存款|理财产品|基金|保险|信托|贵金属,"4146691.51,4119262.76,4493367.44,4429383.76,4648327.02,4837667.9,5081587.81,4877410.22,5465006.19,5580002.41,5834403.53,6072021.92",0
C10393,50,男,广州,白领,3106777.29,402309.73,827932.3,301032.48,268532.47,516617.06,9,113009.85,金卡客户,5,存款|理财产品|基金|保险|信托,"2262240.66,1996076.49,2249324.25,2394156.3,2329829.73,2192809.58,2151292.28,2002222.27,2284179.37,2103014.17,2170084.89,2135225.69",0
C10394,38,男,南京,公务员,2151268.49,758702.01,448327.8,4356.83,199007.07,40325.47,50,92986.39,金卡客户,6,存款|理财产品|基金|保险|信托|国债,"1549735.54,1595653.88,1536178.41,1548630.36,1518802.33,1517868.18,1691350.35,1551925.31,1702642.01,1687384.56,1766364.46,1661435.33",0
C10395,61,女,深圳,自由职业,4409056.74,291983.81,727057.43,514747.95,613636.38,226927.09,18,210650.11,金卡客户,6,存款|理财产品|基金|保险|信托|国债,"4002760.72,4472141.22,4074452.93,4427999.03,4431585.03,4797345.41,4195863.0,4497193.74,4357423.67,4852618.73,5376571.83,4970625.46",0
C10396,37,男,重庆,企业主,17712361.48,2244413.4,3605559.71,2579591.56,1469082.96,3044259.79,5,1511845.42,钻石客户,6,存款|理财产品|基金|保险|信托|外汇,"12827604.36,13395049.52,12517616.95,13031958.66,12626528.1,14007112.52,14718690.3,11617283.01,11112276.01,12451645.39,11284058.44,12528230.71",1
C10397,56,男,武汉,专业人士,4703972.65,1341817.8,216963.73,156673.74,144128.38,721318.15,7,241562.08,金卡客户,7,存款|理财产品|基金|保险|信托|贵金属|国债,"2898817.33,2819864.63,2812259.98,2889093.0,2900629.74,2632525.69,2773226.5,2667479.64,2734944.7,2754099.91,2718576.74,2658869.73",0
C10398,28,男,杭州,自由职业,3799523.1,623595.5,152237.31,464750.28,425577.9,83482.94,5,55846.48,金卡客户,5,存款|理财产品|基金|保险|信托,"3188963.38,3160958.54,3270129.0,3291204.36,3333045.31,3437728.26,3316079.89,3582772.9,3561931.4,3510456.01,3788853.15,3825665.46",0
C10399,58,男,深圳,退休,28725055.3,7597753.31,6197688.29,4616141.58,2239444.75,3916930.22,16,2094845.76,钻石客户,8,存款|理财产品|基金|保险|信托|贵金属|外汇|国债,"22940577.43,24791948.49,26911681.97,26443006.14,28728825.88,32023147.93,31702193.38,34239040.22,35445742.23,36384238.69,38274245.3,40392387.1",1
C10400,18,女,深圳,专业人士,4941730.89,1875025.31,1259426.31,1042295.52,379736.0,780238.42,9,730083.56,金卡客户,5,存款|理财产品|基金|保险|信托,"2959992.39,3098094.81,3265525.55,3352466.88,3485607.06,3556823.48,3684686.65,3837418.65,3972456.88,4091047.09,4341177.97,4303548.6",0
C10401,44,女,上海,自由职业,1490120.21,153436.84,351071.59,45468.7,42319.51,63038.2,27,131077.96,金卡客户,6,存款|理财产品|基金|保险|信托|国债,"1155488.01,1224125.82,1229259.7,1254621.34,1337389.1,1370227.5,1438053.1,1489882.87,1500139.81,1570163.41,1598605.7,1681274.67",0
C10402,48,女,北京,专业人士,1165530.28,463280.88,237218.05,212731.18,37224.23,18364.58,2,49926.86,金卡客户,5,存款|理财产品|基金|保险|信托,"1043231.15,1073497.9,1051312.28,1056514.87,1118976.32,1051961.32,999796.11,996247.18,1049015.45,1074102.33,1020103.46,1031642.0",0
C10403,54,女,苏州,公务员,13625015.16,4005739.94,4069193.46,46589.55,725804.32,765801.95,10,636618.19,钻石客户,7,存款|理财产品|基金|保险|信托|贵金属|国债,"12454715.4,12109068.14,13086139.34,13405777.05,13954218.49,14118640.74,14944177.83,14833989.42,15209605.52,15409736.82,15872645.23,16304139.46",1
C10404,48,男,广州,高管,4252279.94,591017.33,330400.18,519137.62,416312.48,103164.31,4,622213.8,金卡客户,5,存款|理财产品|基金|保险|信托,"3356262.48,3235284.8,3255142.76,3254722.6,3155845.67,3158840.84,3100123.86,3043937.51,3057860.03,2935027.97,2932292.3,2797184.74",0
C10405,46,男,深圳,企业主,3417166.42,345925.15,143286.91,498406.91,504891.34,65780.85,47,170866.52,金卡客户,6,存款|理财产品|基金|保险|信托|外汇,"2674868.78,2694488.0,2844647.5,2890406.49,2956459.96,2940702.26,2972578.09,2813678.09,3092655.94,2969652.13,3104212.6,2918903.3",0
C10406,41,男,杭州,专业人士,7152401.39,2040429.08,2040650.76,868316.4,500156.95,936370.65,5,991731.27,白金客户,7,存款|理财产品|基金|保险|信托|外汇|国债,"6053974.06,6616464.58,6592334.36,7680533.21,7336934.28,6947813.16,7717222.67,8188829.12,7876475.92,8869461.26,8847152.33,7967665.08",1
C10407,49,女,北京,自由职业,4878880.14,481637.26,849245.63,1083243.02,346551.48,728481.86,4,598414.29,金卡客户,5,存款|理财产品|基金|保险|信托,"3281441.2,3110761.93,3001467.41,3205212.63,3057584.45,3020902.07,3001662.43,2815659.98,2818806.98,2941008.72,2716940.55,2690796.17",0
C10408,34,女,北京,公务员,865861.71,204637.36,233443.17,215966.74,97849.49,0.0,6,87039.55,银卡客户,4,存款|理财产品|基金|保险,"802610.14,750407.29,818861.93,882711.75,799431.19,780272.97,769972.21,766881.79,663323.86,706189.42,696383.09,667647.66",0
C10409,55,男,苏州,专业人士,3113253.23,361983.26,337392.09,670919.86,198160.81,570155.81,3,248161.55,金卡客户,6,存款|理财产品|基金|保险|信托|国债,"2105416.68,1884188.72,2115959.44,2135607.88,2262429.29,2181457.55,2230795.19,2304137.81,2373811.93,2557006.96,2446517.78,2560628.44",0
C10410,18,女,北京,企业主,8761389.2,1722907.82,2141623.92,1945418.09,321732.33,1006455.34,3,589300.53,白金客户,7,存款|理财产品|基金|保险|信托|外汇|国债,"5877537.94,5882138.03,5979416.03,6113985.96,6502897.89,6595807.31,6825313.95,6880173.85,6958204.13,7279160.99,7331155.64,7528577.58",1
C10411,44,女,苏州,退休,16712534.03,5984790.89,4833995.83,1356021.19,2002256.61,704084.34,6,1443635.52,钻石客户,7,存款|理财产品|基金|保险|信托|贵金属|外汇,"10803097.94,10833039.13,10799989.83,11974824.56,11770484.1,12094778.14,13630479.51,12847223.7,13663578.95,13684610.06,13217848.75,13279719.09",1
C10412,52,女,南京,自由职业,19523787.11,5755272.78,4305673.46,1417480.25,888758.02,3057365.12,12,876800.07,钻石客户,6,存款|理财产品|基金|保险|信托|外汇,"15030638.07,15552445.58,15264375.97,15659413.89,15827696.02,14943698.62,16909342.84,14599215.99,16594148.58,16360002.77,16027465.97,14668105.34",1
C10413,50,女,上海,企业主,884004.08,262273.81,81905.76,69677.31,8029.27,0.0,1,93841.43,银卡客户,4,存款|理财产品|基金|保险,"767158.53,769503.02,714749.74,734266.49,771736.26,734435.07,769751.39,820741.82,814950.94,786124.63,852244.23,839011.55",0
C10414,49,男,深圳,公务员,1337756.92,212363.87,349317.16,56999.55,70726.43,207130.66,5,123195.35,金卡客户,7,存款|理财产品|基金|保险|信托|贵金属|国债,"996838.96,947659.42,1112339.46,1112699.83,1140417.27,1219156.58,1189630.82,1266940.07,1338244.08,1443161.82,1453787.41,1530383.03",0
C10415,36,女,杭州,公务员,3018448.08,1008704.34,736437.01,485002.09,207374.0,521996.98,11,421499.22,金卡客户,7,存款|理财产品|基金|保险|信托|贵金属|外汇,"2107781.44,2181886.3,2477739.98,2412891.45,2518434.06,2647515.58,2940605.33,3018445.73,3064819.04,3312033.8,3135602.41,3395493.94",0
C10416,46,男,武汉,自由职业,290208.62,100978.41,37730.05,55043.43,4247.75,0.0,27,36101.32,普通客户,4,存款|理财产品|基金|保险,"191119.2,188192.88,196230.49,187776.81,186949.71,178454.46,160957.59,163972.12,168688.29,159727.46,162033.18,159385.49",0
C10417,37,男,武汉,退休,3076271.27,896022.58,616122.28,345664.6,318088.98,42887.99,16,401081.81,金卡客户,5,存款|理财产品|基金|保险|信托,"1880513.66,1873419.63,1894720.41,1834993.31,1837440.9,1790572.39,1866299.29,1790644.17,1782786.09,1773157.35,1756534.25,1745740.81",0
C10418,37,女,深圳,白领,426411.23,128667.02,16185.75,5206.65,56154.62,0.0,7,39030.22,银卡客户,4,存款|理财产品|基金|保险,"317923.0,317491.84,316774.92,321420.3,320455.66,315703.24,306368.2,314421.48,317598.75,319842.82,314270.21,318736.19",0
C10419,28,男,深圳,专业人士,669319.05,133759.94,197433.92,55023.56,87991.62,0.0,5,85704.89,银卡客户,4,存款|理财产品|基金|保险,"641101.65,640121.32,616320.8,646396.05,606918.03,610317.85,580836.5,586849.03,539097.41,539908.36,553396.36,545201.85",0
C10420,52,男,广州,企业主,26021494.22,2097370.01,4923956.26,3279195.83,2055786.62,4822890.59,3,3135073.61,钻石客户,8,存款|理财产品|基金|保险|信托|贵金属|外汇|国债,"21890848.24,24028434.19,23846455.21,23282835.52,25854783.8,27686989.12,28480052.16,28905038.11,30549006.29,30391878.45,32010934.8,31986695.53",1
C10421,49,男,武汉,白领,2655762.41,214844.19,793427.42,595751.64,8397.78,456073.86,4,368407.74,金卡客户,5,存款|理财产品|基金|保险|信托,"2206739.63,2280617.39,2272128.48,2392296.02,2390513.79,2316933.26,2574007.33,2333818.13,2352744.77,2274205.18,2372537.48,2409819.58",0
C10422,27,男,武汉,白领,871897.14,339302.73,202302.34,53044.59,5246.63,0.0,13,80139.54,银卡客户,4,存款|理财产品|基金|保险,"547577.39,593448.31,599964.65,617370.54,648982.14,659391.01,698530.43,719835.26,757324.89,780682.92,832766.27,872021.44",0
C10423,39,女,上海,企业主,2367092.16,487273.43,245705.88,267011.2,265786.22,427127.71,33,40163.42,金卡客户,6,存款|理财产品|基金|保险|信托|外汇,"2360338.88,2301113.64,2214870.26,2338526.93,2214613.22,2084801.27,2328028.13,2124599.83,2457802.8,2362381.87,2623294.35,2337844.6",0
C10424,44,男,广州,专业人士,408148.39,138454.43,55361.95,53436.25,60147.65,0.0,7,48311.97,银卡客户,5,存款|理财产品|基金|保险|贵金属,"377389.38,371975.5,393598.31,381754.03,370058.68,396846.97,365526.79,411376.46,420911.83,379938.8,411282.31,403454.58",0
C10425,37,女,上海,公务员,113513011.22,31876900.88,1416752.49,20474259.05,1055177.34,10631369.09,6,14288332.12,钻石客户,8,存款|理财产品|基金|保险|信托|贵金属|外汇|国债,"113416274.09,112626314.09,110603313.78,114768392.16,124069557.41,129636974.48,131002458.47,135064757.47,139250427.79,146465784.85,141515116.17,152061170.07",1
C10426,35,女,上海,退休,9099978.43,740690.51,2003443.93,2263059.28,1118121.59,1011378.05,26,1283427.94,白金客户,5,存款|理财产品|基金|保险|信托,"6021931.52,6102231.81,5925267.25,6026389.21,6023382.49,5983946.48,6171247.59,5854513.65,6070269.58,5952702.67,5982187.8,5913328.34",1
C10427,73,女,上海,专业人士,1511800.37,546099.94,157105.99,139588.37,201538.66,140407.04,34,124356.83,金卡客户,5,存款|理财产品|基金|保险|信托,"1017237.12,960180.0,985621.8,1131848.91,1112932.07,1101382.73,1311974.45,1390725.93,1455090.58,1424830.75,1511290.6,1619473.92",0
C10428,35,女,成都,白领,8101760.87,1954125.98,530920.33,1098619.29,450998.69,1130194.08,25,850119.0,白金客户,6,存款|理财产品|基金|保险|信托|外汇,"7565999.04,7574987.32,8160393.83,8128345.28,8747552.12,9531251.58,9522139.32,9661768.02,9391904.36,10228704.29,10847705.85,10978013.41",1
C10429,66,女,杭州,企业主,2094476.81,227954.25,217058.83,398616.34,299792.32,155591.96,10,264147.1,金卡客户,6,存款|理财产品|基金|保险|信托|贵金属,"1384122.13,1406387.65,1422157.47,1415333.1,1447150.62,1430485.4,1512363.31,1441439.42,1384239.52,1427432.39,1431478.73,1419877.76",0
C10430,46,男,杭州,企业主,3247938.35,1179269.37,185129.08,278871.46,298888.01,62156.58,2,448775.25,金卡客户,5,存款|理财产品|基金|保险|信托,"2973839.64,3413871.19,3932208.61,3804252.8,3697625.88,4254621.92,4215041.9,4068592.28,4455764.59,4341957.39,4355081.5,4906125.56",0
C10431,46,女,上海,高管,106240066.43,34014058.84,16466819.36,16193521.41,11533629.61,531733.69,45,9549939.28,钻石客户,8,存款|理财产品|基金|保险|信托|贵金属|外汇|国债,"102744194.78,108353354.05,109548575.33,104803476.17,101207158.87,109481393.44,105993430.65,104973124.61,100742512.86,116703548.89,111283151.18,112261632.17",1
C10432,32,女,深圳,专业人士,2250305.41,608366.89,454902.36,118528.04,282505.2,130489.4,5,252660.72,金卡客户,5,存款|理财产品|基金|保险|信托,"1386311.11,1515600.97,1393710.46,1404140.54,1268106.95,1252302.54,1349134.89,1232360.69,1460825.91,1139437.04,1211428.45,1251522.48",0
C10433,39,男,北京,专业人士,936838.1,90075.29,142685.26,162176.13,88557.28,0.0,1,114786.74,银卡客户,4,存款|理财产品|基金|保险,"765707.25,729708.74,750357.02,757724.15,791857.78,797838.02,870625.43,840568.55,926422.59,953590.24,913969.98,1035751.66",0
C10434,52,女,上海,公务员,6211103.48,2184071.47,939189.67,1061248.93,547757.59,1046393.04,13,169270.29,白金客户,6,存款|理财产品|基金|保险|信托|国债,"5236797.62,5322080.21,5469005.76,5370908.59,5470295.92,5740234.66,5780027.42,5727466.58,5815159.49,5881150.14,5960473.9,6003057.45",1
C10435,24,男,深圳,自由职业,627473.03,239270.25,173283.31,107365.76,44038.49,0.0,6,14432.08,银卡客户,6,存款|理财产品|基金|保险|外汇|国债,"505596.09,505644.11,505974.38,493115.43,492493.31,496579.98,482175.49,480750.74,475915.74,471284.49,477138.41,465677.41",0
C10436,21,男,武汉,专业人士,9928900.1,3054317.38,1527994.7,1833525.43,1351258.11,1828962.01,20,468594.29,白金客户,6,存款|理财产品|基金|保险|信托|国债,"8739582.7,6922973.16,7758447.14,7623736.49,7502466.9,7710787.86,6947730.9,6602349.04,6995498.09,6821314.99,6572635.21,6760790.17",1
C10437,35,男,广州,退休,3477893.55,578570.9,616987.97,622229.27,463799.08,581355.95,4,330967.7,金卡客户,5,存款|理财产品|基金|保险|信托,"3263442.88,3443563.95,3111437.12,2970131.37,2962849.11,3097912.17,3266862.05,3293101.86,3064650.19,2827298.37,2802735.11,2979608.99",0
C10438,64,男,武汉,白领,734143.69,208287.29,188259.04,172380.33,63868.66,0.0,4,85280.19,银卡客户,5,存款|理财产品|基金|保险|国债,"600261.0,651150.69,683856.38,615786.09,610963.78,638284.96,713826.93,661954.47,625999.22,628331.9,660234.9,597933.43",0
C10439,54,女,上海,白领,2776524.0,235943.23,733992.92,211157.79,272540.83,270712.36,6,170152.17,金卡客户,6,存款|理财产品|基金|保险|信托|国债,"2585653.96,2331708.58,2766992.42,3056661.12,2867969.39,3009584.06,3147821.17,2960672.06,3324564.17,3578456.4,3329440.53,3234642.8",0
C10440,44,女,武汉,企业主,467840.14,100641.07,104402.57,16378.99,47068.43,0.0,5,5782.88,银卡客户,6,存款|理财产品|基金|保险|贵金属|外汇,"293926.03,304314.82,317876.69,327693.51,330161.72,342331.13,354382.86,362191.21,373905.03,391184.77,392651.12,399257.75",0
C10441,36,男,上海,企业主,3484175.87,592167.55,236204.53,557005.13,238841.46,278835.44,9,324025.85,金卡客户,5,存款|理财产品|基金|保险|信托,"3162344.46,2991675.77,3138031.34,2644625.43,2864752.53,2686644.92,2762563.98,2692387.92,2677501.3,2690429.82,2697040.04,2723782.86",0
C10442,45,女,上海,专业人士,1253638.72,343649.42,176124.06,268909.79,64383.46,66858.97,2,156334.55,金卡客户,5,存款|理财产品|基金|保险|信托,"890736.39,1065475.33,1079187.77,1108382.89,1113485.43,1264522.79,1144785.55,1218824.79,1096793.44,1179892.61,1186946.37,1414311.26",0
C10443,18,男,深圳,专业人士,2425619.23,788666.82,123159.07,65828.49,272623.97,148039.58,1,347372.74,金卡客户,5,存款|理财产品|基金|保险|信托,"1982169.25,1913055.98,1896751.26,1879832.43,1823966.56,1890140.88,1745704.6,1775192.6,1761178.74,1723729.8,1690511.46,1659306.56",0
C10444,32,男,武汉,自由职业,763586.06,92222.32,124376.7,121581.79,59769.03,0.0,1,59827.51,银卡客户,4,存款|理财产品|基金|保险,"488632.89,534152.38,489560.63,480231.55,446500.99,506906.89,463663.27,444529.5,433723.77,478095.36,424681.78,466115.64",0
C10445,37,女,上海,退休,2012176.8,173530.63,276360.6,189041.45,174352.5,176531.77,17,25008.2,金卡客户,5,存款|理财产品|基金|保险|信托,"1947564.44,1993861.1,1910203.23,1961153.07,1905662.88,1863536.42,1898721.17,1819908.76,1865782.44,1829549.23,1775850.41,1811125.62",0
C10446,53,女,重庆,退休,10180060.54,2169383.42,1944313.28,758306.17,278827.48,1255380.3,6,102590.43,钻石客户,5,存款|理财产品|基金|保险|信托,"7612614.61,7362743.76,8249188.36,8454995.88,7384042.29,8440777.78,8615170.97,8513150.79,8708319.59,8806792.46,9032035.27,8578368.39",1
C10447,63,女,苏州,高管,913664.43,198805.6,62582.41,87222.43,89608.33,0.0,36,18869.47,银卡客户,4,存款|理财产品|基金|保险,"584633.6,589937.2,647849.18,712411.23,718962.46,756935.12,775678.15,752953.65,808241.02,900638.11,928770.62,990012.42",0
C10448,70,男,重庆,企业主,7212339.69,1546159.2,165747.39,1272809.67,425885.14,393314.83,5,641829.84,白金客户,7,存款|理财产品|基金|保险|信托|贵金属|国债,"6222797.58,6454253.72,5772184.13,6482111.12,6404154.65,5797181.17,6265529.49,6760152.77,7469226.84,7368403.61,6853261.87,7475423.02",1
C10449,75,男,成都,白领,4142249.65,497808.66,1104598.73,333651.43,8328.91,698707.75,12,587598.73,金卡客户,6,存款|理财产品|基金|保险|信托|外汇,"3222048.51,3454919.16,3415846.48,3626830.7,3862999.97,4112753.26,4257893.72,4470942.35,4571913.77,4739403.99,5013284.32,5109436.52",0
C10450,30,男,武汉,退休,396625.87,142401.92,36573.59,68615.53,44795.83,0.0,5,30775.97,银卡客户,4,存款|理财产品|基金|保险,"249812.64,321554.38,312748.22,313637.84,275268.82,316279.22,330535.25,325492.06,378976.15,355178.72,339399.11,354957.21",0
C10451,79,男,深圳,专业人士,146105.49,36259.25,10428.61,36112.04,10976.98,0.0,3,5432.6,普通客户,5,存款|理财产品|基金|保险|国债,"126074.82,132871.6,134478.73,133026.28,139164.31,140262.55,145875.48,146729.61,148855.75,153735.92,152833.95,153442.37",0
C10452,48,男,苏州,高管,3874882.6,480693.71,713828.92,700045.69,419826.67,631663.2,27,309223.69,金卡客户,6,存款|理财产品|基金|保险|信托|贵金属,"2806718.19,2921402.82,3308818.6,3284080.06,3438120.53,3559145.18,3703012.42,3723296.13,3644510.16,3984958.54,4099764.55,4389109.37",0
C10453,48,女,深圳,企业主,4483890.66,1180125.13,8729.49,1109452.31,244779.32,760552.75,4,380661.42,金卡客户,6,存款|理财产品|基金|保险|信托|贵金属,"3675599.76,3709455.41,3739219.58,3788886.75,3858254.85,3968241.39,4027892.04,4187005.59,4039191.66,4298507.27,4250657.38,4325616.88",0
C10454,57,女,成都,高管,10962305.93,3651000.25,1615203.26,840913.36,167611.31,137514.65,22,1519609.37,钻石客户,5,存款|理财产品|基金|保险|信托,"8566325.47,8440760.37,8306123.77,8818019.75,7799810.67,8163435.96,8375925.59,9222325.93,8487119.97,9113658.58,8595012.52,8168124.06",1
C10455,38,女,深圳,白领,4888866.13,1856749.36,584106.68,252249.29,404000.72,108281.66,15,246590.29,金卡客户,7,存款|理财产品|基金|保险|信托|贵金属|国债,"3150033.61,3274041.39,3098808.54,3134662.75,3196220.65,3507102.89,3529707.13,3572409.34,3882245.79,3837195.37,3738818.9,3864288.75",0
C10456,55,女,杭州,退休,8926628.54,2744885.85,723063.56,787258.26,1167116.65,551424.98,45,1338900.33,白金客户,5,存款|理财产品|基金|保险|信托,"8377944.55,8833531.44,8195205.11,8966255.87,8979525.15,9742479.75,9886425.74,9897264.0,11115622.99,10871944.91,11044904.89,11450657.11",1
C10457,69,男,重庆,专业人士,2853158.73,337579.56,122653.86,18566.61,101447.56,441777.67,11,124413.07,金卡客户,5,存款|理财产品|基金|保险|信托,"2767232.73,2791836.91,2573722.54,2789341.81,2896836.2,2852028.46,2734494.76,2782463.98,2712390.34,2777069.2,2912473.8,2845712.01",0
C10458,52,女,武汉,专业人士,1398274.61,357014.54,383748.84,112094.34,171993.61,2649.77,15,196043.35,金卡客户,6,存款|理财产品|基金|保险|信托|贵金属,"967713.43,953864.31,970962.28,1070498.63,1049675.42,1114005.02,1170772.09,1051939.65,1166134.53,1190048.81,1190973.45,1182928.53",0
C10459,21,男,成都,退休,7876743.59,1501392.57,167557.06,1511363.36,84185.87,1452661.25,3,134978.75,白金客户,5,存款|理财产品|基金|保险|信托,"5340178.27,5829743.66,4976781.2,6002812.65,6466281.27,6075856.67,6285659.06,6141957.73,7580870.72,7002414.32,7580346.75,7956148.07",1
C10460,67,女,北京,企业主,2053097.11,430915.75,508667.19,160697.54,118307.72,373448.96,11,97219.34,金卡客户,8,存款|理财产品|基金|保险|信托|贵金属|外汇|国债,"1492669.71,1494464.67,1521676.71,1584712.32,1617714.65,1580128.54,1651501.76,1658588.04,1701056.45,1744722.42,1765968.31,1808391.61",0
C10461,55,男,苏州,企业主,1388979.86,383465.34,181881.64,87000.86,69680.85,94880.69,16,200437.22,金卡客户,5,存款|理财产品|基金|保险|信托,"1311760.07,1262644.15,1204038.12,1248101.55,1189583.08,1296612.83,1185543.12,1200126.1,1202621.67,1174509.12,1163815.75,1175867.45",0
C10462,67,男,南京,白领,3984280.68,1503547.2,77542.43,191536.05,40954.02,691666.29,10,86510.2,金卡客户,5,存款|理财产品|基金|保险|信托,"3037620.37,2685760.59,2405412.42,2722422.05,2584535.39,2752824.59,2585644.99,2643387.99,2483651.57,2479013.89,2570968.85,2342552.21",0
C10463,52,男,北京,退休,7612672.24,779809.41,1014371.23,336600.42,756083.77,240478.79,15,1039760.97,白金客户,7,存款|理财产品|基金|保险|信托|贵金属|外汇,"5557694.91,6001335.86,5539488.56,5673140.66,5444248.62,5660084.18,5295591.42,5223968.93,5272917.46,5610091.91,5193337.76,4842526.84",1
C10464,45,男,上海,白领,1280228.93,155622.02,264087.58,111784.76,98288.51,239112.72,7,165942.27,金卡客户,5,存款|理财产品|基金|保险|信托,"1108485.02,1160765.18,1205680.87,1253392.0,1305436.39,1364556.88,1423526.13,1487574.05,1549756.23,1632769.44,1700181.38,1740085.44",0
C10465,36,女,重庆,白领,1285906.41,70879.15,339217.61,49691.33,166166.4,84712.25,1,79133.01,金卡客户,6,存款|理财产品|基金|保险|信托|贵金属,"774129.18,787147.59,803095.22,801378.08,795518.71,813849.31,815040.09,834807.89,842329.39,830486.51,860774.29,850070.11",0
C10466,68,女,北京,专业人士,1496029.16,242120.61,67852.22,303059.28,170520.1,144942.93,3,131308.02,金卡客户,5,存款|理财产品|基金|保险|信托,"1300830.44,1155356.39,1295331.13,1355968.64,1346568.39,1450856.5,1345744.12,1339346.67,1425292.74,1336974.18,1391826.39,1402840.96",0
C10467,30,女,重庆,退休,135346.52,53191.2,12980.91,25180.75,10800.28,0.0,10,12883.87,普通客户,4,存款|理财产品|基金|保险,"138415.41,135113.37,125902.03,114378.13,122235.36,114876.39,114162.42,114184.12,105761.26,99930.18,110352.21,106488.67",0
C10468,44,女,北京,公务员,4394468.98,1464045.86,666204.12,771997.28,491577.16,222772.46,6,173255.96,金卡客户,5,存款|理财产品|基金|保险|信托,"3852713.27,3193247.48,3981295.52,3999566.61,3369904.24,4085160.26,3839608.39,3811671.98,4186182.11,4146902.17,4006175.03,3989324.86",0
C10469,54,男,苏州,公务员,2383570.02,225781.37,86840.09,167764.62,19083.63,328223.4,6,48525.78,金卡客户,7,存款|理财产品|基金|保险|信托|外汇|国债,"1613016.37,1619417.96,1766486.2,1691198.06,1717626.7,1756025.62,1931747.01,2092417.11,2020693.85,2130701.73,2046077.95,2114941.33",0
C10470,69,男,重庆,自由职业,4287877.59,955421.98,502505.79,505903.02,548464.62,553537.92,7,53264.09,金卡客户,5,存款|理财产品|基金|保险|信托,"3893012.44,3761219.05,3768047.45,3732477.37,3727062.37,3539446.1,3498628.74,3545417.32,3522368.53,3334878.96,3218965.55,3547265.9",0
C10471,56,女,广州,自由职业,17591693.72,6607246.86,4789738.14,250474.35,542803.04,1677914.84,5,1238764.86,钻石客户,6,存款|理财产品|基金|保险|信托|国债,"13710025.78,14180932.12,13736994.66,13215713.47,12379766.96,14647763.42,15180667.88,14857752.37,13730117.73,11278049.27,11071600.07,12232702.09",1
C10472,44,男,杭州,退休,2122159.7,558128.22,247134.62,223479.19,265558.08,202128.42,7,214213.63,金卡客户,6,存款|理财产品|基金|保险|信托|贵金属,"2089349.92,2088192.13,2420206.44,2325947.99,2531905.21,2536392.87,2750845.71,2939745.17,3007979.98,3247421.42,3354586.55,3610670.73",0
C10473,65,女,北京,自由职业,14036777.94,977989.28,2660262.13,2683304.2,1639174.84,2161977.25,10,585046.84,钻石客户,6,存款|理财产品|基金|保险|信托|国债,"13831276.88,13631143.05,13682804.7,12931548.77,12238754.41,13095877.64,12987865.66,13986465.95,14003029.84,13961256.16,12602758.42,12827210.48",1
C10474,35,女,北京,自由职业,2196883.63,174111.33,542163.37,83461.0,12565.61,316126.92,19,192692.91,金卡客户,6,存款|理财产品|基金|保险|信托|贵金属,"1860897.85,1894252.57,1958083.99,1821880.31,2249649.69,2279808.85,2043618.0,2156881.37,2222964.97,2147870.01,2100104.96,2293123.05",0
C10475,40,男,苏州,白领,1290793.78,419996.99,357605.14,193393.3,36227.76,201930.24,40,185633.76,金卡客户,5,存款|理财产品|基金|保险|信托,"1061191.86,1041924.82,998184.29,1025720.68,1004364.59,1143429.93,1067397.16,1272658.19,1287211.92,1324007.75,1227518.18,1354436.37",0
C10476,39,男,广州,高管,6931111.85,2395960.49,537754.69,564270.09,245618.12,1259220.21,50,472476.51,白金客户,5,存款|理财产品|基金|保险|信托,"5924344.84,5975993.34,5991382.38,6632857.96,6224312.17,6446378.18,6608402.4,6355930.32,7025169.52,6993677.33,7457985.31,7637894.37",1
C10477,48,女,苏州,白领,1960402.38,233588.47,3815.78,346424.84,275671.94,73293.7,9,194417.22,金卡客户,5,存款|理财产品|基金|保险|信托,"1789149.31,1999730.65,2008434.75,2017557.51,1989784.97,1834876.42,1916968.26,2005155.55,2011052.21,1995375.15,2043207.13,2027665.28",0
C10478,46,男,重庆,专业人士,1126225.37,158989.97,289739.43,105485.95,2843.72,87910.7,2,79374.41,金卡客户,6,存款|理财产品|基金|保险|信托|贵金属,"872882.65,863649.07,872717.04,925161.79,870658.9,912262.8,945637.98,935420.66,929693.06,921431.31,964813.11,968602.63",0
C10479,22,男,深圳,公务员,2705199.75,178344.31,771767.67,393564.1,322890.36,232859.6,7,198933.09,金卡客户,5,存款|理财产品|基金|保险|信托,"1990926.64,1687937.06,2022905.32,2018009.12,1678547.64,2155825.75,2019948.88,2089619.59,1950878.29,2268678.23,1969155.54,2271453.21",0
C10480,57,男,南京,专业人士,798522.28,207258.99,106347.27,119171.52,34841.09,0.0,17,37042.1,银卡客户,4,存款|理财产品|基金|保险,"720375.91,685114.73,727187.32,776990.71,763054.02,814381.23,836218.09,847976.55,898590.11,894948.44,932126.03,982011.19",0
C10481,56,男,南京,企业主,4381399.77,563308.57,89976.21,527404.07,111256.58,639197.14,10,189535.93,金卡客户,5,存款|理财产品|基金|保险|信托,"3273308.65,3369611.35,3636460.55,3500273.87,3899255.17,3908324.01,4089386.6,4207956.2,4519110.43,4476669.78,4738324.08,4952318.56",0
C10482,20,男,深圳,专业人士,525959.05,48870.39,46723.65,116557.27,23829.8,0.0,16,36714.76,银卡客户,4,存款|理财产品|基金|保险,"400050.35,386312.73,392676.78,382337.32,398272.29,380757.81,385434.23,381747.49,373934.27,368188.22,372837.46,372259.89",0
C10483,36,女,杭州,退休,708381.87,204063.35,23053.85,170238.2,79709.41,0.0,50,69679.55,银卡客户,5,存款|理财产品|基金|保险|外汇,"639452.17,637144.55,641662.34,648467.9,680737.54,726406.51,713015.91,773701.14,722305.74,760181.2,770748.06,773684.52",0
C10484,42,女,杭州,白领,3848520.41,1037584.05,291.47,734273.05,431139.04,392335.65,50,575404.18,金卡客户,6,存款|理财产品|基金|保险|信托|国债,"3722289.71,3929897.66,3931987.46,4183405.63,4218378.44,4290623.65,4532032.37,4586038.37,4765513.61,4816182.95,4962550.44,5257338.33",0
C10485,61,男,成都,企业主,6712206.33,2154263.36,811505.26,1212483.05,688652.57,1293299.03,2,269281.85,白金客户,5,存款|理财产品|基金|保险|信托,"4322497.01,4667095.62,4735252.62,4707828.95,4718206.37,4877071.57,4989736.72,5105693.57,5227998.06,5389664.23,5337368.38,5675869.97",1
C10486,44,女,深圳,白领,7219717.15,1792869.67,588260.22,262688.56,656407.0,706348.19,5,592512.79,白金客户,6,存款|理财产品|基金|保险|信托|外汇,"6540230.03,6873071.43,7299646.88,7320559.17,7414857.77,7572396.45,7894579.68,7910395.37,8024149.56,8529484.27,8589589.81,8844606.61",1
C10487,61,女,北京,高管,623811.25,168222.33,168585.67,112030.3,32614.1,0.0,14,57536.42,银卡客户,4,存款|理财产品|基金|保险,"523488.02,531290.74,556783.85,538349.44,528098.02,559586.14,549325.87,579992.08,546870.88,546376.16,617616.0,650105.55",0
C10488,72,男,武汉,高管,3890683.78,1098470.51,797444.25,468393.0,389263.81,62093.01,9,441661.1,金卡客户,6,存款|理财产品|基金|保险|信托|贵金属,"3049825.86,3305848.2,2948705.56,3384028.98,3514215.51,3353317.02,3351505.22,3229082.47,3535366.25,3992291.92,3454063.63,3966135.15",0
C10489,58,女,北京,企业主,7445891.1,509339.17,570311.63,1188279.16,959606.22,1365551.7,31,596108.58,白金客户,5,存款|理财产品|基金|保险|信托,"5970793.16,6319816.22,7018816.97,6856738.68,7192593.5,7329099.03,7940842.48,7887622.58,7954595.79,8976837.02,9959197.08,9467242.3",1
C10490,29,女,杭州,退休,15801680.82,1134366.42,4371315.62,699684.87,1252310.13,2539543.75,8,690468.46,钻石客户,5,存款|理财产品|基金|保险|信托,"13765890.29,13530419.88,16761459.6,16967590.4,16968718.99,15566901.46,16879978.82,16968281.41,16646515.03,18967509.09,18718348.96,22361519.74",1
C10491,42,男,成都,自由职业,2629800.15,170692.0,764669.09,464069.04,132527.59,77399.07,12,79100.72,金卡客户,7,存款|理财产品|基金|保险|信托|贵金属|外汇,"2192382.2,2243764.19,2263839.12,2409406.42,2436849.4,2405491.03,2637326.19,2663186.53,2874814.94,2512386.62,2862337.09,2834129.67",0
C10492,37,男,上海,企业主,9742875.92,757041.11,1716756.99,76329.25,155956.61,1071711.45,4,879516.21,白金客户,6,存款|理财产品|基金|保险|信托|国债,"8162642.38,8405175.38,8634165.93,8909830.37,9211675.83,9423353.21,9632104.32,9701108.76,10218343.37,10453745.54,10623853.96,10941374.61",1
C10493,45,女,南京,企业主,2714164.05,432182.23,218669.97,292726.46,154199.03,343796.96,16,336125.25,金卡客户,5,存款|理财产品|基金|保险|信托,"2358072.42,2488517.7,2543563.7,2680018.58,2750643.08,2899876.55,3035489.79,3121353.32,3317391.01,3464008.65,3618949.7,3808366.18",0
C10494,51,女,上海,高管,5623867.05,1310302.73,12987.43,1167044.32,593983.58,744407.99,6,792703.84,白金客户,6,存款|理财产品|基金|保险|信托|国债,"4232572.36,4382152.32,4509191.78,4564716.31,4514233.2,3748179.04,4337378.83,4612471.78,4532085.11,4711662.32,4863257.88,4755490.83",1
C10495,34,女,深圳,自由职业,1125973.87,81214.83,268697.1,175021.21,53192.18,36889.98,3,17588.49,金卡客户,6,存款|理财产品|基金|保险|信托|贵金属,"779529.15,742744.26,852097.39,888769.48,923194.61,946963.92,1017839.92,1054018.45,1094120.07,1155297.28,1171636.56,1218590.56",0
C10496,65,女,南京,白领,3103629.96,899718.48,497203.67,183856.22,346313.03,293875.19,18,333764.07,金卡客户,6,存款|理财产品|基金|保险|信托|外汇,"2142229.67,2300727.93,2379112.3,2473953.22,2560142.29,2659061.91,2820555.51,2933870.76,3026388.88,3263206.22,3251453.74,3441416.66",0
C10497,33,男,杭州,白领,847449.37,283498.67,172509.0,188361.49,57118.43,0.0,11,114528.18,银卡客户,4,存款|理财产品|基金|保险,"853562.01,927957.3,853368.09,861451.24,945328.7,923132.74,928733.26,1076102.19,1027413.27,961085.63,1161352.34,1115200.39",0
C10498,53,男,杭州,公务员,9314170.92,1570449.88,2369905.91,1125866.88,1163418.79,196004.57,9,775328.81,白金客户,7,存款|理财产品|基金|保险|信托|贵金属|国债,"9220449.56,7235916.72,8082226.99,7710710.92,8446180.3,8035544.22,8712408.13,9299169.31,9016901.99,9004334.39,9528064.85,9998165.71",1
C10499,28,女,北京,白领,11278254.7,4344774.1,2529637.91,2396964.28,598867.83,1250451.77,50,1084480.82,钻石客户,7,存款|理财产品|基金|保险|信托|贵金属|国债,"7374679.06,7844245.12,7150533.29,7679787.06,7666783.77,8047161.72,7994475.43,8027554.33,7880118.1,7069057.21,7948662.8,7958754.76",1
C10500,56,女,武汉,高管,3089260.27,193181.49,770572.63,656167.52,293191.02,217810.06,8,345112.59,金卡客户,5,存款|理财产品|基金|保险|信托,"2752901.31,2872687.1,2991785.48,2896953.89,3032699.75,3168742.86,3002770.7,3180098.7,3278768.39,3298626.42,3534990.74,3600125.88",0
C10501,66,女,北京,专业人士,7350715.95,2348964.16,491713.22,1132339.35,268436.78,1452864.83,5,1053338.06,白金客户,5,存款|理财产品|基金|保险|信托,"7391181.48,7328835.72,7135830.35,7569994.92,6875093.39,7924223.78,7245469.09,7791668.1,6655659.8,8647717.09,8366246.0,9501786.63",1
C10502,50,女,上海,退休,9624996.76,2617161.17,1701010.3,2202184.13,1296880.72,1869143.68,4,672219.34,白金客户,8,存款|理财产品|基金|保险|信托|贵金属|外汇|国债,"5966005.59,6215198.95,5969890.65,6201488.4,7019160.49,6490566.83,6765157.1,7041607.11,7044695.51,7457320.9,7691204.88,7841051.1",1
C10503,64,男,北京,公务员,1744362.93,147012.17,413680.05,247089.76,189429.41,146008.89,2,110607.93,金卡客户,6,存款|理财产品|基金|保险|信托|贵金属,"1316292.33,1457050.46,1396023.48,1527816.51,1470326.03,1748359.71,1510108.73,1825630.58,1768185.88,1774822.1,1894336.13,2007245.63",0
C10504,65,男,北京,退休,2309699.71,610010.79,504929.86,439542.5,267038.02,306471.46,4,274064.8,金卡客户,6,存款|理财产品|基金|保险|信托|外汇,"1571517.54,1713512.75,1700762.68,1541950.92,1790104.15,1696609.02,1488846.29,1687943.84,1678871.59,1719572.59,1557737.54,1661757.86",0
C10505,41,男,上海,退休,940087.51,209026.52,241514.13,122961.63,51111.6,0.0,1,42005.99,银卡客户,4,存款|理财产品|基金|保险,"581699.68,570892.78,589998.77,624960.61,651362.68,596823.18,610470.44,569703.25,541394.29,626672.73,569495.2,596172.17",0
C10506,47,女,重庆,白领,8065255.5,2101375.9,1822395.38,873708.1,662211.22,100122.3,13,752996.37,白金客户,5,存款|理财产品|基金|保险|信托,"6563967.6,7205075.63,7721599.31,7371287.76,7648944.75,8262412.79,7852705.57,7322371.79,8219736.36,7938575.79,8650422.67,8710635.28",1
C10507,67,男,苏州,高管,907832.21,278095.12,188854.28,179830.43,34955.88,0.0,3,65551.77,银卡客户,4,存款|理财产品|基金|保险,"820280.69,829877.41,732425.52,711666.81,662220.24,692610.09,754403.84,682365.61,750413.71,793879.43,688210.22,677924.75",0
C10508,53,女,南京,自由职业,1273952.75,353990.56,83110.26,64914.1,62021.93,1816.66,2,158130.22,金卡客户,5,存款|理财产品|基金|保险|信托,"937989.84,915148.94,857490.57,1038965.72,963915.82,1006318.29,1192090.72,1056213.81,1170296.81,1194662.5,1220534.94,1251046.1",0
C10509,50,男,苏州,专业人士,723022.44,284261.42,152699.29,136177.22,7133.7,0.0,11,84505.77,银卡客户,4,存款|理财产品|基金|保险,"557322.6,537625.79,549587.76,539747.41,488865.08,558320.68,589305.64,542800.53,516297.83,513568.86,498186.48,504594.09",0
C10510,44,男,成都,公务员,867767.62,327084.96,139208.94,150498.25,116691.13,0.0,4,21715.55,银卡客户,5,存款|理财产品|基金|保险|贵金属,"659934.33,687186.15,735567.64,774267.66,779918.58,845095.88,896215.81,929376.38,968225.96,1018985.54,1067167.06,1118243.23",0
C10511,47,男,成都,公务员,11007590.69,1804983.69,1568637.01,1069012.19,565579.75,48106.2,4,664890.74,钻石客户,6,存款|理财产品|基金|保险|信托|国债,"8975311.07,8595255.77,10649110.15,10478640.2,9367134.82,12459842.18,11556310.16,13643106.65,13046067.54,13276134.71,14054310.75,14161709.28",1
C10512,45,女,上海,自由职业,26832531.76,2656661.9,3226443.79,504837.99,2194409.04,3594195.13,15,2065599.35,钻石客户,8,存款|理财产品|基金|保险|信托|贵金属|外汇|国债,"25185808.44,25533898.68,25083365.63,24601434.95,25658976.62,22747616.56,26061632.32,24993685.52,23633593.99,23370928.71,23976618.89,25087158.82",1
C10513,46,女,苏州,公务员,7275755.76,1622021.67,1870561.46,993421.85,449260.6,156899.74,14,473490.91,白金客户,6,存款|理财产品|基金|保险|信托|国债,"5435332.96,5467154.72,5605188.97,5918909.2,5277583.11,5020854.29,5629817.27,5390423.85,5066600.34,5041818.0,4929978.69,4927215.51",1
C10514,43,女,北京,企业主,1171280.9,358250.92,176102.07,108020.78,18556.08,171531.8,2,118679.67,金卡客户,5,存款|理财产品|基金|保险|信托,"810801.13,869014.54,878443.22,902757.19,967058.42,973657.47,1047838.89,1042357.38,1105715.41,1128840.86,1177930.73,1204637.16",0
C10515,42,男,深圳,公务员,1992673.93,627232.67,220537.82,356276.13,110437.59,168675.64,4,177238.18,金卡客户,7,存款|理财产品|基金|保险|信托|外汇|国债,"1292317.65,1565775.66,1943083.23,2194264.09,2134940.82,2151364.37,2203313.44,2532743.26,2701965.07,2449816.98,2378968.86,2488730.84",0
C10516,64,男,杭州,专业人士,1499116.06,129945.47,430980.19,320313.83,17650.39,215808.93,2,134177.9,金卡客户,5,存款|理财产品|基金|保险|信托,"924777.1,977511.09,1033856.52,1072848.09,1112957.72,1163291.92,1198688.39,1289953.71,1368115.92,1378507.55,1445373.87,1523607.03",0
C10517,60,男,杭州,退休,795281.65,214150.39,66983.06,100802.54,92251.5,0.0,9,86519.03,银卡客户,5,存款|理财产品|基金|保险|贵金属,"503858.29,577095.23,586080.09,583794.27,598465.75,634731.41,635458.48,700282.3,737065.0,784666.46,787202.84,821016.92",0
C10518,40,女,深圳,自由职业,798777.46,245631.38,3714.3,175728.18,12078.09,0.0,11,104716.21,银卡客户,4,存款|理财产品|基金|保险,"578415.54,603763.04,595807.99,578906.82,586372.2,605237.49,610122.28,602869.39,584221.63,597635.41,643785.95,588411.34",0
C10519,50,男,成都,公务员,1335101.5,222641.33,121603.07,137148.99,4624.05,178509.78,50,171313.27,金卡客户,6,存款|理财产品|基金|保险|信托|外汇,"911875.63,966136.95,859237.38,965430.13,889032.5,864486.2,905678.81,921065.65,898943.81,868541.58,878829.81,774705.45",0
C10520,37,男,武汉,公务员,735797.72,246966.05,156365.77,152447.04,31528.05,0.0,16,8710.87,银卡客户,5,存款|理财产品|基金|保险|国债,"612008.26,609212.72,614166.18,628916.47,627477.73,634065.4,639606.34,651975.1,665505.67,675966.22,667387.73,693793.55",0
C10521,29,男,武汉,自由职业,281731.87,83800.85,24039.08,18823.0,37156.87,0.0,6,9225.9,普通客户,5,存款|理财产品|基金|保险|贵金属,"178635.22,190809.21,182190.43,196740.31,185531.69,213190.93,201062.58,194120.28,197034.63,200412.44,221689.98,198349.63",0
C10522,34,男,深圳,公务员,1073583.73,141556.0,17280.03,115210.53,126930.63,153583.05,6,159594.33,金卡客户,5,存款|理财产品|基金|保险|信托,"808362.53,784377.52,856323.76,894148.44,932445.11,926941.99,1083589.64,1075007.35,1085576.72,1098365.54,1126546.77,1233138.36",0
C10523,37,男,北京,专业人士,102958.68,6762.91,29574.62,24526.55,4314.32,0.0,10,11573.95,普通客户,4,存款|理财产品|基金|保险,"81793.92,86230.78,80848.74,85665.98,80225.71,86806.55,90464.08,87873.6,86673.64,92235.35,90866.9,91221.46",0
C10524,29,女,北京,自由职业,2454369.19,566544.92,283583.27,34978.81,140187.58,443360.52,7,344500.49,金卡客户,5,存款|理财产品|基金|保险|信托,"1918252.92,1927048.83,1899749.13,1876146.48,1859302.37,1874817.39,1823559.14,1831766.54,1796704.21,1831744.92,1790992.21,1787400.62",0
C10525,36,男,北京,专业人士,3641982.06,841314.57,625114.62,118266.84,459262.05,573218.61,13,371139.3,金卡客户,5,存款|理财产品|基金|保险|信托,"2809476.4,3367170.69,3029066.81,2904946.93,2908469.09,3519066.21,3384683.46,3125880.64,3152392.88,3306689.97,3460425.48,3288504.21",0
C10526,33,女,北京,自由职业,8104404.77,1102172.97,22110.88,878938.98,436386.25,873799.1,11,536286.29,白金客户,7,存款|理财产品|基金|保险|信托|外汇|国债,"7116349.2,6237707.54,6805246.64,6057885.37,6591680.57,7005471.98,6200971.93,5723754.91,6072296.94,5677097.76,6191318.59,5783056.12",1
C10527,70,男,重庆,白领,12459995.03,3334913.06,2842868.24,2260529.21,1293404.85,2047276.52,10,1250942.3,钻石客户,5,存款|理财产品|基金|保险|信托,"11896040.05,12120541.88,12030158.96,11400040.85,11479044.57,12056822.96,11805754.82,12191623.58,11624327.23,12040501.67,11716154.77,11430422.77",1
C10528,58,女,南京,自由职业,782325.51,163160.56,181102.27,164883.6,83420.42,0.0,50,84546.68,银卡客户,4,存款|理财产品|基金|保险,"620466.15,654868.81,727043.0,665062.99,728062.12,743502.87,747192.67,769808.08,790897.41,769122.14,834274.39,871248.73",0
C10529,49,男,深圳,公务员,15159274.61,1833289.41,3035775.8,2462369.67,2049250.61,2518843.01,12,2143298.66,钻石客户,6,存款|理财产品|基金|保险|信托|国债,"14307920.26,14339240.59,14676287.66,14158146.29,15859972.66,16037501.46,16158065.99,17291613.15,16278764.9,17071801.21,17331364.19,18029354.52",1
C10530,46,男,广州,退休,4062368.94,960790.77,43268.33,965666.77,167801.64,13149.62,8,118986.68,金卡客户,6,存款|理财产品|基金|保险|信托|贵金属,"2541370.15,2626489.34,2501938.4,2465169.74,2652777.56,2627822.21,2560632.82,2678331.62,2703505.31,2689723.87,2691143.86,2510378.21",0
C10531,64,男,南京,自由职业,13161612.53,2938755.87,1705482.11,1350070.88,996251.18,965787.71,5,1511325.13,钻石客户,6,存款|理财产品|基金|保险|信托|国债,"12240288.46,13096356.32,12653503.4,12553744.43,12438842.43,13339603.78,13496892.97,13435791.3,13210060.91,13180036.17,12629936.18,13068509.16",1
C10532,34,女,北京,专业人士,235600.07,76085.84,47416.24,43099.5,28689.4,0.0,14,16857.8,普通客户,4,存款|理财产品|基金|保险,"182306.44,163811.7,160577.56,167808.04,204193.76,186746.35,195762.86,224065.5,197458.62,208489.79,214176.68,250705.28",0
C10533,74,女,武汉,白领,5070280.24,1358340.61,1506175.15,1038608.65,33699.47,325100.19,6,456642.62,白金客户,5,存款|理财产品|基金|保险|信托,"3703719.16,3623983.55,3615145.64,3460523.81,3466906.78,3559628.08,3511393.86,3463588.58,3401203.42,3404223.51,3452450.31,3336830.95",1
C10534,55,男,上海,退休,5734699.26,1774201.42,549050.74,150113.15,616548.74,343735.39,5,310174.61,白金客户,6,存款|理财产品|基金|保险|信托|国债,"3614045.8,3692395.51,3479899.41,3612972.74,3597080.25,3581215.27,4082679.04,3581105.12,3506617.5,3517249.82,3890214.41,3336657.91",1
C10535,33,男,苏州,退休,4393412.7,1010436.58,118198.08,705948.43,102390.91,364111.26,23,430887.64,金卡客户,5,存款|理财产品|基金|保险|信托,"2883157.12,2901750.32,2966077.92,2931909.0,2924629.29,2962367.36,2892311.91,2954069.28,3044529.66,3004675.79,3004868.42,3042185.12",0
C10536,56,男,上海,自由职业,12632688.79,2487290.81,2480718.42,1591943.03,1378264.59,1210823.96,3,1645671.45,钻石客户,6,存款|理财产品|基金|保险|信托|外汇,"10315766.57,10622961.98,11690323.12,11770595.22,9895521.34,10045462.31,11229621.7,9561671.26,9187737.12,8934082.5,10192410.56,9993763.15",1
C10537,34,女,杭州,专业人士,195998.79,75654.5,45163.41,10196.21,11295.09,0.0,2,16887.59,普通客户,4,存款|理财产品|基金|保险,"187666.68,189421.8,189972.84,182101.92,191092.39,184557.56,194965.78,183297.3,191025.33,200418.95,195343.01,203968.06",0
C10538,42,男,重庆,退休,3779563.09,1128426.59,721142.68,894052.14,117355.91,747627.24,10,388282.18,金卡客户,7,存款|理财产品|基金|保险|信托|外汇|国债,"3882481.17,3806351.12,4068569.95,3818102.87,4057234.55,3920417.11,4112310.91,3977065.14,4456286.49,4489453.29,4358010.51,4534707.57",0
C10539,45,女,北京,企业主,22204858.65,8626752.33,6328124.26,5461501.53,2885905.91,4039292.9,1,897498.83,钻石客户,5,存款|理财产品|基金|保险|信托,"17397643.93,18805152.9,19330289.98,16078111.47,16017792.44,15764524.13,17639579.11,17481882.5,15498732.95,18301565.62,15604434.49,17115785.33",1
C10540,57,男,广州,公务员,814067.11,95474.77,109889.19,31985.27,68260.33,0.0,4,107423.07,银卡客户,4,存款|理财产品|基金|保险,"643298.79,656326.89,675182.25,666231.91,668595.72,694000.21,716796.01,707971.05,711720.22,734067.76,723941.62,752151.92",0
C10541,62,男,苏州,退休,227683.25,59813.06,39337.55,22589.11,33834.72,0.0,11,30387.68,普通客户,4,存款|理财产品|基金|保险,"163442.71,152455.12,154155.96,142438.95,156786.92,176122.05,158565.38,147164.2,168921.47,147895.84,172562.89,143275.94",0
C10542,49,男,北京,公务员,15494546.21,3734526.57,2147454.98,3489302.08,2106942.12,2547047.37,31,1012419.61,钻石客户,8,存款|理财产品|基金|保险|信托|贵金属|外汇|国债,"10630733.48,12040018.89,11378900.59,11194901.23,11410352.62,13850709.98,12410132.72,10631679.04,12060632.91,12752583.92,14434020.86,13878263.31",1
C10543,31,女,苏州,公务员,309763.1,89014.38,43061.73,33892.14,39748.84,0.0,22,5273.29,银卡客户,4,存款|理财产品|基金|保险,"250807.23,229761.93,258114.28,254274.18,264079.85,276974.06,248892.93,238670.56,273549.44,274420.6,262028.08,304175.28",0
C10544,38,男,南京,高管,1929242.13,563897.0,265832.87,65222.2,91099.05,123507.42,3,243218.8,金卡客户,6,存款|理财产品|基金|保险|信托|外汇,"1686777.24,1709485.76,1759981.96,1888014.4,1879490.64,1973189.48,2031942.7,2049855.72,2196716.55,2250833.41,2224010.74,2386477.66",0
C10545,33,男,成都,白领,5485096.78,673051.7,994825.42,553839.98,637002.55,664693.84,7,434596.09,白金客户,6,存款|理财产品|基金|保险|信托|国债,"4734379.93,4731611.33,4745994.78,5022013.01,5157428.92,5242174.24,5524038.69,5285347.3,5389164.54,5906337.9,6243091.78,6142205.75",1
C10546,64,女,重庆,白领,1449961.68,320193.9,165921.27,301365.94,106616.0,71445.82,2,154896.69,金卡客户,5,存款|理财产品|基金|保险|信托,"1322233.73,1401122.08,1459658.29,1498047.57,1523104.35,1618511.0,1452794.86,1689066.29,1666150.45,1883672.9,1854055.16,1932109.65",0
C10547,22,女,苏州,白领,842530.22,254933.21,156217.95,19283.78,14300.98,0.0,12,21216.69,银卡客户,5,存款|理财产品|基金|保险|外汇,"632031.28,711290.32,562325.24,630938.26,658604.17,717951.9,731311.27,679459.66,762004.05,723302.18,797075.22,727509.69",0
C10548,43,男,武汉,自由职业,1308955.89,276593.44,323902.29,228967.38,189939.84,212341.05,9,111221.93,金卡客户,6,存款|理财产品|基金|保险|信托|贵金属,"1228418.32,1303106.93,1344710.4,1532705.83,1464054.91,1547364.24,1669475.87,1626192.67,1763351.2,1733518.12,1905899.2,1914853.19",0
C10549,41,男,杭州,专业人士,4272671.72,289318.81,709457.85,315030.64,85669.36,659545.17,3,172779.82,金卡客户,6,存款|理财产品|基金|保险|信托|贵金属,"3505978.66,3545725.31,3577874.17,3519258.21,3273472.92,3472578.91,3376432.66,3280476.8,3306768.23,3157335.16,3098553.94,3151484.64",0
C10550,61,男,武汉,白领,577837.23,195164.93,81980.54,27805.64,8643.6,0.0,12,58429.38,银卡客户,5,存款|理财产品|基金|保险|贵金属,"456124.87,462320.52,438844.41,495824.27,496324.09,534303.27,509466.62,466837.62,481412.85,562993.58,537132.74,578091.73",0
C10551,46,男,北京,公务员,1882692.16,177146.74,126591.57,49959.43,269386.7,104889.57,5,135828.07,金卡客户,5,存款|理财产品|基金|保险|信托,"1756992.14,1759227.11,1580517.18,1890928.34,1941647.26,2123821.35,2145053.35,2141299.92,2471044.53,2424485.08,2452484.49,2557887.32",0
C10552,45,女,苏州,企业主,4188139.53,871177.4,483578.67,819550.68,100901.09,817604.56,3,202975.27,金卡客户,7,存款|理财产品|基金|保险|信托|外汇|国债,"3583298.25,3697281.26,3705112.72,3815491.56,3557960.79,3807910.85,3485261.62,3678278.28,3510853.24,3442778.21,3640237.3,3492789.48",0
C10553,45,男,广州,公务员,104102683.68,16158757.9,20839055.96,16788757.0,9022915.42,2368580.11,6,7992536.09,钻石客户,8,存款|理财产品|基金|保险|信托|贵金属|外汇|国债,"84243088.06,82931121.02,73789692.96,78152525.43,84553684.45,70437486.58,73208693.13,78618171.7,74434115.7,67656809.13,68753366.73,66759433.79",1
C10554,33,女,北京,专业人士,1898851.65,330036.35,421250.89,234620.18,8159.16,234261.27,15,151791.78,金卡客户,5,存款|理财产品|基金|保险|信托,"1683602.87,1799668.49,1824458.0,1911687.5,1980864.54,2082997.7,2189111.61,2282145.03,2401877.73,2480359.19,2577065.47,2665826.38",0
C10555,57,女,深圳,白领,9116390.7,2487135.46,385750.87,1480645.81,261656.04,751049.52,5,308511.26,白金客户,7,存款|理财产品|基金|保险|信托|贵金属|外汇,"7451723.66,7539748.19,7613988.33,7495614.62,7939342.86,7968770.1,7947916.68,8072921.58,8086581.54,8089977.86,8638972.3,8780597.66",1
C10556,31,男,北京,自由职业,1674519.15,392616.8,426903.05,25077.89,57132.44,86867.35,25,107366.99,金卡客户,7,存款|理财产品|基金|保险|信托|外汇|国债,"1471192.75,1456218.1,1584912.52,1603573.17,1528327.16,1526529.42,1751061.13,1595946.1,1520335.27,1690216.61,1773461.81,1692359.78",0
C10557,53,女,上海,退休,2841747.54,1064033.35,284599.47,232871.31,170784.05,401278.05,15,253521.42,金卡客户,6,存款|理财产品|基金|保险|信托|外汇,"1972882.63,2066671.51,2011441.6,1909877.6,1858593.91,1924292.97,2008483.58,1974742.25,1913079.18,1965495.45,2030863.59,1955149.4",0
C10558,43,男,上海,企业主,12800393.08,2479263.64,453889.69,533562.78,856004.11,870864.38,1,1282944.02,钻石客户,7,存款|理财产品|基金|保险|信托|外汇|国债,"11178098.26,12665944.82,12047012.74,12773122.68,13307311.12,13515957.27,13801389.74,13128931.22,13250209.47,12606560.89,14443709.99,15089374.22",1
C10559,69,男,成都,自由职业,2344373.92,397729.79,323250.48,168208.93,124532.19,13556.02,2,345601.14,金卡客户,5,存款|理财产品|基金|保险|信托,"1794291.26,1906046.64,1953174.85,1863558.13,1948458.52,1991265.41,2036547.7,2013155.31,2038118.62,2026682.84,1974347.99,2002562.97",0
C10560,25,女,广州,退休,9580949.23,1403716.28,146508.24,2184781.94,1269291.63,1860233.56,19,845618.7,白金客户,8,存款|理财产品|基金|保险|信托|贵金属|外汇|国债,"9947190.61,10330207.05,9147307.24,8726031.98,8505023.04,8166662.1,8305730.81,8426137.76,8264151.5,8079764.75,9896442.83,7691514.06",1
C10561,47,女,武汉,企业主,3018932.54,929965.23,816912.36,178421.9,206628.97,111391.29,6,187091.98,金卡客户,6,存款|理财产品|基金|保险|信托|外汇,"2489337.6,2654069.4,2699919.51,2687529.61,2741300.75,2995926.28,3048868.11,3133886.31,3235156.03,3463939.26,3691672.29,3690706.24",0
C10562,53,男,武汉,退休,2244960.24,308306.34,341672.96,72710.75,293505.14,160693.39,2,87246.07,金卡客户,5,存款|理财产品|基金|保险|信托,"1641146.24,1503300.96,1583840.15,1513792.89,1656783.96,1505247.14,1457328.22,1641216.52,1540694.79,1691761.59,1340820.28,1483576.37",0
C10563,52,男,杭州,退休,2938236.39,970529.95,358928.65,234816.12,204168.12,86310.41,12,176262.63,金卡客户,7,存款|理财产品|基金|保险|信托|外汇|国债,"1867137.23,1886197.83,2123984.26,2063411.4,2013653.04,1989296.61,1844725.7,1690169.25,2056433.62,2177041.4,2056321.42,2008350.16",0
C10564,51,女,成都,白领,2273637.56,726458.49,433162.79,134823.5,298089.54,332915.02,12,325577.56,金卡客户,6,存款|理财产品|基金|保险|信托|贵金属,"1711376.08,1820869.54,1700324.25,1666829.1,1991333.15,2138293.17,2127099.21,2014312.23,2280528.66,2223984.58,2270745.63,2526857.54",0
C10565,47,女,广州,企业主,4083768.36,613540.47,107925.24,877528.95,362069.38,736798.77,5,434388.19,金卡客户,5,存款|理财产品|基金|保险|信托,"3660389.2,3567697.71,3344047.54,3667180.99,3319211.28,3766475.72,4095759.9,3928832.16,4068553.31,3751489.69,4006540.73,4111664.93",0
C10566,40,男,北京,自由职业,5179468.09,1583118.42,1085536.71,439835.69,295156.02,992503.69,6,590251.23,白金客户,5,存款|理财产品|基金|保险|信托,"4207351.48,4574077.67,4316376.21,4625472.24,4834067.42,5015002.33,5360333.32,5429636.45,4898970.84,5435940.24,5445858.41,6154090.4",1
C10567,48,男,成都,自由职业,12442474.66,3971283.5,1307645.08,1156681.38,1351395.38,1244206.48,11,1118328.37,钻石客户,6,存款|理财产品|基金|保险|信托|国债,"8502422.26,7492169.78,8208527.35,7955896.84,8426020.25,7391049.35,7596781.89,7997846.87,8417630.86,8310214.4,8622938.29,8274793.24",1
C10568,44,男,北京,公务员,658054.23,117897.27,132229.17,154367.97,8468.28,0.0,3,48515.68,银卡客户,5,存款|理财产品|基金|保险|国债,"530507.69,574674.36,639138.04,639231.88,665797.15,734318.08,741143.53,738526.18,810730.31,822845.21,838682.45,887483.11",0
C10569,75,男,杭州,高管,2062462.4,661074.35,443199.04,315003.81,263737.45,116350.77,5,276179.24,金卡客户,5,存款|理财产品|基金|保险|信托,"1285084.81,1352723.17,1438968.45,1541186.17,1600761.18,1646529.5,1750741.0,1799511.45,1900143.11,1972364.42,2123843.15,2207374.82",0
C10570,42,女,上海,公务员,6135049.54,1662749.88,709340.17,548472.7,919.33,986876.05,10,292640.84,白金客户,5,存款|理财产品|基金|保险|信托,"5455525.99,5603653.99,5718834.47,6027849.91,6283514.3,6387343.54,6680033.13,7059090.91,7332896.95,7479499.75,7909936.45,8177957.36",1
C10571,56,女,上海,专业人士,76114.38,23818.52,6436.85,4168.53,10573.8,0.0,50,6853.29,普通客户,5,存款|理财产品|基金|保险|贵金属,"52252.08,53746.66,53800.21,55264.67,56179.27,59835.6,59062.0,61981.7,60912.1,63597.56,63000.74,68580.64",0
C10572,32,男,上海,专业人士,1384571.92,501477.37,152964.84,250733.07,17185.48,163683.76,11,177874.69,金卡客户,5,存款|理财产品|基金|保险|信托,"1141555.12,1154463.83,1072158.3,1157363.2,1073584.14,1026123.71,1045845.75,1058068.23,1034367.66,1005103.85,1018645.87,1001702.79",0
C10573,57,男,上海,企业主,5421949.69,1088985.96,1181295.23,939890.95,166303.63,63444.57,1,468678.46,白金客户,5,存款|理财产品|基金|保险|信托,"5021325.2,5270845.27,5678544.65,5086874.04,5452625.21,5022154.65,5688350.22,5249865.06,5671267.32,5723836.44,5008202.64,5658849.43",1
C10574,37,男,上海,白领,3994094.95,1159016.9,781856.06,414987.93,60013.88,727859.57,1,369196.1,金卡客户,7,存款|理财产品|基金|保险|信托|贵金属|外汇,"2802388.1,2442555.2,3318295.73,2788772.41,2749944.25,2500116.95,2763950.48,2671105.21,2318411.24,2474242.94,2839474.83,3061514.9",0
C10575,50,男,重庆,自由职业,4352786.53,332791.35,4390.71,414241.92,392467.08,547754.79,7,333869.19,金卡客户,7,存款|理财产品|基金|保险|信托|贵金属|外汇,"3819649.9,4334514.75,4758862.74,4318319.0,4502770.64,4720939.73,5004052.58,4641376.38,4384095.5,5298082.54,5662045.41,5464304.43",0
C10576,35,男,北京,公务员,1748762.69,527150.87,106878.67,282630.01,180233.2,89257.59,37,131727.14,金卡客户,5,存款|理财产品|基金|保险|信托,"1398758.48,1363499.01,1322791.63,1333167.89,1367978.05,1390940.63,1408457.11,1368798.02,1417354.44,1339913.39,1469088.67,1298431.56",0
C10577,40,男,南京,企业主,4909077.55,1100094.74,643615.52,482184.69,367952.99,518904.39,50,524615.07,金卡客户,5,存款|理财产品|基金|保险|信托,"3730282.52,3845101.17,3855800.47,3964571.21,3956517.83,4055385.54,4100779.7,4062515.44,4221775.32,4345195.36,4395712.49,4228701.39",0
C10578,24,女,苏州,自由职业,5816831.0,884477.54,570148.93,540298.13,344257.02,116708.31,3,774655.29,白金客户,6,存款|理财产品|基金|保险|信托|外汇,"5390089.87,4837512.5,5353548.14,5251917.31,5532993.82,5301955.9,5819392.49,5770595.61,5792106.12,5629531.86,6399068.83,5977764.19",1
C10579,48,男,深圳,企业主,28435610.77,3441826.28,7355944.42,2435098.92,4037181.58,408039.44,11,2219945.85,钻石客户,7,存款|理财产品|基金|保险|信托|贵金属|外汇,"22398342.07,23688381.35,23752205.74,20542655.34,23789406.5,21103480.83,21347543.08,21952900.92,20786161.3,22191198.48,20823600.22,19459876.14",1
C10580,18,女,上海,专业人士,5242350.13,1972256.22,1067127.31,1083380.34,213189.42,570147.71,7,337056.65,白金客户,6,存款|理财产品|基金|保险|信托|贵金属,"3959607.68,4452580.55,4654515.66,4371302.47,4785179.81,5147971.93,5084436.96,5751652.87,5477525.48,5938033.04,6108681.82,6508119.44",1
C10581,58,男,杭州,白领,15337860.0,1209138.85,1636465.76,1664157.87,599624.35,529546.58,17,451697.63,钻石客户,7,存款|理财产品|基金|保险|信托|贵金属|国债,"15349967.33,14439771.56,16370805.68,16592891.19,17563973.09,19127243.63,18133783.98,19078443.82,18753166.77,21048813.73,21525980.42,21780596.04",1
C10582,29,男,北京,企业主,1139807.52,229331.1,109717.32,201335.83,148786.2,178898.08,2,124657.81,金卡客户,6,存款|理财产品|基金|保险|信托|外汇,"842435.3,817370.32,872034.74,886423.96,712672.89,808293.54,820060.5,843386.38,813663.91,827360.01,785236.21,747608.53",0
C10583,56,女,武汉,高管,14736025.57,1601746.62,406557.66,2119709.87,2161991.83,2425403.39,13,1046516.42,钻石客户,7,存款|理财产品|基金|保险|信托|外汇|国债,"11749123.09,12115911.69,11445686.49,12275587.12,12153695.43,12965696.05,14493500.17,12923874.21,13226743.93,12528685.59,13338157.81,13183119.07",1
C10584,56,女,广州,白领,463268.21,112340.75,120773.94,88402.41,60357.52,0.0,6,62353.31,银卡客户,4,存款|理财产品|基金|保险,"329215.75,346412.81,380541.45,387799.41,411155.09,416198.8,440548.21,469503.98,476031.51,489473.81,493129.0,547248.04",0
C10585,33,男,广州,白领,16201779.99,6260736.63,566479.14,2874065.01,559797.8,1343052.15,6,236558.65,钻石客户,8,存款|理财产品|基金|保险|信托|贵金属|外汇|国债,"13807211.56,16716393.87,15096527.3,15688741.19,19081740.85,16745040.04,15966434.63,20133694.89,19627504.27,20370565.01,20911817.97,22254597.38",1
C10586,33,男,武汉,退休,12203095.97,1617111.93,3275364.07,138072.89,369423.61,1835460.17,2,227996.33,钻石客户,7,存款|理财产品|基金|保险|信托|外汇|国债,"9971489.98,10323234.62,10911369.48,11390147.78,11616334.34,12098913.61,12964886.3,13478480.93,13917740.31,14243682.76,15017970.4,15615333.61",1
C10587,72,女,深圳,高管,43126097.13,9602637.78,2137819.59,4470965.61,5086468.25,3561001.8,5,4636672.62,钻石客户,8,存款|理财产品|基金|保险|信托|贵金属|外汇|国债,"27331838.08,27275244.06,29515264.15,28721432.54,29786638.28,30318900.11,31376087.62,29882785.99,30027938.4,32893135.21,32655375.01,32889518.17",1
C10588,43,男,成都,企业主,4584307.91,1558632.57,896781.15,525377.54,641543.66,761679.6,49,409700.48,金卡客户,5,存款|理财产品|基金|保险|信托,"2892740.05,3267773.23,3110774.63,3035992.44,2793974.34,2936589.57,2921116.55,2787595.56,3197804.24,2958387.95,3012441.11,3036277.6",0
C10589,41,男,武汉,专业人士,1277488.62,284251.07,263687.88,208227.72,115190.4,236289.81,11,53646.24,金卡客户,6,存款|理财产品|基金|保险|信托|国债,"761369.21,766024.76,885979.32,751245.37,747717.39,735496.89,801882.98,781015.22,818940.68,798166.83,706753.69,728689.28",0
C10590,65,男,重庆,自由职业,1242826.22,93472.13,16931.08,46478.5,71655.71,32572.54,2,174512.07,金卡客户,5,存款|理财产品|基金|保险|信托,"979589.12,1006264.61,963082.05,1019917.02,1007365.21,948324.39,1006101.16,971643.98,996993.73,964251.84,953528.24,947643.6",0
C10591,18,男,重庆,专业人士,3523564.62,913716.82,203108.32,194415.78,25025.27,169633.16,22,205642.65,金卡客户,5,存款|理财产品|基金|保险|信托,"2851036.76,2744620.3,3176270.98,3125537.35,2936338.41,3643655.39,3414580.89,3480407.84,3414646.85,3976148.03,3964435.44,4123061.22",0
C10592,37,男,武汉,自由职业,5974645.28,1928006.32,1085435.34,362468.81,471173.59,279030.1,4,757092.77,白金客户,5,存款|理财产品|基金|保险|信托,"4720948.31,4750623.68,4895491.44,5051279.86,5081811.59,5201777.72,5394051.41,5455784.41,5501512.94,5657727.87,5677941.46,5894955.61",1
C10593,19,女,成都,自由职业,689981.91,98336.77,69529.12,145458.45,2824.2,0.0,17,29134.75,银卡客户,4,存款|理财产品|基金|保险,"457037.17,440144.72,530322.6,554993.64,558626.92,625144.13,592694.24,647247.74,667990.83,650051.46,744687.42,737806.6",0
C10594,59,男,成都,白领,540866.54,96848.96,34952.53,72696.61,67596.75,0.0,2,26530.01,银卡客户,5,存款|理财产品|基金|保险|国债,"485953.1,508251.31,524095.56,515204.11,553475.0,566992.88,589487.22,596653.41,616756.49,643190.85,670225.35,663252.94",0
C10595,52,女,武汉,专业人士,1285337.73,405329.28,13006.37,177108.16,186925.36,252246.14,22,63553.99,金卡客户,6,存款|理财产品|基金|保险|信托|外汇,"1064378.55,1083535.74,1061086.33,1060822.12,1106257.81,1072151.29,1133152.86,1113444.74,1094728.51,1122857.3,1147090.37,1137667.91",0
C10596,45,男,广州,企业主,12408701.07,4051557.13,1633152.14,1339907.43,1036355.13,1443604.92,4,1551509.24,钻石客户,7,存款|理财产品|基金|保险|信托|外汇|国债,"9433582.92,9489319.65,9867734.86,10068641.84,10038954.6,10362839.37,10501135.31,10824513.62,10898150.96,11488804.97,11923011.61,11741031.58",1
C10597,64,女,南京,公务员,4110919.93,1034889.74,871160.51,428599.6,137937.46,594898.86,6,390929.28,金卡客户,6,存款|理财产品|基金|保险|信托|国债,"3529808.3,3486744.8,4236498.12,4666765.31,4733759.71,4755412.04,5285095.92,5986217.15,5193791.29,5010557.65,6028734.73,6506020.47",0
C10598,21,女,上海,企业主,7701456.18,1106761.07,652261.87,1290982.77,251634.98,1042250.86,16,1003803.66,白金客户,5,存款|理财产品|基金|保险|信托,"6548596.74,6406148.52,6972016.22,7166565.46,6831410.69,7310933.32,7410384.18,7661852.46,7817393.36,8069504.56,8397052.08,8419219.33",1
C10599,30,男,上海,企业主,18903347.94,4956852.1,1137512.91,1625186.24,2396685.84,332155.2,5,2459520.11,钻石客户,7,存款|理财产品|基金|保险|信托|贵金属|国债,"15316776.61,14963265.62,14735964.27,15744856.11,15873670.55,16023788.75,16360380.68,15850220.93,17303671.27,18542305.38,16721492.08,19325404.68",1
C10600,58,男,上海,专业人士,12903046.04,1453304.32,2544015.65,3207794.6,1262127.59,1565607.98,1,1774818.19,钻石客户,6,存款|理财产品|基金|保险|信托|国债,"11111996.41,11450095.94,11586280.92,11338563.66,11769896.32,11464372.3,9858666.06,9852865.64,10472521.23,11995139.95,9884117.13,10250629.6",1
C10601,36,男,武汉,退休,2336461.21,751706.42,552266.75,20026.47,317670.57,429185.34,5,206997.97,金卡客户,6,存款|理财产品|基金|保险|信托|外汇,"1739661.39,1865960.81,1911977.98,1932190.1,2073341.03,2197372.29,2304345.96,2307238.53,2250813.78,2317021.4,2573074.81,2512261.29",0
C10602,54,女,武汉,白领,2992841.12,670704.16,645010.3,616603.18,100887.92,201197.02,5,400768.47,金卡客户,5,存款|理财产品|基金|保险|信托,"2158619.3,2795375.95,2480001.9,2517946.14,2150667.96,2555236.16,2821482.44,2988959.98,2630748.02,2898280.81,3046674.49,2921280.89",0
C10603,18,女,成都,专业人士,1023877.81,401789.19,134341.9,120776.49,76575.52,181042.9,3,96807.61,金卡客户,6,存款|理财产品|基金|保险|信托|国债,"1062189.7,1077518.77,1013047.56,1162076.87,1220845.55,1243039.24,1375124.32,1340544.67,1410854.2,1447290.83,1533229.41,1628952.07",0
C10604,42,女,北京,专业人士,1767647.0,94677.38,368887.29,274119.22,171015.14,132355.32,14,218404.28,金卡客户,6,存款|理财产品|基金|保险|信托|贵金属,"1129240.25,1177870.82,1197004.42,1287984.62,1392732.36,1295296.96,1501596.05,1454788.12,1469164.03,1467916.61,1646522.93,1647636.62",0
C10605,47,男,北京,公务员,1275417.24,306474.76,105218.53,166773.98,97378.99,80651.79,1,160993.43,金卡客户,5,存款|理财产品|基金|保险|信托,"1094813.26,1198308.75,1377935.29,1400739.41,1382513.38,1398759.04,1606998.06,1693299.13,1856453.05,1662414.83,1934571.07,2084386.67",0
C10606,38,男,北京,白领,327466.08,28906.7,39779.04,65871.64,22967.02,0.0,4,47177.74,银卡客户,5,存款|理财产品|基金|保险|外汇,"317491.9,308843.35,292868.59,214132.64,304462.15,243622.51,274281.25,231646.77,325799.2,294887.99,276511.58,316069.71",0
C10607,52,女,成都,自由职业,799764.23,152881.7,112958.56,179019.53,67173.05,0.0,4,40712.27,银卡客户,5,存款|理财产品|基金|保险|国债,"582340.64,751429.86,720942.0,715879.93,755669.53,882699.57,880871.96,947166.71,947401.01,938820.2,1101843.51,1046710.92",0
C10608,57,男,杭州,白领,9441045.78,1194983.74,2467759.94,125027.24,1107710.94,1162794.89,23,1128499.64,白金客户,5,存款|理财产品|基金|保险|信托,"7393048.85,7322118.91,8298218.89,8493794.86,8893570.26,9406196.04,8718636.88,10127000.46,8059514.78,9462795.44,8917954.34,8438398.12",1
C10609,41,男,上海,自由职业,40213707.2,6269798.2,11662348.47,2833567.98,3552145.1,7989793.7,9,5362627.16,钻石客户,7,存款|理财产品|基金|保险|信托|贵金属|国债,"28598339.0,27049308.72,27495401.38,28265698.43,28077946.93,29292551.32,29060145.62,27757321.5,28710664.75,28857921.68,29455242.25,30234432.33",1
C10610,49,男,重庆,白领,144769.28,21330.15,19406.67,15525.27,20832.34,0.0,7,14819.19,普通客户,5,存款|理财产品|基金|保险|外汇,"94824.41,90230.64,87090.09,82959.89,81321.49,97562.76,93376.34,96191.69,89621.11,91331.23,88912.97,97972.7",0
C10611,39,女,上海,自由职业,852538.97,285568.68,27078.32,47323.57,64410.71,0.0,3,107647.35,银卡客户,5,存款|理财产品|基金|保险|贵金属,"761346.5,942123.06,897527.05,887337.59,961628.41,986265.09,1131959.3,1147863.41,1172818.33,1291090.0,1201746.82,1353696.58",0
C10612,53,女,深圳,企业主,3027348.39,452199.27,571371.64,442140.17,287822.63,434293.09,2,62196.29,金卡客户,5,存款|理财产品|基金|保险|信托,"2735266.65,2788371.51,2854915.95,3097189.88,3511520.77,3173672.63,3347279.83,3526354.66,3389474.56,3691452.63,3650879.66,3961141.2",0
C10613,30,男,成都,退休,2419981.27,370040.32,269783.21,61784.36,326685.32,138477.15,5,111920.42,金卡客户,6,存款|理财产品|基金|保险|信托|国债,"2203052.01,2336788.63,2390859.45,2569741.12,2568679.36,2718131.72,2824484.14,2999555.96,3021754.21,3184912.77,3372395.56,3577107.74",0
C10614,48,女,北京,企业主,844365.48,231696.92,101068.75,174266.98,9110.68,0.0,3,82530.15,银卡客户,5,存款|理财产品|基金|保险|外汇,"594426.77,656100.07,647010.62,667891.51,734597.02,676194.32,758366.55,731939.65,819412.92,798211.37,850299.89,861085.91",0
C10615,24,男,武汉,高管,10187145.32,4074505.06,2657396.57,1935515.26,590533.15,1534747.9,39,1466282.43,钻石客户,7,存款|理财产品|基金|保险|信托|贵金属|国债,"8618313.45,8517422.98,9097006.92,8782913.43,8548779.53,8145845.89,8291665.45,9056555.32,9850850.58,8684763.74,10289026.01,10087713.52",1
C10616,24,女,北京,专业人士,431335.54,27926.69,9395.89,26244.96,1263.55,0.0,15,8003.43,银卡客户,4,存款|理财产品|基金|保险,"298839.71,324405.88,351173.02,367910.02,383440.56,382010.03,399248.63,432162.19,441425.43,461515.93,475370.99,518638.54",0
C10617,60,男,深圳,退休,2208975.67,235565.23,354699.2,504028.81,5164.89,283912.47,50,44866.64,金卡客户,7,存款|理财产品|基金|保险|信托|贵金属|外汇,"1876326.71,1980931.07,2190589.32,2040188.51,2063809.03,2061966.25,2152367.1,1963632.49,2105183.92,1938366.38,2245792.37,1940587.39",0
C10618,31,女,成都,高管,5962273.65,1932626.11,142566.44,210246.05,514094.09,719652.99,2,705610.13,白金客户,5,存款|理财产品|基金|保险|信托,"6324815.62,6018565.64,5613957.42,6887160.67,6654838.42,6447256.23,6972791.13,6523913.64,7578321.42,6936932.71,7562914.44,7932477.61",1
C10619,60,女,杭州,企业主,1321200.51,137300.85,332904.46,21086.82,57439.61,80958.65,38,42974.35,金卡客户,6,存款|理财产品|基金|保险|信托|外汇,"1403822.55,1237163.81,1267096.61,1316265.71,1311436.31,1320936.27,1279527.05,1312655.11,1306886.4,1292228.47,1319761.56,1358736.26",0
C10620,44,女,南京,高管,3603968.5,695202.75,630029.95,636102.61,437852.44,440071.53,10,532611.51,金卡客户,5,存款|理财产品|基金|保险|信托,"3113381.59,3173363.24,3480085.01,3701541.02,3641190.54,3775690.87,4070399.4,4407197.13,4546252.54,4440696.34,4905111.08,4816873.3",0
C10621,20,女,广州,企业主,4548586.62,1725560.95,246816.37,210538.77,111473.21,717695.95,1,49320.71,金卡客户,6,存款|理财产品|基金|保险|信托|贵金属,"2931910.02,2913033.68,2901232.17,2865454.67,3091194.41,2902298.6,3009891.98,2962862.03,3022791.39,3074105.16,2935258.61,3066438.09",0
C10622,62,女,北京,退休,13133262.88,3391365.64,817664.35,684022.55,544146.87,1869445.35,21,674947.27,钻石客户,6,存款|理财产品|基金|保险|信托|国债,"8596045.61,7656135.29,7558061.98,8664261.76,7974981.27,7706172.37,7499561.44,7286660.5,6984488.71,8301492.58,6518498.45,8500889.77",1
C10623,51,女,北京,白领,8800524.79,3487451.06,1612191.19,1348456.97,995903.07,408588.92,8,293915.36,白金客户,6,存款|理财产品|基金|保险|信托|国债,"6534723.82,7357858.64,6906612.53,6500471.57,5822256.97,6305727.13,6939294.52,6040250.88,7715311.35,6695466.58,6746670.33,6426423.26",1
C10624,52,女,成都,专业人士,629454.81,172436.14,156638.44,157060.19,79164.43,0.0,1,66346.06,银卡客户,4,存款|理财产品|基金|保险,"419234.56,397623.7,452293.6,435132.98,454808.04,452909.05,491544.8,540230.45,536629.64,530073.75,582789.68,604095.53",0
C10625,46,男,北京,退休,573123.56,178142.3,111116.63,132289.71,14524.75,0.0,13,66019.48,银卡客户,5,存款|理财产品|基金|保险|贵金属,"426208.19,450324.88,468930.36,487188.06,503469.9,525688.04,547096.83,569594.88,596203.91,612535.87,635698.27,656224.41",0
C10626,51,女,广州,自由职业,5597048.27,916983.34,1230449.58,1030440.25,15405.77,404173.71,8,675439.88,白金客户,6,存款|理财产品|基金|保险|信托|贵金属,"3597248.87,3878197.13,3813830.27,4202572.79,4238286.47,4398568.1,4675940.99,4552512.91,4746129.0,5081177.85,5022276.75,5327874.73",1
C10627,59,男,深圳,企业主,7117225.08,1104279.34,1931629.34,161002.83,928609.99,536219.14,49,948635.66,白金客户,6,存款|理财产品|基金|保险|信托|外汇,"6383637.97,6245034.38,6096987.26,6003012.17,5925684.23,5765984.91,5389176.39,5540718.57,5549249.16,5191591.08,5147186.91,5094968.25",1
C10628,47,女,杭州,退休,1256003.36,202736.31,96721.3,6589.3,51424.83,112816.84,12,177282.47,金卡客户,6,存款|理财产品|基金|保险|信托|外汇,"825169.68,876666.03,909696.26,890689.32,891182.63,883319.65,928049.16,946626.93,1038364.36,1045152.02,1091037.06,1022411.24",0
C10629,66,男,重庆,高管,16986895.32,2030464.36,716590.6,523392.88,2198973.68,107219.75,1,2493370.41,钻石客户,7,存款|理财产品|基金|保险|信托|贵金属|外汇,"9906030.11,10716562.23,10805185.99,11505178.22,12713177.95,11868561.46,12179511.76,13844011.69,13448520.17,13506627.66,14829917.36,14030065.54",1
C10630,18,女,上海,公务员,4308306.05,638798.54,158831.46,346669.85,550593.25,328362.52,3,299076.93,金卡客户,7,存款|理财产品|基金|保险|信托|贵金属|外汇,"3717420.59,3580807.82,3631612.92,3477344.51,3927784.26,3827293.01,3248462.66,3323999.92,3559307.01,3301447.4,3480792.55,3436287.51",0
C10631,44,女,成都,高管,2812696.51,686033.43,552909.89,629675.28,358769.89,551656.52,8,412548.73,金卡客户,5,存款|理财产品|基金|保险|信托,"2504913.77,2511459.29,2413730.22,2429451.48,2415434.72,2299659.78,2304169.4,2273068.48,2189608.4,2146924.11,2129886.79,2127159.96",0
C10632,51,女,成都,高管,4423289.78,1564928.61,694448.88,1009126.87,560538.27,646971.75,4,211950.98,金卡客户,8,存款|理财产品|基金|保险|信托|贵金属|外汇|国债,"4310010.08,3729929.68,4358287.84,3673119.41,4152943.81,4006782.97,4204392.82,4500607.87,4549117.1,4322234.38,3827831.12,4058202.46",0
C10633,31,男,苏州,白领,1174597.84,124738.57,270140.17,17294.87,148070.98,221340.36,2,123013.18,金卡客户,5,存款|理财产品|基金|保险|信托,"1026948.32,1000845.77,1039321.51,1030333.69,1141745.71,1155992.06,1134103.77,1139706.39,1158141.13,1302245.03,1294086.08,1333185.22",0
C10634,32,男,苏州,退休,353158.83,128415.56,36710.84,76003.45,2854.59,0.0,25,40724.9,银卡客户,4,存款|理财产品|基金|保险,"326276.36,337406.0,365433.57,369140.83,359536.49,409991.01,374901.54,398733.75,444848.99,459965.1,460998.36,487029.92",0
C10635,18,女,苏州,白领,1556313.26,605960.87,255544.49,178826.62,77365.44,204672.27,9,65637.29,金卡客户,7,存款|理财产品|基金|保险|信托|贵金属|外汇,"1146742.92,1197197.34,1281546.63,1260919.05,1252318.78,1252078.87,1334155.4,1338440.49,1388949.81,1307860.59,1460555.52,1384454.9",0
C10636,37,男,广州,自由职业,11641614.01,3465896.0,1567885.98,35260.32,908890.05,2290902.47,1,152425.1,钻石客户,6,存款|理财产品|基金|保险|信托|贵金属,"11441583.6,12303155.15,13413247.52,12114564.56,13805822.85,12827122.94,13878615.19,14515264.38,14258694.22,15044984.29,15970332.71,15544943.48",1
C10637,70,女,深圳,公务员,577512.07,73341.1,1947.19,32802.02,28821.74,0.0,4,8327.41,银卡客户,5,存款|理财产品|基金|保险|国债,"463855.36,501365.43,495522.32,516663.61,665290.53,628535.66,617511.28,710628.86,671107.48,709798.58,758028.07,887859.23",0
C10638,41,男,重庆,公务员,123166.36,18901.73,28631.02,26308.96,7767.41,0.0,4,10361.38,普通客户,6,存款|理财产品|基金|保险|贵金属|外汇,"89946.31,94442.72,90187.98,91144.56,101008.24,111490.1,117702.68,115883.57,114473.91,119683.12,121786.33,118974.57",0
C10639,45,男,上海,退休,1651926.35,139085.65,232248.32,33639.09,169023.28,261126.02,49,239088.66,金卡客户,6,存款|理财产品|基金|保险|信托|贵金属,"1663229.1,1613257.2,1702639.59,1731787.39,1772397.55,1830520.29,1835552.65,1893525.93,1936933.98,1952344.32,2042158.77,2064095.8",0
C10640,72,女,广州,高管,1736515.44,571019.12,305423.64,110068.45,213030.45,19018.1,4,195150.74,金卡客户,5,存款|理财产品|基金|保险|信托,"1233494.45,1198026.4,1213558.74,1269753.28,1320072.0,1369658.51,1466463.82,1520755.22,1479031.15,1634426.71,1676766.85,1697591.35",0
C10641,22,男,武汉,白领,705604.13,205755.11,10.19,164370.07,58252.9,0.0,24,68335.95,银卡客户,4,存款|理财产品|基金|保险,"630557.32,653381.28,602727.54,664156.28,741548.54,751932.92,767467.74,817789.49,804024.8,897621.04,923126.51,954182.32",0
C10642,42,男,苏州,企业主,5498696.32,1084298.98,972583.49,830051.88,240823.11,1012435.25,6,389312.36,白金客户,5,存款|理财产品|基金|保险|信托,"4294845.97,4442064.83,4199249.49,4358418.51,4364755.98,4450406.25,4251977.12,4339477.78,4335115.44,4438544.73,4533216.15,4659702.15",1
C10643,39,女,杭州,白领,1228054.97,222360.55,208318.43,244753.37,80702.51,235800.87,8,59009.42,金卡客户,5,存款|理财产品|基金|保险|信托,"1181601.42,1167438.74,1135082.35,1121995.75,1136589.75,1139829.38,1112444.08,1138391.02,1162800.88,1104400.9,1155065.75,1166305.79",0
C10644,36,女,北京,高管,28860687.01,10441875.49,658318.59,5783020.57,1011152.49,2703841.98,8,1137586.58,钻石客户,7,存款|理财产品|基金|保险|信托|贵金属|国债,"24788215.74,25011127.7,23755694.83,24122547.85,26125776.14,26004743.92,26241762.37,26913248.78,26172270.94,26536632.16,27909429.51,26346813.96",1
C10645,18,女,广州,自由职业,3042565.01,498874.41,222452.6,474684.6,203955.68,554060.83,50,239843.64,金卡客户,5,存款|理财产品|基金|保险|信托,"2602905.28,2615349.06,2585323.52,2460179.56,2286167.53,2367428.41,2257849.81,2360317.78,2223203.09,2290567.0,2669088.48,2364453.32",0
C10646,38,女,深圳,白领,594115.75,222505.06,173662.26,133426.82,28286.33,0.0,6,25285.33,银卡客户,4,存款|理财产品|基金|保险,"557926.06,515774.21,513768.96,511361.58,511321.11,528547.8,487981.46,504611.37,515481.21,472236.78,472792.79,448032.28",0
C10647,30,女,武汉,公务员,8682760.09,3353345.34,429893.86,2165008.23,510750.32,1255874.67,17,782646.74,白金客户,5,存款|理财产品|基金|保险|信托,"5523987.53,5356706.03,5842228.33,5575987.09,5947283.74,5548355.11,6309372.97,6555726.38,6222250.45,6377572.04,6461350.89,6644348.09",1
C10648,44,男,武汉,自由职业,5984466.15,1075706.28,731320.47,648055.18,827941.67,828925.15,3,252852.51,白金客户,7,存款|理财产品|基金|保险|信托|贵金属|外汇,"3747880.7,3824816.77,3889329.17,4047953.09,4184972.99,3974648.83,3903831.1,4185217.82,3752916.56,3677269.79,4691024.48,4013969.75",1
C10649,38,女,重庆,自由职业,6165981.59,426187.72,1167674.85,540830.31,711162.22,1064623.67,3,376586.99,白金客户,6,存款|理财产品|基金|保险|信托|外汇,"4716812.34,4226348.83,4342301.11,4655621.53,4266025.49,4701239.35,4467100.52,4508860.14,4745889.19,4407799.91,4783159.8,4543345.9",1
C10650,37,男,武汉,白领,10364450.52,2648999.81,501339.28,39443.14,1089514.9,1140379.09,21,733719.03,钻石客户,6,存款|理财产品|基金|保险|信托|贵金属,"9114602.51,8025070.82,9989600.76,10906856.92,9110112.26,11564263.57,11308489.5,12828866.05,12456625.6,13296833.57,13900491.14,14753521.41",1
C10651,51,男,北京,白领,683871.59,61794.21,32670.4,128392.32,72920.2,0.0,7,26352.73,银卡客户,4,存款|理财产品|基金|保险,"563669.79,552221.3,560986.45,635062.09,597174.36,640510.96,661087.49,674808.64,711261.53,698794.49,778353.7,746386.59",0
C10652,42,女,上海,退休,415231.67,104413.83,70388.19,63854.67,31281.77,0.0,4,28176.89,银卡客户,4,存款|理财产品|基金|保险,"410326.9,386248.33,418247.37,362381.68,317216.85,344110.38,401805.24,323625.8,357046.9,356346.67,371994.37,368056.22",0
C10653,51,男,深圳,企业主,38944683.48,12245832.64,7880500.85,4536878.25,3536567.49,733435.95,11,5208818.54,钻石客户,8,存款|理财产品|基金|保险|信托|贵金属|外汇|国债,"32122153.68,31490366.64,33356753.82,36963223.58,33618728.16,37341612.85,40595713.95,38686698.31,34993590.23,47551085.26,46181661.59,45384877.27",1
C10654,58,男,苏州,退休,2004949.63,206800.94,28125.44,269718.69,70641.44,120764.35,15,175421.17,金卡客户,6,存款|理财产品|基金|保险|信托|贵金属,"1188172.85,1361456.15,1553186.93,1390041.5,1512689.82,1658973.45,1720907.83,1569678.05,1765943.96,1935866.52,2103712.92,2044846.86",0
C10655,39,女,深圳,高管,7029269.44,782966.54,1468179.43,1716851.9,790745.47,400078.94,9,483569.87,白金客户,5,存款|理财产品|基金|保险|信托,"5959765.43,5897249.14,6418532.29,5998466.23,5613993.52,6317166.4,6393922.5,5247962.21,6519460.87,5995984.71,5955400.57,6272464.04",1
C10656,36,男,深圳,白领,6808305.22,786607.29,1389613.61,670777.46,812477.89,50157.9,24,964947.68,白金客户,5,存款|理财产品|基金|保险|信托,"6483241.93,5726310.0,6578731.6,6225439.95,6100529.62,5595972.89,5183583.09,5813380.31,5748049.35,5809656.7,6299891.15,6584964.03",1
C10657,61,女,上海,专业人士,130681.36,51490.66,32733.36,15671.53,17235.6,0.0,3,7667.26,普通客户,4,存款|理财产品|基金|保险,"106652.25,99274.63,100367.11,96792.03,100013.08,99910.25,92839.38,95293.01,94401.03,91719.06,94748.23,93600.4",0
C10658,32,女,苏州,企业主,24464425.99,3095151.49,3346170.36,5213049.92,3023480.59,4364098.76,6,2492703.2,钻石客户,8,存款|理财产品|基金|保险|信托|贵金属|外汇|国债,"22960542.77,20848596.38,25560741.52,24897272.14,23042485.99,25123989.41,24196582.25,25021691.03,27337604.36,22885777.94,24972145.45,25927471.69",1
C10659,50,女,上海,专业人士,11236022.84,2424701.96,1745011.6,1662939.76,1295757.8,203079.31,2,1334416.45,钻石客户,6,存款|理财产品|基金|保险|信托|国债,"8701080.02,8548075.82,7491626.49,8446296.91,8064359.39,8425235.49,8876164.45,9360956.28,8935573.61,7804803.59,8508143.44,8270463.29",1
C10660,25,男,南京,白领,2557998.8,128356.53,387557.61,150432.44,335703.51,78226.39,2,153264.8,金卡客户,6,存款|理财产品|基金|保险|信托|国债,"1681847.97,1736844.89,1558557.79,1664618.79,1755026.73,1862282.56,1705957.73,1750546.27,1743572.69,1830561.27,1779475.64,1771357.25",0
C10661,48,男,南京,企业主,1582752.58,340710.07,245371.27,338188.01,173869.11,25103.24,49,62174.91,金卡客户,6,存款|理财产品|基金|保险|信托|外汇,"1656708.26,1641878.26,1691237.05,1573916.46,1695669.21,1696541.02,1660447.63,1848039.85,1589788.46,1945925.39,1627675.94,1858368.05",0
C10662,59,女,重庆,高管,1692739.97,235596.04,217010.82,381477.44,115403.46,66715.46,6,197668.25,金卡客户,5,存款|理财产品|基金|保险|信托,"1493222.57,1583125.2,1670596.11,1748413.69,1820046.85,1899437.43,1907159.17,2011898.57,2114285.32,2198464.67,2294860.36,2431106.58",0
C10663,46,女,北京,企业主,1495769.26,278156.5,263730.47,216199.31,121926.81,101315.01,3,162894.95,金卡客户,6,存款|理财产品|基金|保险|信托|国债,"1068778.28,1008222.28,1085720.76,1002861.3,1033171.2,999699.09,1027049.09,1036778.86,1001805.41,946236.0,942372.71,1066511.63",0
C10664,59,男,广州,专业人士,2032177.45,650134.94,558726.04,431726.8,243161.39,401066.46,21,299933.86,金卡客户,6,存款|理财产品|基金|保险|信托|贵金属,"2077492.99,2055222.27,2223471.73,1919326.71,2525030.3,2114070.94,2367558.06,2588297.51,2819807.9,2437101.5,2958144.35,3193329.26",0
C10665,59,男,北京,专业人士,1594859.06,225891.93,305117.95,380571.66,164049.69,295575.04,3,191029.85,金卡客户,5,存款|理财产品|基金|保险|信托,"1501779.51,1649057.98,1664746.27,1715903.69,1789115.48,2047061.48,1867660.96,1946694.22,2087248.82,2281018.39,2135099.5,2269270.54",0
C10666,39,男,杭州,自由职业,28684816.59,3034982.51,5935645.61,4258686.02,3220956.64,863988.24,8,3688579.4,钻石客户,6,存款|理财产品|基金|保险|信托|贵金属,"22469296.23,22225468.25,21545663.94,21372770.72,22723647.71,23922141.32,23236007.85,22451038.75,23626190.42,22716888.05,23818211.16,25179624.49",1
C10667,18,女,北京,专业人士,229160.04,73619.67,44799.79,13428.86,5016.16,0.0,25,22472.94,普通客户,4,存款|理财产品|基金|保险,"168678.31,175111.44,160005.59,160225.95,173313.04,145777.18,162830.49,159963.93,156353.68,157985.55,148080.6,139376.86",0
C10668,61,男,重庆,自由职业,6176529.5,1992954.24,1134938.0,121916.7,673308.85,875290.29,4,627057.03,白金客户,6,存款|理财产品|基金|保险|信托|国债,"5413851.64,5350685.86,5419527.72,5439490.53,5422223.56,5383074.0,5480673.12,5428305.69,5434954.96,5418352.62,5389460.86,5499059.66",1
C10669,35,男,南京,退休,15543312.29,5289560.66,4191498.6,264758.03,704295.77,995487.11,4,1100815.2,钻石客户,6,存款|理财产品|基金|保险|信托|贵金属,"12583215.05,12799650.58,13141053.49,13370112.88,13751333.36,13985841.5,14691180.74,14607178.35,15497763.44,15473322.81,16322316.24,16512411.48",1
C10670,26,男,重庆,专业人士,3178801.58,755059.7,618857.3,276404.47,140174.96,302148.21,3,59414.94,金卡客户,5,存款|理财产品|基金|保险|信托,"2624803.71,2708960.26,2863615.4,2980156.23,2968894.06,3212788.42,3293092.15,3416761.84,3466353.87,3652638.0,3783962.83,3861339.67",0
C10671,56,男,深圳,白领,3997915.67,204955.35,131616.32,350667.52,50135.23,676368.71,3,523606.5,金卡客户,5,存款|理财产品|基金|保险|信托,"2638515.32,2724223.13,2744879.98,2665411.18,2774034.13,2675539.8,2689979.53,2718708.29,2801762.48,2601845.29,2624475.23,2601024.97",0
C10672,40,男,成都,白领,12625675.69,1183971.9,1049118.88,698442.14,719388.2,1927801.53,19,137367.05,钻石客户,8,存款|理财产品|基金|保险|信托|贵金属|外汇|国债,"8474208.72,8487221.76,8547301.39,8427936.07,8628075.38,8765897.72,8640372.11,8853987.32,9067129.74,8959771.78,8813182.55,8828917.13",1
C10673,49,女,武汉,高管,33022553.38,5793774.29,8971054.94,4682375.99,1074872.95,810933.51,16,2726070.07,钻石客户,8,存款|理财产品|基金|保险|信托|贵金属|外汇|国债,"21138467.02,19657488.49,18820286.9,18492343.67,19913925.04,21314561.96,19568113.95,21117321.92,20592874.24,19472366.49,20343565.25,20045797.67",1
C10674,62,男,广州,公务员,165323.66,56595.75,25462.77,30215.64,471.36,0.0,18,6845.05,普通客户,5,存款|理财产品|基金|保险|贵金属,"128645.37,137066.24,126333.7,131632.44,127674.59,144823.69,142563.01,145662.37,148943.32,137755.94,143522.84,150961.49",0
C10675,39,女,苏州,企业主,72853821.81,20060455.18,16829481.78,6547219.54,1960854.48,2980936.11,12,850715.28,钻石客户,8,存款|理财产品|基金|保险|信托|贵金属|外汇|国债,"59529947.68,62979584.59,61813067.28,71163867.03,71827236.86,81150953.45,78491400.03,85017142.84,87089552.97,79705220.41,88015744.26,99784332.1",1
C10676,50,女,武汉,公务员,2300311.72,543339.49,296018.45,404234.35,293797.31,233418.86,1,80035.98,金卡客户,5,存款|理财产品|基金|保险|信托,"1999369.62,2236163.38,2224080.59,2326464.91,2174370.34,2309542.19,2648948.9,2728775.15,2803244.47,2707689.67,3025753.62,2808647.43",0
C10677,61,女,深圳,退休,391103.65,43924.98,9101.24,60432.62,49785.84,0.0,5,5051.95,银卡客户,5,存款|理财产品|基金|保险|贵金属,"249992.3,255649.64,267749.38,252812.47,253335.75,259379.91,255282.94,272715.12,256192.89,259326.79,263214.96,262831.58",0
C10678,48,男,南京,企业主,3831511.52,977562.24,366707.0,478644.79,214950.78,490857.85,6,386811.46,金卡客户,6,存款|理财产品|基金|保险|信托|国债,"2635671.11,2515853.06,2597714.55,2351841.01,2662296.23,2117995.41,2563663.56,2438180.72,2748808.31,2884834.51,2458647.73,2790340.84",0
C10679,40,女,深圳,退休,2478798.27,909095.12,132931.88,299461.24,337858.35,159938.04,9,360598.19,金卡客户,6,存款|理财产品|基金|保险|信托|贵金属,"1556216.08,1582560.39,1717260.66,1731317.06,1822841.22,1892797.99,2002541.76,2015991.84,2162765.81,2297813.92,2348927.69,2413481.34",0
C10680,39,男,上海,白领,3212577.71,825915.65,521010.7,200368.39,160100.38,620596.13,10,293226.14,金卡客户,6,存款|理财产品|基金|保险|信托|贵金属,"2449599.47,2645368.99,2685390.06,2774830.2,2946188.66,2946871.62,3061624.94,3235506.77,3351558.38,3466993.76,3790918.96,3962645.98",0
C10681,39,男,南京,企业主,5541884.5,1602338.59,1089691.05,769620.2,243404.55,688179.81,6,373639.18,白金客户,7,存款|理财产品|基金|保险|信托|贵金属|国债,"3505918.26,4274706.24,4370370.84,3997880.27,4353352.84,4859953.38,4926841.48,4769980.11,5192734.29,5839552.17,5424271.34,5470016.21",1
C10682,47,女,上海,专业人士,3286814.28,432616.15,311506.46,476209.55,179846.5,368581.92,1,76768.41,金卡客户,7,存款|理财产品|基金|保险|信托|外汇|国债,"2966145.73,2929162.44,3442865.94,3490431.59,3726576.94,3753491.64,4183832.53,4144571.99,4526677.06,4822659.48,5242734.39,5370009.33",0
C10683,46,女,苏州,企业主,937297.13,133564.68,204485.15,196196.39,110263.17,0.0,6,45333.96,银卡客户,4,存款|理财产品|基金|保险,"662963.51,636176.75,594966.35,650164.63,686082.04,679622.3,701646.14,638954.68,674105.95,667505.94,751182.48,728537.59",0
C10684,80,男,北京,公务员,905031.48,295691.49,218534.01,201907.35,6986.85,0.0,2,34485.23,银卡客户,4,存款|理财产品|基金|保险,"568514.5,558826.92,550045.92,588123.9,569967.12,600564.02,633985.88,521910.67,625198.34,599953.92,635417.48,597159.81",0
C10685,62,女,武汉,高管,6689089.8,432611.69,409617.69,335535.46,65459.89,971265.72,13,422726.99,白金客户,6,存款|理财产品|基金|保险|信托|外汇,"5977612.28,5872641.84,6069015.1,6401968.67,7119250.25,6936304.01,7322239.34,7489664.33,8107429.63,8288363.41,8320049.45,8685056.84",1
C10686,18,女,成都,白领,584943.63,197134.56,161967.58,63018.42,86398.87,0.0,14,49580.59,银卡客户,4,存款|理财产品|基金|保险,"534573.67,512806.48,638696.6,618950.0,626871.09,608972.65,683740.33,706552.41,679714.97,696224.96,791360.0,829627.03",0
C10687,47,男,重庆,自由职业,50100557.87,9972977.6,4906609.71,8028540.7,15642.74,9700202.29,3,2128826.43,钻石客户,8,存款|理财产品|基金|保险|信托|贵金属|外汇|国债,"35092932.21,36619270.75,37906286.24,40724717.03,42895831.63,43704060.28,46942418.88,48772209.75,50923712.87,53288831.89,56324627.39,59108984.23",1
C10688,47,男,深圳,专业人士,32114495.23,12703725.86,8223550.8,3114835.74,4402495.44,2200712.53,8,2075850.17,钻石客户,8,存款|理财产品|基金|保险|信托|贵金属|外汇|国债,"26712187.36,27281839.48,27649082.92,31025782.63,34665453.88,33340944.58,37154981.15,36293551.34,39171971.86,41680093.47,42795003.98,44551487.94",1
C10689,55,男,南京,专业人士,2586084.52,673862.53,4532.06,61791.5,80410.67,180018.53,3,221749.43,金卡客户,5,存款|理财产品|基金|保险|信托,"1889717.65,1834897.07,1706885.97,1771289.29,1972730.16,2017399.62,1844727.57,1755920.0,1637954.93,1665998.31,2030327.56,2056610.22",0
C10690,34,男,广州,白领,10042030.53,2972052.42,2907168.47,1138869.77,952640.61,1082914.24,6,866395.48,钻石客户,5,存款|理财产品|基金|保险|信托,"7976884.7,8150190.8,7936894.92,8120676.92,8029975.33,7989823.75,8117227.5,7681527.76,7962953.41,8427882.29,7749918.31,8181408.48",1
C10691,45,男,广州,白领,130895.4,7893.63,29584.41,31813.54,12178.91,0.0,14,17005.38,普通客户,5,存款|理财产品|基金|保险|国债,"92734.88,117218.8,114596.65,104377.57,107180.91,128291.59,117585.93,118092.27,126267.5,123661.81,130958.45,130638.82",0
C10692,27,男,苏州,白领,858909.71,190773.64,200189.77,158356.43,114888.04,0.0,11,44786.69,银卡客户,4,存款|理财产品|基金|保险,"823726.94,848794.43,828731.07,1016315.0,769586.6,760997.46,843779.05,750590.01,762946.83,702634.12,799503.29,792815.9",0
C10693,40,男,杭州,专业人士,1784767.17,344145.71,479585.38,144767.22,101528.57,279457.69,3,207486.2,金卡客户,5,存款|理财产品|基金|保险|信托,"1302392.1,1345865.19,1434021.65,1496087.89,1649441.91,1655348.96,1651373.94,1762928.3,1801742.43,1846979.72,1963093.1,2030004.47",0
C10694,33,女,重庆,专业人士,817679.37,291475.15,83438.13,40273.96,40430.83,0.0,1,85206.39,银卡客户,4,存款|理财产品|基金|保险,"688445.49,675417.43,646005.93,642398.73,718674.07,658313.51,710162.24,683573.55,748510.81,686907.42,717542.14,755298.71",0
C10695,54,女,广州,公务员,5224213.77,824427.29,605281.99,399373.92,466080.97,347540.33,27,583010.12,白金客户,6,存款|理财产品|基金|保险|信托|外汇,"3869765.59,3630862.83,3435648.13,3508117.09,3868319.54,3830637.99,3988309.89,3672487.86,3862679.84,3912166.54,3984870.96,4084875.56",1
C10696,34,男,北京,专业人士,1836737.1,469117.22,170608.76,314722.72,226465.92,154447.25,10,101165.91,金卡客户,5,存款|理财产品|基金|保险|信托,"1742997.03,1709711.06,1623937.06,1804362.8,1851883.97,1784094.4,1695765.0,1684319.3,1719410.0,1686958.93,1752519.72,1705786.24",0
C10697,24,女,武汉,公务员,2919074.68,494183.72,635664.43,498796.27,271077.44,360771.66,38,308305.31,金卡客户,6,存款|理财产品|基金|保险|信托|国债,"2696599.37,2864607.26,2790796.34,2884095.86,2763565.77,2895552.95,2824454.2,2794531.84,2957832.95,2942076.68,2906754.49,2908937.25",0
C10698,51,男,北京,专业人士,3173813.73,310418.43,500702.63,411787.46,273763.89,473042.9,5,145408.99,金卡客户,6,存款|理财产品|基金|保险|信托|贵金属,"2085484.19,2250167.86,2288665.28,2401890.56,2599760.6,2371029.44,2511241.22,2642999.97,2741581.38,2849582.91,2938787.16,3120513.5",0
C10699,18,男,上海,专业人士,1069383.15,67155.15,243567.01,147673.74,125694.12,149178.31,6,146559.91,金卡客户,5,存款|理财产品|基金|保险|信托,"731381.6,800186.39,777642.41,881434.48,775215.41,857047.48,799030.93,850182.37,873450.77,925548.82,864347.69,939094.8",0
C10700,45,男,成都,专业人士,3334165.18,1123933.76,308312.97,823745.29,302647.9,563081.25,5,377588.18,金卡客户,6,存款|理财产品|基金|保险|信托|外汇,"2304498.36,2325327.27,2408462.98,2413890.23,2544220.91,2622741.72,2760910.31,2650354.46,2771434.77,2998493.57,3034020.66,2963763.32",0
C10701,44,女,苏州,公务员,765044.54,124440.52,17745.7,87228.03,93915.1,0.0,50,9474.62,银卡客户,4,存款|理财产品|基金|保险,"508325.98,515533.61,564594.37,565585.79,569437.45,633586.68,638512.81,651864.76,670340.89,692293.0,715716.37,740629.97",0
C10702,36,女,北京,企业主,4263676.55,1642476.17,545915.95,379980.09,638244.7,453628.72,1,159010.96,金卡客户,5,存款|理财产品|基金|保险|信托,"2633550.91,2845077.87,2925859.86,2869709.57,2801426.31,2862708.29,2852747.54,2965586.34,3034835.35,2824805.28,2912915.57,2801936.22",0
C10703,51,男,苏州,退休,1051879.45,284610.8,24837.08,46116.45,40838.74,157517.65,7,34664.37,金卡客户,7,存款|理财产品|基金|保险|信托|外汇|国债,"801037.92,830205.5,892583.53,905472.3,961231.66,990828.3,1054858.07,1087486.3,1175732.07,1232599.81,1292179.62,1343716.97",0
C10704,31,女,成都,企业主,1858886.25,336556.29,416823.19,375544.13,153958.67,633.89,27,83385.28,金卡客户,5,存款|理财产品|基金|保险|信托,"1326772.48,1282772.11,1301914.06,1323221.96,1166613.58,1330870.23,1348188.23,1260803.72,1163196.4,1201435.48,1212684.28,1226329.6",0
C10705,45,男,苏州,企业主,2361041.05,589774.58,419873.16,457576.44,217916.32,280309.74,10,325184.84,金卡客户,6,存款|理财产品|基金|保险|信托|国债,"1759776.91,1859499.39,1910824.51,1932975.47,2001386.13,2106144.02,2120812.41,2209237.16,2266761.32,2350864.52,2389056.98,2483102.83",0
C10706,47,女,成都,退休,3222873.15,746549.07,373642.23,377632.16,307178.12,601354.36,21,421516.96,金卡客户,5,存款|理财产品|基金|保险|信托,"2534572.7,2550061.85,2481917.42,2484361.34,2542760.46,2280729.79,2458023.1,2439606.05,2165264.13,2142153.42,2176368.45,2122736.59",0
C10707,70,女,北京,退休,1750410.22,426125.97,459187.98,317287.01,65522.86,311022.04,3,157981.48,金卡客户,6,存款|理财产品|基金|保险|信托|外汇,"1801918.22,1705708.46,1658114.98,1877645.54,2106067.62,2159575.76,2027882.71,1988888.69,2172667.31,2244170.93,2441226.89,2451667.43",0
C10708,33,女,成都,公务员,7810488.57,1670703.1,962434.49,454945.44,452967.95,824625.73,36,470439.0,白金客户,5,存款|理财产品|基金|保险|信托,"5957756.04,6700932.6,6904877.92,6744822.48,6598152.95,6969762.84,6851775.58,8225968.07,8338450.16,8724710.2,8970757.19,8913495.03",1
C10709,49,男,南京,企业主,1292491.06,403866.1,177903.48,52814.77,48841.69,95008.33,6,25511.92,金卡客户,6,存款|理财产品|基金|保险|信托|国债,"918690.77,1016607.92,1045059.16,997908.36,1031891.99,992710.59,974022.66,1048828.23,1068983.24,1121808.18,1143167.89,1075977.71",0
C10710,58,男,杭州,高管,6166791.74,1456533.65,1381657.06,635599.7,619861.96,603999.33,1,391980.35,白金客户,6,存款|理财产品|基金|保险|信托|国债,"3829629.53,3813585.42,4093377.69,4501904.33,4278052.8,4533923.95,4709230.4,4741183.57,4746681.98,4810247.96,4880668.6,5334513.79",1
C10711,35,女,成都,白领,1448287.16,393410.99,276591.29,286707.22,62371.35,223133.58,1,103734.77,金卡客户,5,存款|理财产品|基金|保险|信托,"950123.34,1019197.52,979102.94,1095909.82,1127344.04,1230250.48,1166760.19,1209769.54,1183230.2,1265690.34,1254325.08,1313299.92",0
C10712,47,男,杭州,白领,1602060.2,293144.39,21551.12,285906.65,223412.05,229790.35,1,19469.18,金卡客户,5,存款|理财产品|基金|保险|信托,"1293590.33,1330804.93,1399865.65,1404985.74,1448170.35,1348300.3,1354512.84,1329448.39,1428204.77,1461749.69,1482223.37,1558126.2",0
C10713,52,女,苏州,自由职业,418646.05,132059.2,37586.82,84399.08,33530.71,0.0,4,50718.89,银卡客户,4,存款|理财产品|基金|保险,"428447.8,434092.14,422989.06,448197.77,384695.44,388060.22,418418.97,425761.87,420734.06,364412.33,366499.84,397424.04",0
C10714,18,男,深圳,退休,2169338.74,144081.5,261682.61,139739.0,9973.73,54520.93,5,265685.12,金卡客户,7,存款|理财产品|基金|保险|信托|外汇|国债,"1543526.61,1598370.11,1611204.45,1708469.38,1799268.52,1786639.37,2017485.14,2044585.57,2147352.73,2164005.92,2103106.06,2383747.95",0
C10715,32,女,北京,退休,609772.44,217399.13,154214.08,26702.93,82709.5,0.0,31,43734.18,银卡客户,4,存款|理财产品|基金|保险,"454067.55,467573.99,510558.04,522887.38,557408.65,566579.61,617200.62,638624.64,657707.97,680360.96,723379.77,749239.87",0
C10716,48,男,成都,专业人士,8612533.0,1149213.27,1261250.02,465407.99,624886.99,1647761.02,4,1065252.63,白金客户,5,存款|理财产品|基金|保险|信托,"6030524.42,5789093.63,5756660.85,5582708.06,5638437.33,5357211.57,5123558.58,5089736.56,5182930.36,4963745.87,5109290.68,4730193.02",1
C10717,60,女,深圳,白领,315559.63,70382.06,3969.96,15182.02,20093.09,0.0,19,40002.3,银卡客户,4,存款|理财产品|基金|保险,"219326.8,216322.18,230903.22,224447.62,289151.44,247011.47,266393.62,290106.97,287178.28,285940.68,301630.78,303077.09",0
C10718,41,女,广州,企业主,8606452.46,2945117.03,1057221.22,1328177.49,1161901.55,1359293.66,13,690797.11,白金客户,6,存款|理财产品|基金|保险|信托|国债,"6857745.92,6577262.73,6649409.47,8342211.62,8246770.4,7703210.77,7909459.03,7961288.35,7408813.17,8588742.71,8662729.8,7938141.12",1
C10719,49,男,广州,公务员,5458381.87,567909.36,93231.82,658166.37,154851.02,1023336.64,5,62457.4,白金客户,5,存款|理财产品|基金|保险|信托,"3456040.93,3272731.9,3589525.3,3247299.19,3653102.92,3435439.74,3418768.33,3553654.37,3376790.26,3559645.3,3406140.3,3437739.46",1
C10720,51,女,上海,自由职业,640877.31,126664.82,18662.86,19317.49,56130.63,0.0,7,91559.45,银卡客户,4,存款|理财产品|基金|保险,"577271.26,564238.51,551792.08,670948.04,586394.85,558413.29,517406.72,664664.1,583190.95,622597.61,630434.6,581499.66",0
C10721,55,男,广州,公务员,4196323.05,1460052.46,342365.97,622588.75,178290.69,91499.28,12,443919.3,金卡客户,6,存款|理财产品|基金|保险|信托|贵金属,"4072740.4,4140820.06,4202932.21,3622895.72,3927362.45,4034350.13,3584664.04,3961874.9,3611505.14,3278874.74,3320327.64,3100103.16",0
C10722,44,女,杭州,企业主,4331126.95,658366.28,620499.75,438193.89,605478.05,35668.82,17,624953.04,金卡客户,7,存款|理财产品|基金|保险|信托|贵金属|国债,"3569837.19,3432939.27,3144880.87,3462022.32,3315759.71,2965494.69,3461826.61,3078199.53,3079323.65,3318893.76,3349219.51,2948509.67",0
C10723,46,女,成都,自由职业,322650.53,59216.76,17020.53,58312.16,34252.02,0.0,15,12290.08,银卡客户,5,存款|理财产品|基金|保险|外汇,"234478.99,220223.88,224156.84,228000.38,220261.15,237250.72,229267.38,228588.39,238177.18,238086.57,246030.34,231048.44",0
C10724,77,女,南京,高管,6554666.79,1337067.49,877266.13,1269002.68,361221.45,213033.43,3,736956.94,白金客户,5,存款|理财产品|基金|保险|信托,"6018305.31,6580379.14,7294359.34,7311048.72,8114874.71,7673603.26,7878235.69,8125172.01,9623370.06,9945628.75,9999691.43,10693938.89",1
C10725,61,男,深圳,公务员,632903.04,151953.6,57308.98,104556.84,30303.77,0.0,5,44532.89,银卡客户,5,存款|理财产品|基金|保险|贵金属,"406155.03,420287.95,410540.92,382417.26,425308.2,462362.61,420566.12,452041.85,459149.06,442531.05,486378.21,458437.34",0
C10726,51,女,杭州,退休,1885382.86,313355.92,137861.08,384251.33,30060.98,183769.92,3,156005.99,金卡客户,5,存款|理财产品|基金|保险|信托,"1381327.02,1468013.19,1465019.71,1406467.31,1405193.86,1475180.41,1463173.78,1538231.0,1584697.11,1518674.4,1713693.61,1639686.95",0
C10727,32,女,北京,高管,34031803.21,3421135.35,6074063.68,1118077.42,2048220.01,3872568.3,14,3003080.53,钻石客户,8,存款|理财产品|基金|保险|信托|贵金属|外汇|国债,"30444718.59,30078234.24,28526321.51,28979485.32,28102514.51,28360632.42,27762688.39,28516169.15,27534522.09,26786661.06,26090543.86,26829808.74",1
C10728,44,男,苏州,企业主,8240660.19,1303535.82,1244880.65,1151040.9,296782.3,917776.76,3,524762.43,白金客户,6,存款|理财产品|基金|保险|信托|贵金属,"7922054.63,7809446.1,7694015.0,7673204.01,7551869.61,7429525.0,7329898.7,7101295.64,7302495.16,7444565.59,7292280.05,7174448.14",1
C10729,33,男,重庆,专业人士,559449.31,78759.49,63126.43,42527.03,21304.85,0.0,15,9484.69,银卡客户,5,存款|理财产品|基金|保险|外汇,"294436.25,377440.7,322338.47,357755.17,342368.75,374588.24,349257.94,317157.51,308574.39,343244.17,284830.29,309981.77",0
C10730,43,女,苏州,退休,1561363.2,598226.15,43267.33,23714.66,141504.46,301691.69,3,63970.01,金卡客户,6,存款|理财产品|基金|保险|信托|国债,"1502306.73,1606415.12,1568609.26,1665499.32,1607760.16,1676977.91,1557987.16,1528489.64,1665767.97,1612002.1,1580763.34,1816056.86",0
C10731,18,女,成都,自由职业,2193295.98,274466.74,296670.19,380198.12,275684.86,420997.12,29,207844.16,金卡客户,7,存款|理财产品|基金|保险|信托|外汇|国债,"1518691.66,1351345.36,1536887.47,1432114.12,1262907.76,1326825.43,1308250.26,1317940.82,1220601.45,1256466.5,1227713.3,1173664.93",0
C10732,31,女,上海,专业人士,6065602.17,2227630.07,1557354.81,782489.28,216638.1,234355.35,4,897662.89,白金客户,5,存款|理财产品|基金|保险|信托,"6386359.45,6398810.35,7117334.23,7085226.96,7358700.45,8403777.39,7829851.73,9157773.29,9218381.81,9027604.66,9860962.48,9961268.34",1
C10733,23,男,深圳,自由职业,5405496.0,584695.32,1460900.58,813239.53,25751.61,684464.4,10,774043.1,白金客户,6,存款|理财产品|基金|保险|信托|贵金属,"3437667.05,3135094.89,3089806.93,3517411.41,3717510.73,3604779.46,3911266.1,3866499.22,3928287.57,4153514.66,4069491.89,4204248.26",1
C10734,55,女,南京,企业主,4224328.32,897947.06,1205536.45,381018.19,556017.1,101627.7,30,550778.34,金卡客户,8,存款|理财产品|基金|保险|信托|贵金属|外汇|国债,"4225464.31,4204833.59,4188283.05,4065844.89,3992427.97,3902701.1,3962622.95,3890250.42,3871478.88,3898060.93,3729772.91,3689702.72",0
C10735,41,女,重庆,白领,18131867.53,6507409.44,5383476.85,3663043.33,1274707.96,2624422.56,1,2322825.14,钻石客户,7,存款|理财产品|基金|保险|信托|贵金属|国债,"13021703.92,14958630.76,14809079.37,14499909.73,15085493.58,14075129.09,14839111.21,15326594.37,16498149.25,15469069.27,16146694.77,17568838.98",1
C10736,80,男,杭州,企业主,1235013.38,207010.31,250041.9,197093.8,70550.61,1796.45,15,24863.62,金卡客户,6,存款|理财产品|基金|保险|信托|贵金属,"808284.07,903322.99,947443.03,965157.14,1038830.93,964522.52,1010118.27,1042976.17,1058370.36,1121714.84,1036041.75,1012908.13",0
C10737,39,男,苏州,退休,11434419.98,1102283.84,1338845.54,2020859.28,1667121.45,384237.08,32,771387.29,钻石客户,8,存款|理财产品|基金|保险|信托|贵金属|外汇|国债,"9620725.53,9027837.2,9316361.21,9194747.11,9442567.93,9298861.57,9148666.55,8949885.87,8600767.69,9073918.24,9107707.53,8563526.76",1
C10738,26,男,成都,专业人士,2147151.03,438680.31,231891.54,348019.0,151412.72,413738.25,26,98813.95,金卡客户,5,存款|理财产品|基金|保险|信托,"1679503.96,1704962.36,1674560.56,1677859.97,1706875.82,1681315.38,1687250.69,1701381.98,1674931.25,1663885.24,1694063.81,1698422.56",0
C10739,36,男,广州,白领,358870.97,130955.38,23654.31,66518.52,8562.51,0.0,50,34524.37,银卡客户,4,存款|理财产品|基金|保险,"335908.15,345098.1,321333.42,318679.31,310041.14,310361.25,297386.16,309888.69,299832.64,273789.67,351255.4,276117.76",0
C10740,42,男,北京,公务员,2510030.96,162265.42,561806.12,139934.34,353617.87,244177.7,32,275705.71,金卡客户,5,存款|理财产品|基金|保险|信托,"2273023.94,2192832.88,2188415.27,2194572.71,2484575.03,2277133.32,2246746.49,2540753.69,2495376.38,2612546.29,2557156.77,2372015.58",0
C10741,46,男,杭州,专业人士,1949642.94,552282.88,225179.05,391167.71,215978.5,286564.32,1,288403.97,金卡客户,5,存款|理财产品|基金|保险|信托,"1582974.61,1686815.88,1763280.71,1847166.33,1844678.52,1992610.16,2023667.96,1963318.36,2256085.48,2154754.93,2414888.87,2364384.27",0
C10742,39,男,深圳,自由职业,3637374.41,646968.02,415860.85,594231.06,228717.94,691991.38,7,364714.2,金卡客户,6,存款|理财产品|基金|保险|信托|贵金属,"2899764.69,3067859.11,2501120.35,2651110.53,2565255.67,2558917.02,2868448.62,2355906.94,2700063.68,2740453.65,2554101.88,2749543.05",0
C10743,47,女,苏州,自由职业,2014953.97,538559.78,243191.56,12872.68,144013.59,178174.62,4,233651.84,金卡客户,5,存款|理财产品|基金|保险|信托,"1381891.34,1392386.29,1535660.46,1546841.12,1626902.39,1585783.58,1601679.36,1796960.77,1628680.95,1789940.0,1849333.27,1897178.9",0
C10744,40,男,武汉,白领,509862.15,42405.89,86111.01,97096.68,60127.32,0.0,8,66311.76,银卡客户,4,存款|理财产品|基金|保险,"312005.64,326744.49,357710.62,365069.72,387109.97,370572.98,395890.53,422244.86,463385.88,454230.47,479250.39,522013.02",0
C10745,51,男,武汉,白领,786278.31,304030.51,64676.7,113559.33,36450.51,0.0,46,89850.12,银卡客户,6,存款|理财产品|基金|保险|贵金属|外汇,"578077.65,631165.84,557500.15,660817.49,621620.58,665400.54,598856.76,604109.17,660549.89,620469.71,592732.75,652782.98",0
C10746,21,男,成都,白领,8952268.88,2579107.63,1710870.99,1119536.68,697568.78,1138084.23,21,825151.92,白金客户,8,存款|理财产品|基金|保险|信托|贵金属|外汇|国债,"9216862.74,8750117.9,9120139.72,9628925.06,9775860.77,9391888.49,10292939.56,11177195.01,11854738.74,11133881.59,11517241.94,12417288.39",1
C10747,18,男,深圳,专业人士,3488826.1,972581.1,220407.18,283905.11,11076.38,75620.1,32,164350.2,金卡客户,6,存款|理财产品|基金|保险|信托|贵金属,"2281477.61,2374097.29,2380119.87,2483706.08,2621179.17,2677889.8,2815186.69,2927309.04,3040445.62,3114743.31,3180166.61,3341902.08",0
C10748,37,男,北京,退休,5579899.58,1464604.72,435538.79,1014398.05,647525.16,1027262.44,30,644109.88,白金客户,6,存款|理财产品|基金|保险|信托|贵金属,"3452864.6,3645212.92,3355869.5,3424038.25,3583705.01,3061084.62,3332207.88,3353228.78,3363454.25,3390077.94,3630083.47,3519635.25",1
C10749,59,男,杭州,公务员,12115034.67,4770036.43,2954495.68,2737126.86,53862.69,340035.99,1,264918.4,钻石客户,6,存款|理财产品|基金|保险|信托|贵金属,"9864540.34,9954508.9,8476824.98,10195607.49,11386522.65,12049115.26,12750637.91,13603160.56,12936744.34,14219677.24,14438840.47,14753856.68",1
C10750,31,男,深圳,公务员,3853995.42,915292.73,36042.27,661250.35,281645.23,609675.4,4,64667.01,金卡客户,5,存款|理财产品|基金|保险|信托,"2766313.73,2622756.88,2516094.57,2535522.55,2687343.77,2580617.31,2527501.63,2545231.62,2618063.03,2500235.53,2521462.53,2385758.87",0
C10751,35,女,杭州,退休,5722647.46,372985.88,1377850.82,762118.31,336241.47,615206.84,18,547904.6,白金客户,6,存款|理财产品|基金|保险|信托|贵金属,"4199756.39,4082196.6,4107573.27,4083441.03,3855468.49,3886597.99,3849477.62,3793860.28,3797607.2,3755548.09,3655320.87,3582793.23",1
C10752,44,女,广州,退休,13439293.57,1883505.72,1241936.98,2191404.3,303089.92,1659005.15,23,1186932.42,钻石客户,6,存款|理财产品|基金|保险|信托|贵金属,"8329545.48,9575343.62,10159763.97,9729010.17,10465438.94,11312223.91,12148974.19,11745504.87,11724124.33,12942130.26,14171317.9,13608556.37",1
C10753,27,男,重庆,高管,6964208.12,2368367.68,857849.95,1145567.97,389025.43,968743.99,10,317576.86,白金客户,7,存款|理财产品|基金|保险|信托|贵金属|国债,"6353709.41,6553514.63,6367309.74,6588220.79,6613607.99,5927443.36,5858972.32,5796908.06,5845376.19,6281711.49,6100754.48,5784028.59",1
C10754,44,男,南京,退休,12840360.84,2516248.29,3832440.13,473939.09,1141626.17,2274960.18,15,733015.89,钻石客户,7,存款|理财产品|基金|保险|信托|贵金属|国债,"11604179.9,10030962.24,11386958.34,12401067.94,10878691.13,9745443.76,10865825.4,10019365.06,11253840.65,10236812.64,9034061.02,10563209.68",1
C10755,48,男,广州,企业主,4313081.25,702031.82,1092482.66,576689.24,610478.58,67986.79,35,353667.29,金卡客户,6,存款|理财产品|基金|保险|信托|国债,"4610115.61,4151836.67,4207925.36,4438615.82,4445899.8,3999842.44,4377507.53,4268825.35,4277940.15,4435614.97,4262211.86,4246816.85",0
C10756,40,女,杭州,自由职业,1499794.65,196486.19,218505.79,366485.46,185924.33,218554.78,13,87976.63,金卡客户,5,存款|理财产品|基金|保险|信托,"1322551.88,1410649.73,1396626.84,1423470.45,1459601.59,1516710.82,1541220.0,1635185.85,1648563.44,1706758.37,1726083.36,1755047.33",0
C10757,25,女,北京,退休,1979278.83,638318.7,296844.93,105241.83,188376.49,61855.76,5,72448.2,金卡客户,5,存款|理财产品|基金|保险|信托,"1361715.99,1861746.39,1694088.02,1780925.27,1811524.73,1707223.4,1808783.19,1770780.69,2089944.46,1646158.5,1848699.03,1967217.67",0
C10758,67,男,上海,退休,3708863.43,885325.0,190471.34,376154.69,242112.99,728879.01,11,498578.0,金卡客户,6,存款|理财产品|基金|保险|信托|国债,"3003762.36,2921660.66,2941735.94,3024692.7,3167332.95,3431443.61,3195762.68,3689508.77,3836726.28,3597311.52,3842798.02,4127706.12",0
C10759,42,男,苏州,公务员,1160835.07,179559.19,207389.94,289623.31,90122.43,217379.98,17,139387.24,金卡客户,5,存款|理财产品|基金|保险|信托,"734133.17,885344.73,799632.59,791822.45,971922.02,982238.4,1100769.75,1136214.95,1136003.59,1105153.71,1176630.65,1201080.42",0
C10760,42,女,北京,退休,1058074.09,304171.78,72858.84,135520.84,144650.46,108395.15,10,98303.57,金卡客户,8,存款|理财产品|基金|保险|信托|贵金属|外汇|国债,"662202.15,715572.74,681997.43,716006.21,695584.17,660621.29,686611.87,721529.67,678095.35,651211.77,633932.76,656311.47",0
C10761,38,男,南京,专业人士,4572692.04,1107362.1,340962.18,596213.92,16183.7,394846.23,50,412306.82,金卡客户,7,存款|理财产品|基金|保险|信托|贵金属|国债,"2744078.35,2409031.51,3187676.73,3209243.37,3054245.96,2633781.57,3011099.63,3156646.49,3061788.53,2975978.46,3318311.76,2853187.33",0
C10762,42,男,北京,自由职业,4941228.58,1496602.46,158148.54,67435.76,596523.91,800341.3,5,589012.48,金卡客户,5,存款|理财产品|基金|保险|信托,"4074625.96,3916194.28,4268486.18,4796344.12,4437598.85,3924815.79,4713609.14,4440733.97,4916337.66,5456952.01,5278942.25,5608699.79",0
C10763,36,男,北京,企业主,744524.16,206053.06,80078.53,103744.15,46056.68,0.0,5,25057.48,银卡客户,6,存款|理财产品|基金|保险|贵金属|国债,"656279.37,644422.19,668396.61,694840.3,773253.06,752262.39,812229.2,822147.75,833103.93,851362.17,912655.3,911280.49",0
C10764,39,男,上海,企业主,9852417.08,2348515.76,2877933.26,983690.58,325188.77,328680.06,4,1149948.34,白金客户,6,存款|理财产品|基金|保险|信托|贵金属,"7831334.45,7142896.16,7978344.62,8316486.57,8143618.96,8012125.17,7484629.18,8028565.85,8272120.46,8195766.6,8235483.38,8138439.98",1
C10765,69,女,南京,高管,26746321.82,6954198.21,5934561.24,379668.98,2934427.02,1458505.08,11,2408830.33,钻石客户,7,存款|理财产品|基金|保险|信托|贵金属|国债,"21773145.88,24504080.56,25157008.45,27166097.5,27568423.13,27618218.23,26913958.43,27968681.13,33087287.2,31550924.28,35983086.66,32317388.79",1
C10766,77,女,上海,白领,511263.51,166466.89,68577.52,41314.38,1038.71,0.0,3,30687.74,银卡客户,4,存款|理财产品|基金|保险,"492422.54,442704.05,499163.96,504673.78,514016.86,512499.19,491597.81,477428.61,512414.8,485256.09,503313.84,494291.1",0
C10767,48,男,武汉,白领,2783327.51,1083081.72,547142.01,156125.49,148309.48,543667.67,5,115138.85,金卡客户,5,存款|理财产品|基金|保险|信托,"2378469.48,2702800.67,2699529.76,2409738.45,2729884.88,2627619.71,2577690.61,2658294.92,2356324.33,2641003.26,2634797.37,2832304.28",0
C10768,42,男,深圳,专业人士,5020533.75,1823786.71,500404.93,726215.78,180764.51,800650.0,3,529252.47,白金客户,5,存款|理财产品|基金|保险|信托,"4400944.7,3506492.68,3753226.39,3865559.64,3851371.68,3689340.12,3902275.5,3813415.27,3723176.39,3846685.04,3496883.36,3816636.25",1
C10769,26,女,上海,公务员,393658.95,138287.45,49796.36,33370.11,35636.6,0.0,2,16028.3,银卡客户,4,存款|理财产品|基金|保险,"287242.83,282202.36,280536.98,250552.85,261122.54,274569.46,247402.04,241384.87,241565.67,237213.29,241591.55,228467.64",0
C10770,18,女,苏州,高管,11055014.35,681947.35,1206654.73,933121.91,714407.68,1112819.92,4,622240.72,钻石客户,6,存款|理财产品|基金|保险|信托|国债,"8200165.05,8256037.45,8401022.27,8908825.7,9248776.67,9848844.88,9966653.08,10432935.85,10993649.83,11068419.0,11546631.45,11996203.68",1
C10771,19,男,苏州,企业主,26399215.71,3290673.36,2685355.3,3386508.31,2525787.91,2866400.34,4,2012101.88,钻石客户,8,存款|理财产品|基金|保险|信托|贵金属|外汇|国债,"22353334.55,24285882.41,24602143.27,26571748.47,25318457.62,26015170.62,27210729.05,30388515.83,29245759.47,32250468.06,31570000.0,32964555.45",1
C10772,62,男,广州,自由职业,2678735.65,243400.4,391068.09,273557.68,39428.28,143687.57,24,222382.27,金卡客户,5,存款|理财产品|基金|保险|信托,"1747562.78,1594073.88,1769051.61,1585397.61,1697725.25,1811161.03,1881960.7,1717862.04,1683135.64,1787369.79,1651148.45,1748284.01",0
C10773,44,女,广州,专业人士,1222300.42,488551.0,108213.73,123914.83,159758.81,156915.87,4,75314.75,金卡客户,5,存款|理财产品|基金|保险|信托,"1018084.98,1109213.71,1169117.93,1126112.63,1199405.71,1196277.7,1372173.51,1510634.99,1453137.37,1542776.79,1668506.6,1705690.59",0
C10774,30,男,武汉,自由职业,9903765.07,1841065.82,2164890.32,1017026.15,746150.06,1656853.11,7,396614.48,白金客户,7,存款|理财产品|基金|保险|信托|贵金属|国债,"7895649.03,8496235.86,7983736.85,8395943.87,8321937.79,8169350.36,8512157.67,8306060.29,8221512.27,8114724.7,8318118.79,8384931.98",1
C10775,30,女,苏州,高管,1982520.98,621677.36,469841.24,247314.27,28509.55,151212.42,6,278532.85,金卡客户,5,存款|理财产品|基金|保险|信托,"1576035.74,1936323.55,1919675.61,2023980.61,2081896.43,2287108.11,2221659.8,2489053.87,2522970.46,2647373.58,2699008.6,2753869.06",0
C10776,58,男,武汉,白领,3740722.41,729771.85,562208.32,655079.99,17477.65,666455.64,3,551252.28,金卡客户,6,存款|理财产品|基金|保险|信托|贵金属,"3555266.28,3326176.04,3317478.61,3727233.62,3322615.49,3725200.46,3468085.66,3670650.19,3406020.5,3932003.09,3782044.8,3975063.33",0
C10777,42,男,苏州,白领,639224.65,98547.57,119579.51,116055.34,3757.09,0.0,9,53907.17,银卡客户,5,存款|理财产品|基金|保险|外汇,"609068.24,566709.69,567914.76,521837.25,523046.42,491740.95,523884.86,495925.86,509302.99,453089.34,496706.51,478624.32",0
C10778,47,男,广州,退休,3901289.88,876670.22,706142.01,936847.44,518008.99,84976.36,15,489233.33,金卡客户,5,存款|理财产品|基金|保险|信托,"2963802.62,2852162.57,3155998.58,3254810.99,3202180.27,2932407.74,3052654.31,3326519.57,3175496.38,2745663.26,2336657.9,2951687.76",0
C10779,56,男,北京,企业主,4241869.2,1373176.9,484782.24,101556.03,361436.93,237646.65,6,434114.39,金卡客户,5,存款|理财产品|基金|保险|信托,"3095917.07,3259335.5,3264321.43,3184927.1,3247753.85,3329818.9,3202035.98,3637768.09,3526646.84,3516753.59,3391517.44,3426499.91",0
C10780,74,女,苏州,退休,747244.33,160956.03,47841.82,141113.6,15779.09,0.0,1,76340.07,银卡客户,4,存款|理财产品|基金|保险,"519192.68,589598.59,556366.19,596148.96,610534.07,607018.19,713208.76,711463.38,707830.01,767661.65,785491.8,785776.57",0
C10781,49,男,南京,白领,2418260.49,749700.08,362043.67,471331.75,163553.13,475585.55,5,123342.95,金卡客户,6,存款|理财产品|基金|保险|信托|贵金属,"1939322.19,1642254.64,1850059.38,1849658.4,1876479.27,1560528.09,1865109.23,1736136.98,1710864.62,1824461.57,1833013.81,1526816.41",0
C10782,25,女,苏州,白领,6688575.63,705630.22,1163147.81,906127.29,873561.53,468605.7,47,557957.93,白金客户,6,存款|理财产品|基金|保险|信托|外汇,"3984714.51,4230361.22,4146443.72,4606182.24,4698473.56,4422501.01,4187036.05,4293578.05,4256803.97,4181185.27,4404153.63,4578674.6",1
C10783,52,女,深圳,自由职业,1075868.6,287529.55,187654.99,54903.27,128765.78,8019.25,7,132193.94,金卡客户,7,存款|理财产品|基金|保险|信托|贵金属|国债,"772855.74,777164.07,828467.49,837996.67,825054.66,868023.33,935737.77,922192.19,943167.78,1004051.1,1011828.59,1061693.45",0
C10784,44,男,深圳,白领,915248.25,112977.43,98009.79,179059.74,88380.3,0.0,24,107215.67,银卡客户,5,存款|理财产品|基金|保险|国债,"781170.31,882246.77,870426.37,921682.6,1035524.43,1032693.3,987094.21,1176151.89,1189850.08,1257560.39,1275527.83,1219043.04",0
C10785,49,男,成都,企业主,25688607.25,6662250.13,4116008.94,1674200.7,1783973.63,4673397.46,23,1791122.45,钻石客户,8,存款|理财产品|基金|保险|信托|贵金属|外汇|国债,"16666273.58,16348887.37,17095626.28,17606747.88,17565012.86,18822191.52,18918883.54,21123392.35,21878082.28,21877110.1,22919531.58,24191650.77",1
C10786,56,女,杭州,企业主,77168887.72,24401173.46,18990505.36,3673807.47,3144057.88,4564565.9,2,4935216.25,钻石客户,8,存款|理财产品|基金|保险|信托|贵金属|外汇|国债,"72776069.77,75081412.87,73285402.45,68348217.16,72369781.29,65559255.29,65762349.64,61757167.85,61235707.38,59239936.43,62849290.1,60615817.29",1
C10787,29,男,北京,企业主,538571.73,179796.25,81079.84,94051.91,36576.19,0.0,10,23309.67,银卡客户,5,存款|理财产品|基金|保险|国债,"404903.73,400235.59,405619.47,421165.69,432577.75,424685.38,431605.62,429479.0,429313.41,418584.61,424784.9,420316.34",0
C10788,41,女,重庆,白领,2503349.39,151911.94,644301.71,458403.27,142109.38,164535.27,22,113372.46,金卡客户,7,存款|理财产品|基金|保险|信托|贵金属|国债,"2407529.7,2441285.93,2434946.44,2317510.13,2489909.67,2416475.19,2219932.19,2514502.06,2460676.7,2611401.53,2353123.12,2426084.24",0
C10789,60,女,上海,专业人士,10730319.76,936239.73,1573825.14,1187518.79,347727.1,644398.27,2,1560151.68,钻石客户,7,存款|理财产品|基金|保险|信托|贵金属|外汇,"9259011.08,9347319.76,10045687.73,10303083.11,10185535.11,10917858.48,10762030.03,11418723.15,11677147.01,11496042.53,11239160.46,12453435.21",1
C10790,72,男,杭州,专业人士,1093876.44,190082.5,201426.07,134135.14,118636.86,122631.99,5,86136.98,金卡客户,5,存款|理财产品|基金|保险|信托,"981229.81,928776.86,899930.22,866450.38,888763.42,823005.65,834259.5,847904.61,776712.34,776119.91,754410.96,778589.25",0
C10791,50,女,北京,退休,270755.28,92575.06,37700.44,4081.47,11167.26,0.0,4,11373.6,普通客户,4,存款|理财产品|基金|保险,"226873.13,224052.7,235444.76,237081.19,254712.49,242680.17,248237.85,275316.56,259558.05,259716.3,269357.98,296930.33",0
C10792,80,女,苏州,白领,546684.57,177784.33,95431.17,113926.37,21621.12,0.0,21,41231.68,银卡客户,5,存款|理财产品|基金|保险|国债,"452215.34,441055.53,440170.81,459443.82,454692.47,495612.74,477529.82,426805.18,498403.71,479502.58,509662.59,480256.75",0
C10793,29,女,广州,专业人士,1861347.25,381350.84,301341.54,215376.35,140407.4,75739.36,34,254118.34,金卡客户,5,存款|理财产品|基金|保险|信托,"1335186.98,1238837.52,1329680.03,1251440.95,1337910.0,1225880.12,1140828.54,1062568.68,1015796.3,1285103.68,1108865.21,1164161.32",0
C10794,71,男,北京,白领,807332.8,182553.62,2738.96,123654.3,111397.52,0.0,9,90432.29,银卡客户,6,存款|理财产品|基金|保险|贵金属|外汇,"693066.62,667964.58,788082.71,747621.51,715259.39,707967.07,625484.99,646167.11,706721.13,656791.02,666607.08,666413.36",0
C10795,34,男,北京,专业人士,4403761.45,830297.88,655646.53,270372.64,82.66,792090.88,6,94416.94,金卡客户,6,存款|理财产品|基金|保险|信托|外汇,"4311462.68,4398616.23,4205259.28,4184909.94,4240856.99,4091968.96,3953013.38,3793995.45,4111300.14,3920510.79,3678457.14,4146075.57",0
C10796,50,女,广州,企业主,1093711.48,315906.79,324535.82,3657.44,50226.55,13566.59,3,151939.16,金卡客户,6,存款|理财产品|基金|保险|信托|贵金属,"989553.67,1039694.05,1046846.88,1061598.63,1066753.73,1082027.52,1124222.56,1143296.65,1160882.94,1175980.57,1190119.33,1208798.55",0
C10797,47,男,苏州,自由职业,3239892.99,515873.76,771120.46,395566.22,69071.46,573138.42,13,186010.92,金卡客户,5,存款|理财产品|基金|保险|信托,"3016059.29,2794021.07,2820102.25,2825111.12,3234464.01,2851808.67,2531644.22,2877274.61,2986224.05,2760569.47,3087376.32,2899831.53",0
C10798,29,男,杭州,专业人士,818425.03,196166.39,173782.39,150261.99,20217.34,0.0,16,9559.79,银卡客户,5,存款|理财产品|基金|保险|贵金属,"552118.61,537743.5,521332.46,528575.38,512116.63,502392.32,468178.03,475052.74,458088.77,460194.71,446567.78,442489.9",0
C10799,60,女,成都,退休,1835675.03,126607.03,379386.13,285098.64,121441.34,88230.24,6,129043.24,金卡客户,5,存款|理财产品|基金|保险|信托,"1324947.49,1343218.39,1358613.42,1352982.74,1404376.62,1390814.8,1384864.93,1374981.13,1406391.06,1426864.5,1437019.72,1406980.29",0
C10800,46,男,武汉,企业主,3638605.19,845273.33,404462.99,878161.88,87391.77,393933.68,10,317717.78,金卡客户,6,存款|理财产品|基金|保险|信托|贵金属,"3100362.52,3165707.08,3251622.54,3127206.89,3143420.17,3178064.08,2996600.13,3065666.4,3083444.17,2958869.55,2949993.3,2880470.61",0
C10801,45,女,成都,公务员,1697376.75,90346.03,100182.84,46473.11,81217.89,280365.45,13,171798.56,金卡客户,6,存款|理财产品|基金|保险|信托|贵金属,"1306285.35,1346873.3,1485406.74,1293108.73,1293056.19,1455464.46,1441734.26,1344281.37,1320942.5,1572304.27,1475803.57,1317699.58",0
C10802,25,女,武汉,企业主,1605081.2,267932.12,301429.66,318375.69,131471.2,186429.79,8,153384.17,金卡客户,5,存款|理财产品|基金|保险|信托,"1240653.69,985107.7,1029407.84,1071143.7,1138823.34,1070149.2,1054046.77,972551.84,1038040.72,1125465.64,1025382.2,887326.84",0
C10803,26,男,苏州,企业主,614365.35,51372.18,75832.85,62483.44,81869.81,0.0,5,24678.49,银卡客户,5,存款|理财产品|基金|保险|外汇,"490695.99,513627.1,549856.31,554463.21,582759.48,572214.77,566972.85,574903.19,657971.8,629538.18,647510.22,703902.98",0
C10804,37,男,广州,退休,2260744.47,554797.81,481470.61,405253.87,79762.7,348239.27,9,189442.55,金卡客户,6,存款|理财产品|基金|保险|信托|国债,"1504115.03,1442022.1,1556325.73,1921636.05,1746598.34,1855475.6,1765037.27,1771012.0,1874628.82,1886271.89,1798056.68,1896336.26",0
C10805,55,女,广州,退休,1234280.21,464870.46,116950.43,213587.96,151626.94,182899.21,13,170900.4,金卡客户,5,存款|理财产品|基金|保险|信托,"847920.19,916396.47,859251.43,932133.35,1011019.58,1020056.56,1036845.19,1007530.94,1022354.75,1160150.25,1227967.71,1193346.84",0
C10806,42,女,广州,高管,18067091.71,3172679.88,194472.45,1278209.87,1767565.44,2341202.57,6,1621306.0,钻石客户,7,存款|理财产品|基金|保险|信托|贵金属|外汇,"10821691.88,11009594.73,10394079.83,11028154.59,10767862.14,10797450.07,11076119.03,11150389.24,10707755.89,10699208.82,10759128.57,10683991.44",1
C10807,23,男,深圳,白领,617416.78,125985.36,131306.88,8967.46,5542.6,0.0,7,38208.34,银卡客户,4,存款|理财产品|基金|保险,"435507.36,446094.62,460143.33,483808.86,481665.9,499261.29,534983.12,524145.05,565051.56,585837.18,600076.99,610422.77",0
C10808,18,男,上海,企业主,839899.76,314809.87,98764.52,9103.09,88966.47,0.0,2,46527.19,银卡客户,4,存款|理财产品|基金|保险,"602907.95,615482.65,621121.58,620570.43,615965.88,612742.66,623395.86,618392.53,641494.86,628613.38,612403.03,618587.8",0
C10809,45,女,成都,企业主,13906074.61,4845615.95,114666.9,357516.19,242188.72,1468779.42,1,1346329.99,钻石客户,7,存款|理财产品|基金|保险|信托|贵金属|外汇,"8654151.11,8628828.27,8673756.73,8754598.36,8786025.7,8828254.77,8761882.23,8483182.82,8579538.37,8676157.96,8706791.38,8782848.17",1
C10810,45,男,上海,企业主,7014124.67,2467964.09,1110977.4,182679.5,142684.78,1141266.56,50,474210.12,白金客户,6,存款|理财产品|基金|保险|信托|外汇,"6133134.55,6247869.94,6693831.84,6506817.66,6240709.4,5839396.43,6372913.23,6462440.38,6346948.72,6287043.39,6522992.28,6336722.53",1
C10811,73,女,苏州,退休,10352040.75,2317477.74,1843336.41,2326487.06,307610.23,203410.37,10,1104460.32,钻石客户,5,存款|理财产品|基金|保险|信托,"9556715.64,10027598.22,10143753.76,10310310.3,10657824.86,10965518.47,11390074.63,11673598.09,12144995.16,12440274.72,12944798.94,13297685.51",1
C10812,40,女,上海,企业主,25454489.85,7052895.88,6121520.19,3920667.3,599039.44,4343362.69,24,3013175.16,钻石客户,8,存款|理财产品|基金|保险|信托|贵金属|外汇|国债,"16551669.77,17050088.93,15356924.02,16258325.25,15800527.61,15816433.37,16395534.45,15351360.5,16150208.42,16109835.57,15213894.89,16320808.73",1
C10813,65,男,南京,白领,3462805.04,869006.3,125293.45,143322.77,426070.23,556343.2,19,332513.26,金卡客户,6,存款|理财产品|基金|保险|信托|外汇,"2669820.18,2500560.31,2698330.76,2992634.49,2812699.26,2857757.79,2933314.22,2685523.83,3098233.8,2764490.95,2869734.56,2890676.14",0
C10814,42,男,深圳,白领,1527985.74,478127.22,27287.95,129861.94,66048.35,31873.88,1,151010.67,金卡客户,5,存款|理财产品|基金|保险|信托,"986066.19,1048097.9,1093015.2,1150964.92,1150269.8,1264689.36,1253050.52,1371277.21,1414146.93,1474885.98,1561115.46,1617290.79",0
C10815,57,男,上海,白领,1825933.8,717521.89,118359.8,190216.33,103673.7,339731.76,22,91210.86,金卡客户,5,存款|理财产品|基金|保险|信托,"1628694.9,1821562.56,1768648.55,1592149.31,1638589.66,1912687.88,1628812.95,1844696.1,1684572.16,1741400.63,1777859.98,1504753.3",0
C10816,23,女,上海,退休,1759351.92,255163.7,224405.97,91272.81,167052.52,149750.53,1,161694.8,金卡客户,5,存款|理财产品|基金|保险|信托,"1416775.66,1335231.27,1447597.8,1595619.99,1682142.78,1809176.96,1710175.87,1736841.3,1832746.94,2150085.81,2150527.5,2071811.88",0
C10817,64,女,广州,退休,870303.61,304727.14,56392.59,176288.58,36927.63,0.0,2,12905.35,银卡客户,5,存款|理财产品|基金|保险|贵金属,"686903.72,755189.72,790303.4,825965.13,828328.39,836060.08,921342.18,942668.2,932476.47,923594.05,1005365.58,1031050.8",0
C10818,34,女,广州,公务员,201678.46,73930.57,48538.55,12273.69,9825.63,0.0,14,30221.66,普通客户,5,存款|理财产品|基金|保险|国债,"174926.2,174350.83,203288.67,174533.17,198069.57,193195.92,196597.9,182183.46,183821.33,180424.62,198255.14,176191.25",0
C10819,42,女,南京,专业人士,9614530.85,797799.35,2049829.32,776721.76,176883.27,1049241.84,10,400702.16,白金客户,7,存款|理财产品|基金|保险|信托|外汇|国债,"8100879.26,7705943.88,8105193.6,8575774.33,8526130.13,9393650.55,8719498.9,8763816.15,9495664.63,8789171.2,10027852.44,9174885.69",1
C10820,54,男,重庆,白领,1170658.63,336661.02,23675.85,61040.78,150902.86,28558.08,8,56642.13,金卡客户,5,存款|理财产品|基金|保险|信托,"734032.56,767683.83,803465.29,778843.61,880708.18,797101.31,837983.02,901214.69,849418.3,900147.72,931068.5,886208.56",0
C10821,34,女,南京,白领,8419103.1,2523923.06,715244.75,1261978.64,543277.09,11096.65,5,1036116.12,白金客户,6,存款|理财产品|基金|保险|信托|贵金属,"5591729.74,6110277.32,5693947.9,6748225.87,6516124.08,6443622.61,6082286.44,6661462.17,6696110.71,7151252.09,7170481.3,7574955.77",1
C10822,37,男,南京,公务员,235536.41,22689.35,7363.15,42713.08,8376.2,0.0,7,28826.63,普通客户,4,存款|理财产品|基金|保险,"141701.1,148802.75,157469.78,175050.12,156472.83,168532.48,185251.64,192693.6,184171.75,185888.06,179440.76,206009.87",0
C10823,64,男,成都,企业主,3472656.34,804740.66,308006.48,468733.33,298901.3,401072.98,7,449046.52,金卡客户,6,存款|理财产品|基金|保险|信托|国债,"3030448.96,3105446.76,3092410.8,3009567.37,3160001.54,3032001.78,3166885.22,2822040.69,3088198.86,2894010.68,2985417.17,3147318.39",0
C10824,20,男,成都,退休,591234.26,160073.68,28181.06,42230.27,18595.39,0.0,1,33251.68,银卡客户,5,存款|理财产品|基金|保险|外汇,"411460.15,374895.26,393263.55,429435.05,421314.08,435700.27,469228.54,469082.19,498165.59,507470.67,522896.48,524168.5",0
C10825,47,男,上海,专业人士,5188446.23,894193.04,738415.49,377798.06,542017.21,876376.74,3,259826.11,白金客户,7,存款|理财产品|基金|保险|信托|贵金属|国债,"4200202.04,4389873.27,4151232.93,4743749.7,4061322.03,3868788.53,3882719.9,4036953.75,4013527.81,4006996.26,4097111.34,3432621.03",1
C10826,59,女,杭州,高管,1618371.77,297783.61,70405.08,136613.12,166131.03,268923.31,2,204837.25,金卡客户,6,存款|理财产品|基金|保险|信托|国债,"1409316.72,1495781.14,1548982.75,1596925.45,1619058.26,1715732.29,1733641.21,1779929.36,1871158.13,1958189.91,2012669.19,2070706.66",0
C10827,49,男,苏州,退休,869683.13,297804.34,229685.77,108995.58,24343.24,0.0,5,24174.28,银卡客户,4,存款|理财产品|基金|保险,"618511.02,646686.04,639887.57,648249.14,637928.0,649408.86,662363.67,663608.39,673423.32,690851.64,684831.59,683511.87",0
C10828,35,男,上海,自由职业,852871.02,222352.91,163197.84,203479.13,29497.62,0.0,1,15917.33,银卡客户,4,存款|理财产品|基金|保险,"611186.42,592008.44,605936.33,577643.51,553959.97,599544.86,608813.16,614944.12,582335.18,592785.25,584487.21,594037.29",0
C10829,33,男,重庆,专业人士,2563948.73,258338.0,76627.54,280947.17,216652.87,150955.23,7,134230.65,金卡客户,5,存款|理财产品|基金|保险|信托,"1546325.45,1394317.73,1486204.91,1515847.46,1626529.1,1376890.76,1499809.27,1656651.87,1489792.42,1308357.96,1660406.5,1597621.52",0
C10830,58,男,南京,高管,598805.53,119234.84,159775.95,85827.66,86712.68,0.0,6,41120.57,银卡客户,4,存款|理财产品|基金|保险,"482193.95,577101.44,530527.64,558968.24,606377.14,557463.52,659105.07,629075.65,587235.23,640953.26,609743.07,684771.77",0
C10831,39,男,深圳,公务员,1818787.79,362170.93,530318.03,375926.42,29445.5,184977.64,9,204088.11,金卡客户,5,存款|理财产品|基金|保险|信托,"1173730.09,1246061.98,1218412.92,1212143.42,1248966.66,1394299.47,1304708.97,1240777.36,1245066.37,1512920.06,1366019.28,1427741.25",0
C10832,33,男,武汉,高管,7276064.45,754549.42,224179.24,951768.8,736713.53,164973.22,7,194973.37,白金客户,8,存款|理财产品|基金|保险|信托|贵金属|外汇|国债,"6697216.6,6751121.06,7007144.45,6856583.08,6897536.33,7191529.18,6898029.22,7442002.76,7051964.63,7904298.14,7907703.69,7620735.77",1
C10833,54,男,杭州,高管,5423778.3,1706603.53,511231.72,1327086.19,617109.24,62583.05,3,440639.59,白金客户,5,存款|理财产品|基金|保险|信托,"4285040.75,4372055.93,4385399.07,4512352.4,4482478.89,4500102.37,4479008.65,4640089.88,4465808.92,4494981.44,4319476.23,4715331.12",1
C10834,43,女,北京,企业主,205711317.05,24190526.74,40249381.39,28109212.62,30294935.07,34370488.72,43,5435000.79,钻石客户,8,存款|理财产品|基金|保险|信托|贵金属|外汇|国债,"148911556.96,170722183.85,154661864.12,142654015.67,173195731.64,145218215.42,182455558.1,149461617.83,176637471.77,137596666.04,162320449.06,155479372.94",1
C10835,57,男,重庆,公务员,6337126.08,2107757.89,1246482.97,223977.89,89395.37,437299.24,11,821846.19,白金客户,6,存款|理财产品|基金|保险|信托|外汇,"5100138.87,5377802.59,5011067.8,5073009.79,4820363.06,5102342.24,4758577.76,4997173.19,4905519.12,4451164.98,4730377.17,4230568.01",1
C10836,48,女,重庆,高管,2326194.65,469053.42,267120.41,62059.13,46837.93,389399.62,3,293072.89,金卡客户,6,存款|理财产品|基金|保险|信托|贵金属,"2364901.89,2348968.69,2168869.86,2429411.39,2254556.25,2265187.6,2155047.37,2563999.75,2418711.36,2367850.87,2345007.01,2237301.64",0
C10837,55,女,北京,退休,4014440.23,908553.74,372015.29,406901.88,583293.03,161940.56,11,365894.55,金卡客户,7,存款|理财产品|基金|保险|信托|贵金属|外汇,"2823292.49,3038957.32,2884978.99,3451634.98,3740825.54,3537891.16,3734328.92,4103473.7,4436466.12,4451950.64,4510070.14,4872057.68",0
C10838,29,男,广州,退休,710867.19,53644.19,128771.47,176477.12,102804.72,0.0,4,9338.71,银卡客户,5,存款|理财产品|基金|保险|外汇,"611318.38,605591.36,603650.27,546686.77,588466.38,526557.1,608224.28,519679.32,561315.45,535727.84,498688.32,570857.29",0
C10839,35,男,深圳,白领,403505.01,127073.51,94425.23,1452.49,8703.03,0.0,2,16073.12,银卡客户,4,存款|理财产品|基金|保险,"377635.35,330529.64,386503.89,373226.52,341035.51,393623.02,327881.59,368707.52,366817.22,331157.54,351149.38,319156.67",0
C10840,18,女,上海,自由职业,440385.16,143992.37,44010.64,19883.67,18465.46,0.0,14,7262.63,银卡客户,5,存款|理财产品|基金|保险|外汇,"245916.98,256950.66,293294.47,286929.91,287579.24,292789.97,288927.37,280031.98,325436.4,253335.67,266361.86,296029.2",0
C10841,47,女,苏州,专业人士,8342477.8,2374701.7,1614374.6,462287.3,179685.58,1632836.9,28,136327.08,白金客户,5,存款|理财产品|基金|保险|信托,"8308102.93,6731226.02,8309864.61,8561806.33,8164079.4,9457873.67,8426838.51,10099456.92,8606202.5,9620625.92,10373837.15,10909878.66",1
C10842,18,女,杭州,自由职业,5544670.33,474425.58,367014.22,1062286.7,306720.22,183843.29,50,90243.61,白金客户,5,存款|理财产品|基金|保险|信托,"3414142.79,3498571.65,3316971.71,3342102.7,3774783.34,3364163.13,3540567.73,3533002.58,3178137.82,3053215.03,3549343.02,3193436.87",1
C10843,20,男,南京,白领,130936.55,23276.32,11134.91,2805.21,5267.67,0.0,2,7197.35,普通客户,4,存款|理财产品|基金|保险,"130968.8,142326.97,127866.84,145843.22,155629.61,169842.07,179763.72,166851.22,183952.93,151994.57,201457.91,185475.26",0
C10844,41,女,上海,公务员,3916327.88,1223028.38,752262.69,407221.67,398657.03,429973.25,17,151149.08,金卡客户,6,存款|理财产品|基金|保险|信托|外汇,"2796367.71,3023453.75,2998373.39,3060757.33,3102715.65,2664520.15,2935207.37,2991327.52,2966655.25,2962674.89,3159295.62,2780519.13",0
C10845,40,男,北京,退休,30382725.22,7334706.3,7281322.68,5704447.14,3515830.57,3033648.31,2,1809090.43,钻石客户,7,存款|理财产品|基金|保险|信托|外汇|国债,"23442442.22,24288533.13,23754060.31,24842546.9,25240920.26,26152957.34,26655436.68,27200660.45,28148582.71,29024973.2,29935490.17,29769281.65",1
C10846,18,男,重庆,退休,3103037.94,912950.38,431940.3,586846.99,272057.58,33389.38,5,90933.62,金卡客户,6,存款|理财产品|基金|保险|信托|贵金属,"2793214.16,3043274.62,3075270.02,3169657.4,3367224.56,3546599.93,3680730.18,3687295.88,3941807.56,3999062.59,4199570.99,4435182.58",0
C10847,23,女,北京,企业主,10189349.34,3409363.19,393651.52,2358176.76,307257.68,165785.55,25,586224.77,钻石客户,6,存款|理财产品|基金|保险|信托|贵金属,"8716361.91,8100862.64,8640445.45,8395348.46,8582340.98,9284783.39,9596975.81,9564197.66,9656783.05,10018864.27,10770835.07,11048714.4",1
C10848,54,女,广州,公务员,1604431.92,488306.27,101841.56,188023.69,157288.48,173117.74,18,60794.88,金卡客户,5,存款|理财产品|基金|保险|信托,"1621452.31,1377253.83,1384706.73,1296483.19,1363328.1,1406795.09,1478419.06,1420411.36,1401248.41,1592090.72,1564909.86,1481585.32",0
C10849,52,女,北京,专业人士,2000232.16,204982.72,263162.57,99027.96,117971.13,195156.04,29,117889.95,金卡客户,5,存款|理财产品|基金|保险|信托,"1740629.74,1830644.26,2039470.66,1923604.39,1997645.63,2092049.13,2207997.89,2180478.45,2154395.4,2251265.68,2388264.0,2382236.04",0
C10850,37,男,重庆,自由职业,717633.93,142833.27,200640.55,28967.13,16884.38,0.0,7,25854.27,银卡客户,4,存款|理财产品|基金|保险,"709929.03,810479.08,716914.24,698943.71,806671.67,738630.21,734852.6,721781.56,817225.39,788100.0,788851.27,815413.54",0
C10851,39,女,重庆,企业主,8904753.88,1124881.21,571974.81,189735.06,1197376.33,1745037.94,6,1279000.78,白金客户,5,存款|理财产品|基金|保险|信托,"8557447.68,8342972.5,8494608.42,8293073.45,8663347.11,7997170.2,8032855.93,8220015.81,8199146.71,7991197.13,7357951.68,7260998.5",1
C10852,39,男,上海,自由职业,2312558.19,186640.45,318661.59,547768.82,312554.47,324381.82,1,141930.94,金卡客户,6,存款|理财产品|基金|保险|信托|贵金属,"2060867.84,2132527.35,2046832.59,1996172.22,1933216.72,1951334.67,2101861.12,1982566.45,2096266.34,2272023.93,2078836.3,2037126.68",0
C10853,50,女,深圳,公务员,1227396.79,124519.0,321622.07,65092.1,54133.7,173453.27,21,129732.21,金卡客户,5,存款|理财产品|基金|保险|信托,"795737.62,796160.08,824790.94,836579.09,836729.64,881868.09,880510.09,900358.9,884237.85,933158.87,948584.76,949892.22",0
C10854,52,女,北京,白领,201358.32,11920.71,26766.68,29570.99,28904.95,0.0,2,16603.17,普通客户,4,存款|理财产品|基金|保险,"163691.75,152143.96,159773.1,159209.05,163835.0,151029.82,151127.18,136870.17,163799.63,138541.58,153737.89,152420.24",0
C10855,50,男,上海,企业主,2617569.64,852661.51,388664.85,280862.65,4544.05,297376.59,18,71889.01,金卡客户,5,存款|理财产品|基金|保险|信托,"2288862.96,2272459.49,2429366.94,2433700.15,2551262.55,2438087.04,2532148.67,2643950.23,2774610.81,2790868.62,2764395.33,3005497.19",0
C10856,40,男,广州,公务员,759306.3,133427.84,125907.84,45302.05,72365.13,0.0,4,61581.87,银卡客户,4,存款|理财产品|基金|保险,"662757.81,629612.52,628025.54,666648.06,607489.41,583701.82,590328.93,542187.56,545810.51,575426.95,546837.8,581745.8",0
C10857,49,男,广州,专业人士,800489.48,93457.74,88710.38,170869.92,88644.45,0.0,29,45507.6,银卡客户,6,存款|理财产品|基金|保险|外汇|国债,"529877.25,528963.47,520205.49,511716.05,490526.11,496506.91,495365.39,495012.76,475156.13,463963.56,455117.23,465318.8",0
C10858,34,女,北京,企业主,3752105.43,748714.51,109366.08,698499.68,505900.59,195273.77,4,240581.35,金卡客户,5,存款|理财产品|基金|保险|信托,"2463535.05,2590576.6,2669605.81,2765117.91,2958526.83,2688929.58,3092158.2,3269005.54,3602502.36,3336203.32,3471792.75,3462415.49",0
C10859,24,男,深圳,退休,1618742.56,624402.86,475383.08,215163.17,125071.4,92432.84,3,242157.68,金卡客户,6,存款|理财产品|基金|保险|信托|国债,"1343879.62,1303270.71,1226035.68,1100695.65,1177504.55,1129922.87,1111510.28,961368.01,1139926.84,1053113.88,1021931.74,969383.0",0
C10860,33,女,广州,专业人士,3037583.01,619848.69,385202.3,504321.47,350097.27,199980.91,47,148558.05,金卡客户,5,存款|理财产品|基金|保险|信托,"1846778.3,2275469.97,2075577.14,2281612.12,2270479.61,2378943.6,2541382.28,2868203.39,2942232.12,2922520.2,2802553.92,3227953.8",0
C10861,50,女,上海,白领,983179.27,237432.67,200230.68,13039.85,8851.95,0.0,3,117769.04,银卡客户,4,存款|理财产品|基金|保险,"874831.49,922597.2,903248.17,981409.16,1051814.71,975836.08,1128257.8,1120202.84,1174740.66,1159670.39,1247082.8,1369007.15",0
C10862,39,女,苏州,退休,158286.58,51871.37,688.01,34837.47,22651.99,0.0,34,12945.35,普通客户,4,存款|理财产品|基金|保险,"135824.87,127234.47,144939.82,145823.64,145723.33,156222.64,154502.29,162770.28,171376.36,153818.35,160980.04,166469.68",0
C10863,74,女,武汉,专业人士,1491944.94,243414.15,184837.03,333953.92,80457.09,85756.78,49,88402.23,金卡客户,6,存款|理财产品|基金|保险|信托|国债,"1476113.64,1364049.2,1426146.48,1434457.74,1276838.9,1417417.85,1246218.76,1244482.61,1477980.32,1411229.49,1474613.24,1293738.42",0
C10864,46,男,深圳,自由职业,4565717.85,847355.92,813448.25,121718.34,96688.55,798709.74,2,293163.92,金卡客户,6,存款|理财产品|基金|保险|信托|外汇,"3070757.74,3262753.46,3538687.09,3889882.59,3771619.37,3963787.51,4068192.0,4258117.56,4273163.86,4695967.62,5236994.19,5570962.09",0
C10865,63,女,杭州,退休,8838255.5,1514361.12,875969.6,595960.04,727626.91,636629.6,18,756942.29,白金客户,6,存款|理财产品|基金|保险|信托|国债,"7686575.3,7379646.22,7804989.43,7675456.55,8016817.71,8305018.66,8414296.28,8794226.81,8743353.53,8785413.18,8750354.77,9008500.32",1
C10866,57,男,苏州,公务员,423931.53,147310.7,31697.77,33190.48,3766.0,0.0,6,60392.93,银卡客户,4,存款|理财产品|基金|保险,"255776.03,267517.49,272210.14,280248.55,273663.79,284203.69,284742.77,293250.26,297701.46,296779.02,301690.53,311758.61",0
C10867,45,女,广州,白领,1946719.71,663059.5,156455.31,167068.52,58057.22,197428.45,10,249303.79,金卡客户,6,存款|理财产品|基金|保险|信托|外汇,"1616037.46,1623581.21,1675776.39,1781052.25,1780988.4,1800041.98,1929635.02,1947140.82,1816563.23,2005514.2,2067164.06,2037585.1",0
C10868,53,女,深圳,退休,1755022.6,334596.76,441231.43,211620.0,237247.47,178944.94,11,51671.57,金卡客户,5,存款|理财产品|基金|保险|信托,"1639119.55,1651003.7,1692877.16,1584833.76,1561773.56,1522250.23,1521953.71,1504268.21,1483811.42,1455075.81,1411580.73,1381599.43",0
C10869,39,女,成都,企业主,58204202.67,16647988.24,14253110.29,9979335.12,5379065.68,9936508.06,4,7920567.56,钻石客户,8,存款|理财产品|基金|保险|信托|贵金属|外汇|国债,"39973166.54,42045656.62,43338345.77,46169977.04,47553104.55,50049291.58,52520204.57,54822931.52,56919023.31,59686612.23,62783944.43,65006135.7",1
C10870,34,男,北京,专业人士,4240392.7,951120.44,783179.2,1015610.65,210400.54,645280.96,1,407683.06,金卡客户,6,存款|理财产品|基金|保险|信托|外汇,"2655496.06,2707775.25,2747725.8,2775544.01,2646766.25,2812209.15,2556628.48,2810877.75,2675881.1,2697254.7,2702379.7,2796053.76",0
C10871,28,女,武汉,退休,4521883.72,1556929.95,142005.38,1073761.85,123757.73,374737.05,4,181426.91,金卡客户,5,存款|理财产品|基金|保险|信托,"3752253.25,3827401.7,3943870.58,3974992.91,3698093.14,3691058.5,3523237.15,3785716.9,3621767.5,3942801.18,3734729.08,3624329.55",0
C10872,35,男,上海,高管,694420.51,244771.19,159803.43,118225.01,47613.25,0.0,1,14169.11,银卡客户,5,存款|理财产品|基金|保险|国债,"442076.65,425868.99,435686.79,427384.44,424931.89,434550.97,429222.32,439423.97,428974.75,410208.69,417966.94,428348.32",0
C10873,38,男,苏州,白领,2291463.83,319816.25,71752.79,404214.08,45235.4,203363.19,6,225716.34,金卡客户,5,存款|理财产品|基金|保险|信托,"2089026.19,2093810.57,2095347.66,2098349.99,2123442.28,2107626.5,2133319.45,2181353.65,2169650.59,2197780.09,2221168.46,2195533.03",0
C10874,48,男,上海,退休,1715260.4,627231.36,297635.56,278279.28,199809.29,88961.9,5,59333.94,金卡客户,5,存款|理财产品|基金|保险|信托,"1307465.95,1341430.34,1273788.84,1278851.78,1139711.3,1192723.0,1097807.36,1176677.24,1030406.09,1218332.77,1091469.47,1148902.3",0
C10875,52,男,上海,自由职业,5657156.14,1059913.98,1615301.36,1309262.5,560505.56,9987.2,6,373637.37,白金客户,6,存款|理财产品|基金|保险|信托|国债,"4362450.56,4531963.94,4625600.91,4973372.32,4958038.63,5092304.01,5630136.86,5482912.08,6006238.63,6276904.5,6392355.65,6239884.38",1
C10876,45,女,北京,专业人士,1886022.79,656352.99,57320.97,102103.22,120061.72,317709.63,2,51101.54,金卡客户,5,存款|理财产品|基金|保险|信托,"1156854.49,1246783.07,1361838.89,1473802.42,1459583.18,1340407.24,1276419.74,1345341.69,1222517.9,1335520.6,1436955.77,1372514.46",0
C10877,35,女,武汉,企业主,879892.09,185439.33,254596.39,48169.35,77587.53,0.0,4,95054.22,银卡客户,4,存款|理财产品|基金|保险,"687205.58,620669.72,589660.43,699937.29,657750.75,696383.3,759636.26,649391.01,683254.56,769516.78,735261.47,679509.45",0
C10878,30,女,北京,自由职业,841683.79,228381.67,248943.68,71310.28,122617.15,0.0,7,18197.7,银卡客户,4,存款|理财产品|基金|保险,"695654.41,749562.82,713974.78,719171.17,697600.82,749470.48,698661.94,644612.62,675608.78,648446.46,667053.0,634745.01",0
C10879,34,女,苏州,企业主,3766795.16,804326.91,363432.38,528484.97,147200.63,302217.44,2,213067.72,金卡客户,5,存款|理财产品|基金|保险|信托,"2953432.68,3047684.26,3054379.28,3117791.28,3152005.76,3085901.75,3220105.5,3295876.15,3246687.05,3317818.54,3356835.56,3495228.7",0
C10880,43,男,上海,企业主,2860792.7,823009.91,70584.63,396961.47,62828.15,111965.23,3,97977.83,金卡客户,5,存款|理财产品|基金|保险|信托,"1774720.76,1782781.22,2078014.26,1974914.02,2164482.48,2175051.52,2328659.96,2349143.52,2518249.53,2569129.65,2771880.41,2681928.54",0
C10881,18,女,广州,白领,1671866.84,155165.49,147119.34,108096.8,210387.41,64707.02,3,205945.09,金卡客户,5,存款|理财产品|基金|保险|信托,"1162467.77,1169870.67,1187019.02,1184713.01,1217602.73,1233158.6,1252786.82,1256139.3,1275890.98,1300640.7,1295208.14,1302591.0",0
C10882,28,女,杭州,公务员,736505.99,61532.04,176074.93,32209.9,12656.34,0.0,1,13531.96,银卡客户,4,存款|理财产品|基金|保险,"597897.5,554289.89,565743.56,540819.39,575040.5,547504.78,536579.77,530088.47,524620.49,543284.03,509303.58,538633.85",0
C10883,49,男,成都,白领,4531136.08,1534850.53,391421.33,459056.56,387084.34,470483.89,2,70171.51,金卡客户,7,存款|理财产品|基金|保险|信托|贵金属|外汇,"2842242.09,3238394.56,3443197.25,3601115.99,3639154.6,3982439.28,3826166.88,4151665.18,3967275.85,4208970.45,4141763.01,4615273.89",0
C10884,43,女,苏州,自由职业,3621237.6,1298589.69,972132.73,261641.7,82276.27,462984.33,2,379707.71,金卡客户,5,存款|理财产品|基金|保险|信托,"3000564.15,3290334.89,2982122.52,2886652.4,3069802.46,3047455.32,3106712.55,3348870.17,3229272.15,3104536.58,3350660.29,3274432.54",0
C10885,41,女,深圳,自由职业,7683679.46,1073677.87,175540.33,60957.24,698640.58,478806.44,4,553937.84,白金客户,6,存款|理财产品|基金|保险|信托|外汇,"6553169.46,6503610.43,8015376.04,7343644.33,7040850.94,6639664.05,7664532.09,8170421.22,7746089.81,7689190.62,8054857.53,9053334.88",1
C10886,24,女,武汉,企业主,1783382.55,111474.62,281595.58,114578.57,82028.92,166602.16,8,251739.4,金卡客户,6,存款|理财产品|基金|保险|信托|外汇,"1769633.28,1694073.58,1693055.93,1657334.02,1743055.95,1892709.74,1774153.14,1853824.03,2232433.9,2174314.35,2136681.42,2559616.36",0
C10887,20,男,重庆,退休,1625456.59,247729.1,173326.95,212174.63,129221.22,223447.52,16,67341.5,金卡客户,5,存款|理财产品|基金|保险|信托,"1322520.1,1306389.78,1399939.42,1436321.56,1557463.74,1633094.12,1758356.42,1842679.39,1914528.49,2006861.14,2138836.88,2179293.8",0
C10888,18,女,上海,白领,19975518.2,4001356.76,762837.56,595829.32,494114.65,3557930.37,2,2503617.73,钻石客户,6,存款|理财产品|基金|保险|信托|贵金属,"18359200.1,20758474.07,20328868.93,20601094.5,21935122.56,21768393.73,21650517.9,22047793.34,22829222.94,21894867.0,22272745.22,25096721.99",1
C10889,72,男,上海,白领,2425463.31,804173.29,575699.73,436391.27,322863.59,105434.35,2,60686.87,金卡客户,5,存款|理财产品|基金|保险|信托,"2300947.36,2558492.94,2531268.24,2698940.78,2867259.86,2642659.22,2796200.0,2961347.26,3060344.83,3253399.01,3632062.27,3680640.64",0
C10890,36,女,深圳,专业人士,6146026.88,1056853.98,958016.95,1439248.25,677745.86,709386.28,5,493572.47,白金客户,6,存款|理财产品|基金|保险|信托|国债,"3866610.6,3396750.38,4130536.84,3778234.15,3929699.79,4497486.02,4060548.34,4128537.12,4305470.82,4332936.07,3945668.78,4225738.26",1
C10891,45,女,重庆,公务员,19275247.41,5529333.01,95620.52,589992.69,470095.98,2913167.94,12,1380333.21,钻石客户,6,存款|理财产品|基金|保险|信托|国债,"17469551.13,17482398.41,18328475.95,16977867.39,17186575.32,18791655.78,17604852.59,18543199.64,18934724.96,18716010.79,19700980.08,18246750.78",1
C10892,72,女,深圳,专业人士,1067353.96,169165.95,120489.16,163207.75,26857.93,164663.27,1,85560.6,金卡客户,6,存款|理财产品|基金|保险|信托|外汇,"842737.85,856398.38,885578.14,887603.47,933438.47,931189.33,986028.7,993841.42,1006798.4,1040427.95,1061254.05,1120837.25",0
C10893,48,男,深圳,白领,1300737.79,255776.86,163530.82,33702.38,86442.91,209963.26,11,67671.28,金卡客户,6,存款|理财产品|基金|保险|信托|国债,"1156426.36,1188126.0,1162780.04,1148129.92,1223005.31,1282106.31,1268498.43,1469233.3,1513056.91,1437117.16,1562661.54,1578041.35",0
C10894,37,男,上海,白领,3600298.0,1201634.01,535006.46,522792.31,446574.93,225086.02,7,496554.54,金卡客户,6,存款|理财产品|基金|保险|信托|国债,"2964721.89,3020283.67,3283511.78,3402941.05,3656944.58,3825674.85,3762464.89,3746885.82,4340113.18,4125498.57,4533543.61,4635726.41",0
C10895,47,男,杭州,退休,6397129.03,1314645.44,1343691.84,1017000.96,112419.39,796620.86,5,557179.54,白金客户,6,存款|理财产品|基金|保险|信托|国债,"4563858.51,4432229.31,3833071.61,3828825.3,3776464.81,4011681.39,3450181.55,4501871.3,3739604.52,3702609.58,3942657.64,3645500.48",1
C10896,54,男,苏州,企业主,2330780.98,796318.87,475977.26,531593.84,48673.28,82190.22,3,124740.5,金卡客户,6,存款|理财产品|基金|保险|信托|外汇,"1523654.79,1321847.88,1783611.27,1899606.2,1705861.58,1596410.66,1762056.85,1800055.61,2099107.47,1847935.15,1987179.15,2294644.17",0
C10897,47,男,苏州,高管,8510138.1,3264459.2,1958619.37,424762.29,1248004.75,1564905.26,4,279502.2,白金客户,5,存款|理财产品|基金|保险|信托,"8517598.71,7665412.09,7866472.39,8419958.0,8179125.77,7750262.76,7875663.87,8249672.89,7267609.48,6671350.96,7495564.62,7340001.43",1
C10898,56,男,北京,退休,609652.85,78360.48,14432.68,111235.48,45538.74,0.0,13,68386.4,银卡客户,4,存款|理财产品|基金|保险,"435692.66,441454.12,420820.06,453504.3,438801.72,503029.0,569723.45,537455.12,558649.21,574997.35,603540.16,615769.56",0
C10899,54,男,上海,公务员,4679324.84,837240.36,453580.28,539626.26,380841.48,132827.56,2,510452.9,金卡客户,6,存款|理财产品|基金|保险|信托|国债,"4157014.54,4234719.71,4200871.13,4125381.69,4135403.58,4057589.55,4007608.48,4023937.0,4023245.45,3983234.01,3965767.29,3868364.32",0
C10900,68,女,北京,高管,2320806.92,874382.48,238165.93,364873.48,4206.61,330077.66,34,317144.03,金卡客户,6,存款|理财产品|基金|保险|信托|贵金属,"1606893.25,1483766.13,1700158.39,1743068.96,1629482.52,1836791.64,1742643.06,1669791.27,1939512.08,2038053.56,2064533.41,2406294.15",0
C10901,50,女,成都,自由职业,8799432.11,3075162.34,716681.77,899369.31,958277.1,174326.66,4,1018751.57,白金客户,7,存款|理财产品|基金|保险|信托|贵金属|国债,"7233444.75,6684053.59,7561156.0,6524113.92,7067308.14,6611831.06,6540973.09,6752280.16,6789612.15,6338664.28,6254326.79,6138372.61",1
C10902,48,男,南京,白领,701275.81,178574.63,58080.27,89168.59,26500.95,0.0,9,55415.39,银卡客户,4,存款|理财产品|基金|保险,"457294.33,464600.89,495324.01,523474.9,444437.83,473999.89,544118.87,569916.29,508220.07,534310.02,546316.58,552310.63",0
C10903,48,男,成都,自由职业,2569856.54,317007.55,563016.61,64952.12,344594.04,76658.21,7,263998.3,金卡客户,5,存款|理财产品|基金|保险|信托,"1698941.87,1691389.68,1790714.1,1757747.61,1845287.2,1925455.16,1907321.77,1967960.86,2076629.37,2119129.91,2097573.21,2076080.3",0
C10904,42,男,重庆,专业人士,188359.41,26407.37,46354.85,13090.19,18580.41,0.0,12,22503.88,普通客户,6,存款|理财产品|基金|保险|贵金属|外汇,"118135.82,109639.42,121446.35,111904.94,122054.04,127071.86,121692.12,132650.96,132599.71,134011.65,137382.31,134797.12",0
C10905,47,男,武汉,高管,1391046.62,447076.86,109277.68,156157.14,31647.29,188606.42,5,155738.47,金卡客户,5,存款|理财产品|基金|保险|信托,"1193437.54,1240295.78,1242006.22,1302638.5,1331730.66,1328195.5,1546888.9,1493884.71,1577307.55,1622189.82,1661804.42,1716934.29",0
C10906,40,男,苏州,专业人士,12507489.52,809002.88,2862042.74,1792190.39,1528807.88,188991.34,1,1706742.04,钻石客户,7,存款|理财产品|基金|保险|信托|贵金属|国债,"7797757.85,7362617.75,7658630.33,7196406.26,7447653.5,7828157.04,7104632.58,7556866.47,7555365.77,7315945.4,7521917.42,7289876.17",1
C10907,56,女,深圳,公务员,211462.49,69245.07,40197.25,36464.37,7328.28,0.0,14,30818.66,普通客户,4,存款|理财产品|基金|保险,"132688.53,140896.37,140282.01,134014.91,127818.5,127681.95,121572.15,131740.33,110529.61,129255.25,120514.51,122601.25",0
C10908,54,女,北京,白领,2933643.1,539029.85,523504.54,275064.3,176509.77,93206.26,30,107106.75,金卡客户,5,存款|理财产品|基金|保险|信托,"2585138.51,2443875.47,2405974.17,2710362.61,2686225.14,2874143.99,3047760.18,2918101.96,3095665.42,3534935.42,3502379.49,3665889.9",0
C10909,47,女,上海,自由职业,13560157.63,1047363.07,1402106.5,2720011.53,970653.36,2453313.17,1,1227457.09,钻石客户,5,存款|理财产品|基金|保险|信托,"11277698.85,11931800.49,11969708.3,12602610.56,12809922.76,13830736.57,14058824.17,14987905.56,15550773.71,15363756.55,16781812.35,17228679.33",1
C10910,42,女,上海,自由职业,6400439.2,1882710.43,1490777.67,635021.45,870787.55,698240.43,3,630029.14,白金客户,6,存款|理财产品|基金|保险|信托|外汇,"3991990.57,3837974.21,4173363.89,4403442.82,4671390.72,4320368.13,5039239.41,5192536.54,5540248.86,6113966.92,6686819.14,6535439.66",1
C10911,26,女,上海,白领,1228761.65,222777.51,187173.78,224770.98,52922.25,241508.21,7,130046.68,金卡客户,6,存款|理财产品|基金|保险|信托|外汇,"923587.43,1031588.29,987232.85,1024081.7,1123077.34,1016795.36,1137022.52,1060146.18,1101524.82,1132202.0,1108154.1,1082826.4",0
C10912,51,女,武汉,自由职业,9651989.68,1383442.11,2522842.44,1578327.13,419464.21,1905871.68,8,1235929.3,白金客户,7,存款|理财产品|基金|保险|信托|贵金属|国债,"7915082.01,7765703.15,8097554.91,8117782.42,8150869.72,8059325.34,8348275.92,8480737.48,8528456.23,8831531.27,8803596.33,9127439.43",1
C10913,48,女,北京,专业人士,4191445.44,837424.47,868215.1,631297.5,88667.98,787606.51,6,244871.37,金卡客户,6,存款|理财产品|基金|保险|信托|贵金属,"2786566.36,2818647.33,2754885.61,2804728.64,2974879.13,2910643.18,3171911.55,2921740.65,3171765.96,3190876.19,3479372.45,3542240.58",0
C10914,53,女,杭州,公务员,25283676.68,3454785.55,749783.86,3464843.0,1194237.25,2649857.67,12,3791479.71,钻石客户,6,存款|理财产品|基金|保险|信托|贵金属,"24553596.41,26298444.94,23373285.97,27185249.86,27040766.21,26495624.45,25229731.51,23730632.13,25440682.24,27928817.57,26476023.64,23907534.9",1
C10915,28,男,重庆,退休,844371.3,163455.6,80457.07,92548.71,77307.76,0.0,24,66720.33,银卡客户,4,存款|理财产品|基金|保险,"634970.24,641771.98,637729.63,667503.76,662107.31,726673.67,779121.02,845796.68,820700.2,875159.72,888455.84,973464.26",0
C10916,56,男,北京,白领,5459600.96,861195.96,364679.19,642262.87,755592.05,324707.9,9,200274.39,白金客户,6,存款|理财产品|基金|保险|信托|外汇,"3770549.41,4261882.06,4389193.47,4186504.54,4555553.9,4783533.13,4484009.22,4876997.8,4955531.11,4711782.29,5379197.91,5307309.73",1
C10917,60,女,苏州,白领,1070366.02,246607.98,273408.13,49474.06,16762.49,15943.63,4,86673.38,金卡客户,6,存款|理财产品|基金|保险|信托|外汇,"913268.31,994381.85,1022985.67,1047170.71,1090124.74,1134362.81,1181363.23,1221372.53,1194697.66,1301919.58,1377562.13,1418550.13",0
C10918,59,男,北京,高管,16127778.86,3590277.6,58159.63,3851988.06,1204212.65,2697430.36,2,1551165.6,钻石客户,6,存款|理财产品|基金|保险|信托|外汇,"11241563.56,11284861.59,11750162.17,11980097.85,11450964.43,12054671.54,11743258.14,11183969.78,11888831.93,11732054.94,12443851.29,12153863.22",1
C10919,25,男,北京,公务员,1235558.24,232286.24,50214.12,179055.5,131648.67,166933.6,1,80467.79,金卡客户,6,存款|理财产品|基金|保险|信托|贵金属,"954772.47,950208.29,989786.49,959471.01,941112.77,941005.67,941358.68,927758.81,946689.15,920760.45,924042.2,908960.23",0
C10920,44,男,成都,白领,6951614.39,1560111.07,1714858.76,318607.3,348705.31,954284.75,5,1007446.7,白金客户,5,存款|理财产品|基金|保险|信托,"5991977.67,6112572.56,6470403.53,6666887.35,6571400.56,6826457.67,7026434.17,7204683.85,7295196.49,7341953.72,7640432.76,7607024.82",1
C10921,41,男,苏州,专业人士,1046632.27,202117.4,270750.03,93520.13,89079.51,111959.69,16,69267.42,金卡客户,6,存款|理财产品|基金|保险|信托|国债,"1038357.46,984215.55,1009413.98,910089.43,937952.79,875756.89,828916.84,920470.06,860351.37,827545.19,800903.18,855204.93",0
C10922,45,女,上海,退休,1345426.88,258452.68,79331.59,206771.05,200541.02,98293.46,1,178636.1,金卡客户,5,存款|理财产品|基金|保险|信托,"917933.61,907895.35,750440.45,831450.01,849988.14,814080.78,729637.58,846696.54,736580.21,784412.11,784839.35,767891.65",0
C10923,62,女,北京,自由职业,3244710.27,683146.41,515988.88,652815.43,351708.02,402086.65,6,221864.21,金卡客户,6,存款|理财产品|基金|保险|信托|国债,"2729743.48,2835049.61,3060886.69,3199857.49,3228427.6,3073017.32,3287210.26,3744528.75,3684225.44,3787180.3,4101490.13,4246666.22",0
C10924,41,男,深圳,专业人士,5629896.06,1594210.98,605196.82,28633.56,370749.43,252390.57,7,218629.35,白金客户,5,存款|理财产品|基金|保险|信托,"5461008.08,5646979.98,6033092.63,5761353.82,5783223.5,6670379.12,5900144.1,6259044.5,6580348.36,6313845.06,6926821.75,6753104.67",1
C10925,54,男,苏州,企业主,4348933.23,1203124.37,873368.26,956789.26,78952.98,454169.27,1,485196.9,金卡客户,6,存款|理财产品|基金|保险|信托|国债,"2696991.6,2592158.46,2700109.1,2564615.74,2563411.88,2649117.64,2587453.91,2501752.77,2486906.98,2443408.18,2373941.56,2385352.9",0
C10926,52,男,南京,高管,4060187.84,1310499.13,459643.41,7234.75,252282.87,185200.86,2,519360.93,金卡客户,5,存款|理财产品|基金|保险|信托,"3572533.48,3554333.46,3341908.43,3328334.78,3290179.31,3308517.05,3222542.43,3172419.76,3059442.63,2859033.22,2888061.12,3126594.16",0
C10927,40,男,武汉,专业人士,497187.75,77887.5,13954.9,14210.97,22234.07,0.0,1,62174.95,银卡客户,5,存款|理财产品|基金|保险|贵金属,"493155.2,497426.77,488601.64,486919.56,496397.53,501456.57,502705.93,512747.53,515391.23,515043.06,511039.65,523939.93",0
C10928,56,男,重庆,公务员,2469568.45,241723.07,628541.45,598635.95,107896.95,149920.69,24,28297.32,金卡客户,5,存款|理财产品|基金|保险|信托,"1751649.42,1912070.05,2011443.89,2086144.54,1979045.37,2324588.96,2393467.94,2454297.48,2346418.81,2509707.18,2741485.0,2887995.85",0
C10929,29,男,南京,专业人士,459924.89,110519.3,132154.76,72233.76,3449.0,0.0,12,68265.13,银卡客户,5,存款|理财产品|基金|保险|贵金属,"323055.74,326983.34,324860.96,330243.15,305042.58,307751.79,318545.61,296437.71,305016.54,325603.41,303617.79,308534.58",0
C10930,19,女,北京,高管,9577116.91,1092932.52,1797853.77,2323033.74,751167.68,358943.54,19,567276.84,白金客户,5,存款|理财产品|基金|保险|信托,"8531785.89,8398550.37,8991249.34,9154374.2,8301656.21,8804976.34,9733150.49,8845796.6,9483559.83,9060139.28,9165993.39,8592033.47",1
C10931,20,女,重庆,高管,874527.25,253694.65,20394.32,144812.66,118167.58,0.0,7,127428.98,银卡客户,4,存款|理财产品|基金|保险,"517886.46,564314.6,486502.81,548670.04,590915.29,508791.13,480930.11,495799.41,652892.69,600151.0,586706.44,653338.41",0
C10932,38,女,北京,企业主,7027102.37,587557.81,2032947.44,1570260.88,684944.35,89537.89,2,543357.88,白金客户,6,存款|理财产品|基金|保险|信托|贵金属,"6376291.93,6876167.42,7645617.1,7953352.25,8157035.6,8277763.79,9188706.96,9634768.49,9861362.33,9904814.9,10557596.82,11205838.95",1
C10933,55,男,上海,自由职业,1760523.53,106889.57,235902.11,79601.2,37693.0,138410.11,22,42025.05,金卡客户,6,存款|理财产品|基金|保险|信托|外汇,"1198407.5,1208645.62,1239774.76,1277078.74,1293069.44,1358427.57,1391028.39,1421869.35,1469279.78,1510059.58,1552533.63,1608250.74",0
C10934,33,女,上海,退休,10012227.67,1489034.39,336624.26,1420699.6,530671.1,1167864.82,37,272954.92,钻石客户,6,存款|理财产品|基金|保险|信托|国债,"9021530.95,7498577.08,8168857.0,8213891.84,8340690.88,8249687.15,9379595.49,8541018.72,9627118.57,9176205.96,9188692.08,9065243.21",1
C10935,59,女,北京,企业主,51435641.03,11072191.2,1456081.29,7742343.25,6597346.49,7588186.72,14,3238430.0,钻石客户,8,存款|理财产品|基金|保险|信托|贵金属|外汇|国债,"37807804.82,47835686.75,51683478.53,56689901.98,49696658.02,60406380.33,64523424.41,56425206.83,67024097.66,70673509.73,71217015.07,74282260.34",1
C10936,55,女,广州,退休,1222601.85,363257.52,349518.65,279038.16,10488.51,60681.6,8,133837.08,金卡客户,5,存款|理财产品|基金|保险|信托,"1210665.25,1211859.43,1163023.08,1147709.74,1139473.53,1106420.2,1089341.96,1089235.4,1031831.65,996549.52,979022.96,954380.23",0
C10937,69,男,北京,白领,561339.18,204147.65,69189.0,99679.17,76548.3,0.0,41,71683.11,银卡客户,4,存款|理财产品|基金|保险,"502439.05,486107.97,519533.51,469842.35,504395.86,478946.75,474619.61,469867.64,458096.66,480930.97,476822.7,441113.62",0
C10938,18,女,北京,退休,1089533.9,377133.33,322976.28,190321.28,62092.89,89739.32,23,123680.41,金卡客户,5,存款|理财产品|基金|保险|信托,"949830.89,1131405.58,1285818.17,1187637.72,1242903.83,1231643.05,1363805.58,1544112.34,1552755.51,1523659.86,1628721.13,1618241.09",0
C10939,30,男,成都,白领,755913.34,166336.77,103951.13,65862.81,92709.15,0.0,14,19122.36,银卡客户,4,存款|理财产品|基金|保险,"700013.33,715662.81,705648.88,694606.31,693117.89,682191.36,688982.21,687747.58,682115.2,684852.49,679975.55,680555.02",0
C10940,59,男,武汉,白领,5249671.84,705876.29,1563081.41,27152.2,170877.2,818970.6,13,681272.26,白金客户,5,存款|理财产品|基金|保险|信托,"3840028.05,3887438.83,4360210.31,3599905.69,4225192.42,4035535.28,3907864.29,3572971.68,3864506.85,3708701.73,4047661.96,3687087.13",1
C10941,40,男,成都,专业人士,2415418.99,370453.12,522374.61,376815.5,289703.4,310907.07,21,80631.22,金卡客户,5,存款|理财产品|基金|保险|信托,"2247003.85,2320593.39,2640395.64,2243975.02,2177601.94,2222519.11,2525579.38,2352643.72,2419040.96,2545683.53,2444580.99,2502167.16",0
C10942,53,女,上海,企业主,2475731.47,350274.64,565543.03,315650.7,169187.35,289234.72,11,98704.95,金卡客户,6,存款|理财产品|基金|保险|信托|国债,"1731038.95,1632111.09,1805139.87,1741727.97,1941903.27,1793252.76,1855357.04,1953524.1,2068032.72,2047202.54,2094889.0,2174183.96",0
C10943,41,女,南京,白领,1044741.7,402907.2,52678.95,174581.92,143060.23,145799.37,7,42340.19,金卡客户,6,存款|理财产品|基金|保险|信托|外汇,"888483.51,917480.6,934515.66,958377.04,996218.62,1049095.14,1054144.58,1095932.79,1129005.21,1156498.92,1209880.1,1247692.24",0
C10944,80,女,苏州,高管,1108611.21,77632.13,218905.97,152168.58,18498.15,80826.39,4,158727.61,金卡客户,6,存款|理财产品|基金|保险|信托|外汇,"640971.36,730144.88,712973.24,702836.79,777215.28,849106.56,839103.33,786629.73,843029.28,853157.63,873876.5,960092.74",0
C10945,61,女,南京,自由职业,9604478.98,1688805.02,2461499.64,2060229.43,1299869.84,10494.48,3,497001.07,白金客户,6,存款|理财产品|基金|保险|信托|贵金属,"6691050.59,7012645.07,7432007.64,7095710.14,7470213.82,7879869.42,8145888.26,8547740.0,8757014.64,8870089.68,9181531.56,9466445.39",1
C10946,22,女,南京,专业人士,1314814.14,222661.81,270619.72,157060.24,16070.16,37195.55,3,106593.19,金卡客户,6,存款|理财产品|基金|保险|信托|国债,"901736.27,839348.59,824174.2,853395.71,910245.63,890353.31,914413.36,972847.57,911775.9,965376.85,1050055.4,1074764.88",0
C10947,57,女,苏州,退休,2062068.83,276410.68,319529.13,262196.66,70053.73,288547.62,10,29175.66,金卡客户,5,存款|理财产品|基金|保险|信托,"1604781.18,1813939.75,1820079.56,1909959.2,1942336.01,2097068.53,2257897.11,2262572.99,2361887.49,2482179.87,2704770.03,2789752.24",0
C10948,66,女,杭州,公务员,2311029.61,811448.88,672321.27,74635.65,200425.53,366279.7,1,235106.07,金卡客户,5,存款|理财产品|基金|保险|信托,"2091084.56,2185933.73,2198671.45,2346090.59,2137998.66,2646001.43,2685429.26,2548772.22,2622487.89,2936067.04,2749419.89,2979479.82",0
C10949,29,男,广州,白领,1350512.52,193161.19,89478.13,118204.81,163025.65,174717.82,9,162104.35,金卡客户,5,存款|理财产品|基金|保险|信托,"807155.12,790326.22,948718.94,897187.53,884325.43,992460.04,958169.39,981188.38,1049467.12,1070208.29,1094669.96,1231494.18",0
C10950,43,男,深圳,白领,10592715.05,2445619.0,23130.24,2442478.42,104861.53,1988509.7,12,213856.22,钻石客户,6,存款|理财产品|基金|保险|信托|贵金属,"8989990.15,8497700.09,8794717.71,8739584.32,8709593.63,8765359.96,8843564.55,8927324.53,8848940.09,8900805.86,8981203.17,9074444.32",1
C10951,69,男,深圳,企业主,986801.08,266298.04,192797.5,195606.85,93424.12,0.0,30,67715.9,银卡客户,5,存款|理财产品|基金|保险|外汇,"854377.37,1049266.2,885117.69,874975.78,837869.64,895631.38,890272.17,874390.7,896975.32,981373.99,830801.88,868495.12",0
C10952,35,男,上海,退休,3043189.8,373494.81,635235.95,414809.51,8060.58,452861.48,11,181697.79,金卡客户,6,存款|理财产品|基金|保险|信托|外汇,"2551511.92,2549354.81,2662785.96,2632177.36,2646940.49,2688381.84,2717711.48,2766010.46,2798138.68,2794985.71,2826702.96,2721615.98",0
C10953,38,女,武汉,专业人士,3661234.99,609382.32,315102.61,699581.49,513015.6,669977.65,4,107061.61,金卡客户,6,存款|理财产品|基金|保险|信托|外汇,"2504826.87,2305797.86,2534169.63,2697965.65,2420886.47,2402206.31,2435284.28,2608131.43,2228086.91,2638841.63,2437368.48,2351564.11",0
C10954,63,男,北京,白领,383993.91,132646.04,76988.29,15186.56,13857.65,0.0,5,47861.18,银卡客户,4,存款|理财产品|基金|保险,"239622.95,244007.49,245765.96,252663.45,274975.48,273751.78,291027.85,299689.93,307653.83,330206.85,331857.51,346070.29",0
C10955,49,男,北京,退休,3344451.21,974093.84,324663.08,124420.53,333385.1,164002.81,50,247102.19,金卡客户,5,存款|理财产品|基金|保险|信托,"1884898.73,2107939.87,2281785.34,2292772.16,2347175.08,2512401.71,2895109.78,2652718.35,3148435.84,3322548.44,3266146.6,3529715.68",0
C10956,33,男,成都,高管,5975062.05,2028638.2,266025.99,649050.37,835970.7,602416.42,16,230209.66,白金客户,6,存款|理财产品|基金|保险|信托|贵金属,"3805918.03,3697646.14,3920049.68,3851887.1,3926249.42,3684659.88,3763768.73,3527300.19,3948810.03,4005933.37,3675289.25,4065604.13",1
C10957,41,男,上海,公务员,1307315.3,489886.65,48514.1,82998.26,51421.15,149277.86,2,88247.27,金卡客户,7,存款|理财产品|基金|保险|信托|贵金属|国债,"1110804.82,1089653.91,1040974.27,1080153.22,1252554.5,1263212.23,1244891.43,1171908.43,1319745.39,1287007.59,1316670.35,1326322.96",0
C10958,22,女,上海,公务员,376646.86,44449.59,103258.57,38399.43,12004.88,0.0,2,53517.94,银卡客户,4,存款|理财产品|基金|保险,"365825.11,366956.62,393263.55,403025.29,428771.58,439131.65,418309.3,472179.63,473239.22,481680.86,521922.58,555247.92",0
C10959,48,女,成都,企业主,7211881.57,1490514.3,2094216.61,836814.79,693773.39,538096.0,8,714594.13,白金客户,5,存款|理财产品|基金|保险|信托,"5337384.28,5375112.37,5038340.32,6498224.16,5541085.81,6043156.14,5777396.2,5305906.49,5977134.23,5935936.03,7068942.84,6586651.79",1
C10960,37,男,杭州,退休,612263.33,216086.56,150454.41,43681.61,12577.76,0.0,5,17846.92,银卡客户,4,存款|理财产品|基金|保险,"510002.43,531349.0,498537.83,525208.9,586429.02,595322.1,581959.49,598106.08,583421.42,650863.91,615396.79,669414.94",0
C10961,65,女,杭州,退休,470673.56,29614.48,32482.95,28006.65,23697.86,0.0,24,66875.55,银卡客户,4,存款|理财产品|基金|保险,"362412.43,381028.9,341046.02,359902.47,324909.76,333276.24,369663.35,348198.12,384923.84,358586.12,358904.12,328683.22",0
C10962,39,男,北京,白领,935207.24,116750.63,187139.15,201520.61,91466.75,0.0,8,60889.49,银卡客户,4,存款|理财产品|基金|保险,"802888.67,871152.59,759874.16,758510.48,799889.34,749289.33,831209.9,735597.63,826723.4,799569.94,798735.67,814417.78",0
C10963,46,男,北京,高管,1373453.01,462833.53,281690.11,155277.18,50974.06,41683.17,30,101872.29,金卡客户,5,存款|理财产品|基金|保险|信托,"1398150.87,1416166.84,1475196.92,1468175.24,1561432.74,1530261.92,1564784.88,1638225.5,1729587.26,1766444.26,1757126.71,1795337.9",0
C10964,55,女,北京,公务员,8345349.63,2807065.81,2338384.85,478747.51,725037.64,1342483.41,14,105291.33,白金客户,5,存款|理财产品|基金|保险|信托,"8395216.07,7894612.53,8592804.24,7955604.53,8661231.63,6732598.53,8230267.7,8168147.75,7198481.83,7372466.48,8646099.42,8518012.43",1
C10965,56,男,深圳,企业主,4147832.72,1089228.11,727306.07,545141.57,112887.31,232781.13,15,345872.55,金卡客户,6,存款|理财产品|基金|保险|信托|国债,"2673094.8,2621558.08,2780324.69,2696105.21,2968877.44,2981314.85,3036155.11,3011020.75,3237083.51,3352670.31,3276141.52,3622427.17",0
C10966,49,女,深圳,退休,896674.49,235928.01,111660.1,137840.53,34878.59,0.0,2,117429.58,银卡客户,4,存款|理财产品|基金|保险,"546175.42,563740.41,642353.67,715912.82,739257.05,729025.17,737840.23,712126.76,810839.41,740048.03,743542.3,836499.36",0
C10967,38,女,重庆,退休,717083.88,222980.39,73877.37,161852.73,17573.77,0.0,21,38870.27,银卡客户,4,存款|理财产品|基金|保险,"535232.85,467279.48,509645.24,463818.6,481147.38,465310.35,473548.39,436457.9,430051.66,460418.94,416883.19,421869.86",0
C10968,43,男,上海,公务员,498799.11,98585.34,19657.52,16359.06,48446.42,0.0,9,11063.69,银卡客户,6,存款|理财产品|基金|保险|贵金属|外汇,"427346.39,421803.47,442060.11,381274.68,452896.22,423884.85,432200.71,476406.13,409001.85,457559.6,472272.52,448781.5",0
C10969,45,女,北京,自由职业,528057.54,109887.5,157622.72,40275.33,21343.54,0.0,8,14004.52,银卡客户,5,存款|理财产品|基金|保险|外汇,"502944.88,535272.76,569822.94,586159.89,619529.68,638474.67,660616.05,704188.49,715349.9,755892.17,794049.08,837144.76",0
C10970,64,女,南京,专业人士,4380276.51,1270822.0,721444.0,654164.36,535.24,226247.94,6,312410.84,金卡客户,8,存款|理财产品|基金|保险|信托|贵金属|外汇|国债,"3642084.82,3837540.63,3704595.94,4181751.81,4250848.81,4447862.19,4388519.2,5051263.78,5111805.49,5135676.08,5596632.02,5839147.07",0
C10971,63,男,北京,白领,3404126.99,189112.48,813266.69,19607.32,120451.41,182650.62,3,109106.39,金卡客户,5,存款|理财产品|基金|保险|信托,"2761238.31,2870623.79,2891061.17,3085743.81,3012080.91,3218691.17,3192840.08,3275843.85,3315359.74,3312937.82,3469991.36,3477332.74",0
C10972,49,女,北京,退休,5122376.84,1484199.23,1079763.31,1016131.8,705063.96,370492.75,6,532860.72,白金客户,7,存款|理财产品|基金|保险|信托|贵金属|国债,"3016301.82,3379510.2,3047774.29,3005715.93,3247127.35,3391921.88,3298331.05,3590102.98,3461458.91,3163591.51,3714910.89,3500868.53",1
C10973,39,女,成都,白领,1039941.09,87389.67,92141.55,111300.25,150379.91,135830.03,2,124379.4,金卡客户,6,存款|理财产品|基金|保险|信托|外汇,"762661.47,721396.93,734430.05,791132.7,773121.56,841496.25,809042.59,791038.38,858353.43,864844.28,901474.91,907874.51",0
C10974,53,女,苏州,白领,4217149.41,1592507.26,244313.12,526999.38,628733.08,574863.41,10,142985.66,金卡客户,6,存款|理财产品|基金|保险|信托|贵金属,"3767710.83,3810325.99,4098190.42,4097165.39,4292418.48,4634614.44,4695376.22,5288544.11,5261200.73,5409155.01,5768831.55,5823148.59",0
C10975,58,女,北京,白领,713385.39,132757.74,66950.32,16852.46,62576.88,0.0,12,106375.59,银卡客户,5,存款|理财产品|基金|保险|国债,"454834.33,505667.75,563611.4,556424.76,540306.09,547699.29,545012.93,520714.5,503576.89,538465.67,563421.2,502855.69",0
C10976,42,男,武汉,企业主,2185179.64,420223.54,385302.25,112280.96,199846.81,294552.48,33,25663.14,金卡客户,5,存款|理财产品|基金|保险|信托,"2169376.85,2189986.02,2234733.52,2278921.05,2372615.46,2464125.65,2511076.67,2547150.09,2658857.05,2701548.67,2802284.56,2850653.74",0
C10977,50,男,上海,企业主,6330332.19,2196810.5,1524306.19,159764.16,611642.43,913889.3,22,697702.8,白金客户,6,存款|理财产品|基金|保险|信托|外汇,"5670917.3,5999457.05,6282260.45,6417697.77,7211708.36,6973940.9,7696798.53,8106483.68,8254221.55,8544711.28,9074236.43,9421145.64",1
C10978,60,女,上海,自由职业,67685.76,15917.13,5609.59,15823.39,6350.12,0.0,50,7767.77,普通客户,4,存款|理财产品|基金|保险,"53854.97,54564.68,66122.04,61720.62,70350.54,64908.35,64989.73,73222.26,70850.16,72125.08,68873.64,78224.6",0
C10979,37,男,上海,企业主,3194469.25,1143821.45,400805.09,436273.42,79776.79,169911.17,4,91839.73,金卡客户,5,存款|理财产品|基金|保险|信托,"2968562.93,3082284.97,3338292.63,3446626.06,3607976.62,3808084.65,3977732.51,4070833.07,4357733.52,4647723.79,4739030.7,4996803.14",0
C10980,38,男,深圳,自由职业,931343.47,79392.61,123187.94,5209.67,107695.65,0.0,29,70900.47,银卡客户,4,存款|理财产品|基金|保险,"836397.49,819639.95,839718.29,896576.37,849692.15,893010.51,885190.99,910858.35,945944.12,953147.58,958386.98,966134.53",0
C10981,49,男,南京,退休,9558981.87,3147978.04,918886.64,1693044.68,1421056.56,745521.93,50,1154216.13,白金客户,7,存款|理财产品|基金|保险|信托|贵金属|外汇,"6266359.73,5478570.05,5886730.28,5172895.28,6246532.42,6015776.14,5261873.28,5720079.72,5553409.95,5627925.95,5723967.08,5330396.27",1
C10982,44,男,杭州,专业人士,271448.76,108029.22,29111.05,42552.95,36170.95,0.0,18,24346.82,普通客户,5,存款|理财产品|基金|保险|国债,"294300.71,270918.86,258838.3,306978.85,267035.39,268147.79,300767.66,267394.54,308030.45,341741.65,326388.21,326204.41",0
C10983,32,女,上海,自由职业,408549.28,35840.35,66388.39,38325.84,11799.75,0.0,8,5841.35,银卡客户,5,存款|理财产品|基金|保险|国债,"346748.5,363637.5,362890.24,382496.07,468730.86,405354.23,439944.15,487686.88,553388.66,509553.87,493322.74,509488.33",0
C10984,80,男,杭州,专业人士,160435.12,19383.4,13270.66,110.69,13720.84,0.0,17,2518.67,普通客户,6,存款|理财产品|基金|保险|贵金属|国债,"94862.72,91928.98,102064.49,94840.78,107154.98,89929.67,94931.85,83433.54,87956.53,96872.32,97120.53,100773.72",0
C10985,51,女,武汉,高管,1365030.79,403492.34,283131.07,242097.39,63221.58,180788.49,5,83874.71,金卡客户,5,存款|理财产品|基金|保险|信托,"1180283.53,1185637.06,1394931.92,1330243.99,1502500.94,1526790.68,1585042.4,1607463.53,1704067.12,1802254.44,1889769.22,1916421.03",0
C10986,56,女,北京,高管,18574798.46,5616659.87,4491141.79,4596081.61,2408496.43,1933500.0,14,1846374.29,钻石客户,7,存款|理财产品|基金|保险|信托|贵金属|国债,"15577017.12,15696481.24,16388361.53,15456249.37,16209458.69,15460970.97,13745200.03,15988932.85,15004553.15,14065320.65,13901701.46,12972820.97",1
C10987,44,女,杭州,白领,1707739.02,135205.72,39285.56,248266.71,229500.99,189708.28,8,161381.32,金卡客户,7,存款|理财产品|基金|保险|信托|外汇|国债,"1695072.65,1488260.39,1570714.54,1631989.1,1442002.73,1698297.37,1382788.68,1407398.48,1398066.99,1549641.2,1328919.17,1180691.69",0
C10988,61,男,上海,公务员,930607.53,274737.94,12072.69,86992.27,48332.72,0.0,15,47087.45,银卡客户,4,存款|理财产品|基金|保险,"646293.29,666376.96,656751.85,645356.16,626424.56,647544.74,625770.17,617429.74,626872.76,611205.87,595779.92,601966.89",0
C10989,33,男,南京,公务员,393338.83,69401.53,21460.89,72314.37,11742.66,0.0,6,37896.41,银卡客户,4,存款|理财产品|基金|保险,"309305.95,320180.47,331626.91,329244.4,338268.69,361093.31,356627.37,356325.77,381766.92,359987.22,411048.97,422016.3",0
C10990,62,男,上海,退休,6379388.49,1230331.01,1459958.1,199211.21,183269.94,712532.58,1,428491.11,白金客户,8,存款|理财产品|基金|保险|信托|贵金属|外汇|国债,"5300301.7,5351264.27,5682532.4,6012902.59,6094220.92,6455970.71,6767061.13,6977970.6,7301861.95,7626238.66,7778613.98,7978544.9",1
C10991,29,女,广州,退休,5174242.6,824442.7,830456.85,29979.67,614491.07,641955.63,3,190997.8,白金客户,6,存款|理财产品|基金|保险|信托|贵金属,"4677385.79,3848076.75,4156739.51,4242457.49,4703203.04,4448509.7,4103157.61,3980146.79,4460248.61,4075382.16,4258187.83,3860669.4",1
C10992,53,女,上海,白领,4562367.17,1413230.23,964214.05,76802.2,29608.54,634502.36,8,240172.41,金卡客户,5,存款|理财产品|基金|保险|信托,"4536789.6,4532069.32,4538121.98,4593493.02,4538214.46,4655702.4,4584803.28,4657997.57,4640871.74,4693957.65,4842394.0,4782382.21",0
C10993,48,女,苏州,公务员,316110.05,124851.01,5228.78,28340.88,14115.76,0.0,9,20266.33,银卡客户,4,存款|理财产品|基金|保险,"237506.04,231694.61,245075.19,267798.2,274363.56,288966.26,320307.18,302686.38,349466.59,336527.79,345337.97,372163.99",0
C10994,67,男,上海,专业人士,674754.86,227073.44,126244.72,161532.83,91551.46,0.0,12,55451.28,银卡客户,7,存款|理财产品|基金|保险|贵金属|外汇|国债,"606327.04,653760.85,682369.31,727333.43,734448.24,796349.69,855722.75,864384.42,924045.0,970757.76,988196.28,1046390.9",0
C10995,50,女,武汉,专业人士,6255625.28,1480644.65,1007323.77,1188132.17,766655.84,421873.67,14,764554.45,白金客户,6,存款|理财产品|基金|保险|信托|外汇,"4225611.49,4439796.05,4124523.68,4070018.73,4066754.5,4040441.77,3819834.44,3911715.89,3563405.96,3565330.93,3542073.05,3734173.88",1
C10996,47,女,重庆,企业主,4366813.56,651104.61,12682.65,310614.68,248635.39,80541.19,1,72072.65,金卡客户,5,存款|理财产品|基金|保险|信托,"3759118.9,3117641.44,4289403.2,4167445.04,4206867.99,4151626.11,4477344.71,4965522.56,5201262.15,5451478.67,5345462.07,5558278.93",0
C10997,47,男,苏州,退休,191711.33,52975.15,52697.3,8472.19,11608.91,0.0,7,6111.88,普通客户,4,存款|理财产品|基金|保险,"158949.91,136945.37,144405.77,167763.81,158670.57,148351.49,150900.19,159545.63,171436.95,179722.29,174757.01,185802.65",0
C10998,38,男,成都,白领,9663203.33,3354772.98,226250.31,2184034.67,1358883.12,1145838.31,11,838787.95,白金客户,6,存款|理财产品|基金|保险|信托|国债,"7851790.47,7665274.56,7961748.78,7781230.34,9261739.47,9951245.27,9560471.25,9199109.58,9048807.42,9034440.74,8730098.89,10680133.67",1
C10999,29,男,北京,自由职业,184724.79,38118.47,12003.18,4628.36,4116.92,0.0,2,6157.19,普通客户,4,存款|理财产品|基金|保险,"173649.24,140270.86,155806.42,143102.57,139505.69,131316.66,169404.57,133652.0,123035.17,132778.13,137476.55,124311.79",0
C11000,48,女,北京,高管,15405889.39,3402675.76,3380157.11,1774470.97,291312.37,1353712.04,12,513172.03,钻石客户,6,存款|理财产品|基金|保险|信托|国债,"9622673.62,10100561.91,10162327.25,10270377.87,10212369.91,10686009.87,11004829.82,11240887.8,11504150.71,11458299.82,11719067.06,11985721.01",1
C11001,55,女,上海,企业主,17815616.06,3293871.22,4889363.95,1087786.15,1853378.19,2621437.32,1,861470.71,钻石客户,8,存款|理财产品|基金|保险|信托|贵金属|外汇|国债,"16141230.16,18754236.8,20707230.12,20260624.78,20066413.87,22957497.34,22881919.82,23100506.53,25998787.58,25619960.88,25498868.2,27945093.41",1
C11002,52,女,深圳,公务员,1067704.66,258783.33,76687.82,100942.29,46831.36,82944.39,2,69499.15,金卡客户,5,存款|理财产品|基金|保险|信托,"672101.3,706734.56,700660.43,714858.99,735673.24,743865.38,760185.41,774349.93,799045.48,863729.93,850052.81,837963.45",0
C11003,36,男,北京,退休,3778835.11,418137.06,22812.03,422817.42,558982.17,479059.95,5,225083.14,金卡客户,7,存款|理财产品|基金|保险|信托|贵金属|国债,"3352728.46,3340523.3,3457651.62,3335913.11,3491878.43,3537533.89,3768737.18,3795707.75,3923551.29,3850292.61,3883983.55,4195170.98",0
C11004,45,女,深圳,公务员,8625538.89,2991269.62,762595.32,78986.7,1138289.91,1423255.24,2,902013.23,白金客户,7,存款|理财产品|基金|保险|信托|贵金属|国债,"7049702.34,7047711.46,7780986.67,6711348.33,5971618.84,7004016.15,6881387.73,5595519.01,5980230.1,6311738.05,6235189.12,5919153.83",1
C11005,45,女,北京,公务员,129665.98,34852.19,6621.05,28087.34,10731.75,0.0,1,17710.99,普通客户,5,存款|理财产品|基金|保险|贵金属,"105760.66,104768.7,106523.24,114666.87,110162.26,118681.43,130421.54,133602.91,135182.28,138990.38,137339.94,145170.28",0
C11006,40,男,武汉,白领,961707.32,188526.54,74909.66,28375.19,122796.15,0.0,5,93330.31,银卡客户,5,存款|理财产品|基金|保险|国债,"804136.99,788732.98,778158.94,767183.52,774390.04,758858.62,759926.04,737728.48,734501.03,731320.88,725162.3,725919.7",0
C11007,38,女,重庆,企业主,916961.39,357232.79,224295.95,8087.18,43554.71,0.0,5,12838.52,银卡客户,6,存款|理财产品|基金|保险|贵金属|外汇,"648580.86,677038.81,682306.18,651115.43,653993.09,694830.09,683335.67,722443.99,677304.08,664015.47,732408.65,674664.65",0
C11008,23,女,广州,白领,710541.32,121878.7,92772.54,41911.91,80184.19,0.0,7,56182.53,银卡客户,5,存款|理财产品|基金|保险|外汇,"568424.03,588363.96,612493.38,620542.23,643301.48,650404.79,676770.6,706514.08,724903.4,746609.87,764510.24,802367.63",0
C11009,62,女,重庆,企业主,490161.77,177948.97,101405.15,97043.77,20770.4,0.0,7,24718.15,银卡客户,4,存款|理财产品|基金|保险,"393366.26,409167.33,430107.63,419088.21,439076.33,450400.79,471981.65,489293.62,480159.57,508831.69,531869.49,519172.39",0
C11010,44,男,深圳,企业主,918649.91,355920.65,269908.82,97874.03,108721.59,0.0,3,47342.63,银卡客户,4,存款|理财产品|基金|保险,"910999.88,930483.09,965569.86,919015.01,982527.17,1169992.73,1138557.58,1201435.36,1153895.97,1221860.34,1292698.22,1379490.82",0
C11011,42,男,北京,白领,1174989.24,424286.44,123887.91,186190.37,111800.43,43317.6,35,58607.57,金卡客户,5,存款|理财产品|基金|保险|信托,"946577.83,862346.01,978533.15,854587.59,763287.42,963737.3,869694.99,847660.25,908183.96,881827.42,760308.93,770399.01",0
C11012,28,女,重庆,白领,273625.04,75593.37,62870.83,50517.85,19526.55,0.0,2,28760.66,普通客户,4,存款|理财产品|基金|保险,"154864.96,178558.2,179836.5,167165.42,196493.2,200713.41,187693.07,227683.62,225445.33,211125.95,225722.87,237024.7",0
C11013,36,男,成都,白领,3093953.04,1186584.19,817298.12,740716.45,180437.24,543163.98,47,361381.32,金卡客户,6,存款|理财产品|基金|保险|信托|外汇,"2072072.25,2046149.19,2182933.44,2113205.3,2131294.88,1928027.1,2134077.68,2015484.08,1971309.33,1821678.67,2156463.39,2011900.07",0
C11014,43,男,南京,自由职业,3464868.96,771956.33,113190.52,319349.51,286039.77,289333.61,9,442859.36,金卡客户,6,存款|理财产品|基金|保险|信托|国债,"3176397.46,3519763.77,3396539.1,3376137.67,3871716.44,3986208.37,3873678.12,4169328.1,4376251.36,4924279.39,4927354.18,5273755.49",0
C11015,37,女,杭州,退休,1908772.63,271404.99,85896.98,185942.77,101614.71,278257.7,4,178915.92,金卡客户,7,存款|理财产品|基金|保险|信托|外汇|国债,"1208935.74,1694901.05,1356696.76,1313443.25,1403165.9,1400420.2,1377758.82,1262761.97,1364453.19,1243235.43,1219918.55,1216690.02",0
C11016,34,男,北京,专业人士,467595.11,74192.46,112277.07,98575.53,13566.24,0.0,10,57349.28,银卡客户,5,存款|理财产品|基金|保险|外汇,"412479.91,426728.34,456180.86,467183.02,480246.48,506428.57,518397.85,546621.62,566017.38,583143.13,596589.09,624224.7",0
C11017,67,男,杭州,高管,1285191.35,374908.21,42977.77,157037.02,135425.95,22365.34,50,155443.36,金卡客户,5,存款|理财产品|基金|保险|信托,"1067335.68,1063432.62,1060139.96,1094907.39,1104156.87,1123748.61,1154950.02,1153593.16,1127222.34,1189424.2,1179958.26,1180953.78",0
C11018,67,女,北京,白领,74095.25,16995.79,14608.11,14300.61,9714.99,0.0,25,3425.95,普通客户,6,存款|理财产品|基金|保险|外汇|国债,"47052.17,46568.45,48114.93,47374.54,46954.4,47300.38,47791.64,47555.84,48609.24,48148.13,48960.38,48373.12",0
C11019,55,男,杭州,退休,1751910.91,568010.61,19317.88,214401.79,139384.17,241312.43,4,26705.92,金卡客户,6,存款|理财产品|基金|保险|信托|外汇,"1414432.9,1437023.49,1564674.03,1555092.95,1664928.65,1677621.73,1755280.91,1869394.46,1955956.57,2099609.24,2150041.4,2279469.8",0
C11020,39,男,上海,退休,4662158.39,708460.13,205768.58,1159278.22,629694.35,592105.71,9,622306.07,金卡客户,6,存款|理财产品|基金|保险|信托|外汇,"4041685.66,3864571.73,4069389.08,4373911.12,4137955.84,4453495.42,4476439.94,5045709.05,5429809.91,5304067.35,5808407.79,5761952.9",0
C11021,54,男,深圳,退休,1664945.86,471872.86,278977.06,228501.23,127575.67,314303.45,2,234490.57,金卡客户,5,存款|理财产品|基金|保险|信托,"1079888.31,1029477.27,1033711.18,1055423.63,1059330.41,1097164.13,1045343.11,1051652.67,1089143.36,1096550.36,1115290.15,1089915.66",0
C11022,46,男,上海,退休,4834589.12,805993.64,1320201.62,739259.84,490584.57,5628.15,1,526109.95,金卡客户,5,存款|理财产品|基金|保险|信托,"4161253.88,4542673.55,4380041.78,4705657.08,4559398.15,5271957.32,5150904.49,6404640.88,5728459.31,6514188.31,6955250.99,7008375.7",0
C11023,37,女,深圳,自由职业,2907068.54,839600.94,109212.11,257449.79,349584.61,137654.48,1,229834.73,金卡客户,5,存款|理财产品|基金|保险|信托,"2601830.62,2945521.89,2955316.35,2618337.45,2747764.84,3132290.26,2944724.31,3027735.71,2731079.9,3050031.57,2732438.81,2663012.91",0
C11024,55,男,广州,公务员,14300486.54,4402498.18,3190020.1,1753752.0,250828.49,837732.24,16,503349.73,钻石客户,5,存款|理财产品|基金|保险|信托,"13682716.08,15686791.82,16350056.78,14558955.75,15966419.67,19724707.09,18364032.13,20068732.81,20887596.71,19725548.76,21978541.85,24246413.48",1
C11025,30,男,广州,专业人士,2245670.0,405857.74,311407.62,109960.92,258656.32,141347.9,2,130205.17,金卡客户,5,存款|理财产品|基金|保险|信托,"1762940.99,1924497.58,1897717.31,2125264.25,2090089.1,2506410.93,2262133.38,2212490.09,2473835.07,2825465.55,2890421.72,3145452.46",0
C11026,52,男,北京,退休,1177230.36,335538.13,201151.97,193216.07,20399.76,112076.58,9,19950.94,金卡客户,5,存款|理财产品|基金|保险|信托,"1091492.98,1146705.7,1040709.01,980917.61,1029799.72,1066551.81,1031742.89,959172.27,1068313.72,954310.19,851864.86,962489.85",0
C11027,42,女,深圳,企业主,2514322.16,198735.69,508228.1,365487.3,109862.08,391705.44,2,298281.19,金卡客户,6,存款|理财产品|基金|保险|信托|外汇,"2379152.57,2036191.77,1981690.17,1826007.14,2237908.09,2318364.28,2073164.38,1936756.98,2234888.41,1979256.93,2193960.1,2010695.99",0
C11028,38,女,苏州,高管,9345718.92,2449669.77,1656841.39,121313.7,1049010.61,893961.1,17,778792.7,白金客户,8,存款|理财产品|基金|保险|信托|贵金属|外汇|国债,"9047328.07,9026992.23,8521993.98,8601507.0,8451078.29,8578122.96,8411659.49,8085386.82,7940499.65,7948244.45,7531179.13,7541420.43",1
C11029,52,男,成都,高管,2909185.69,696635.74,565042.03,200302.07,121576.17,466261.32,7,321752.22,金卡客户,6,存款|理财产品|基金|保险|信托|国债,"2752312.49,2838977.48,2760143.77,3242463.26,3151497.68,3225167.13,3237074.29,3634804.69,3718537.32,3574022.91,3898302.58,4068178.61",0
C11030,26,女,武汉,退休,3424079.46,784304.98,584668.1,709021.05,381233.35,586370.18,50,443897.84,金卡客户,5,存款|理财产品|基金|保险|信托,"3319169.41,3184652.42,3091068.42,3178345.13,2933112.23,3031654.03,3019611.2,2939709.79,2807615.23,2683302.09,2781803.23,2780654.89",0
C11031,36,女,杭州,企业主,2748286.05,760308.47,217804.65,145912.85,53966.69,132987.49,19,88209.16,金卡客户,5,存款|理财产品|基金|保险|信托,"2435797.67,2192423.08,2499593.63,3001561.85,2647431.12,3087781.58,2938312.79,2570876.12,3261199.05,3486806.24,3378762.43,3727441.03",0
C11032,19,女,南京,退休,300793.52,94822.37,50608.55,11969.08,14402.69,0.0,5,21425.25,银卡客户,5,存款|理财产品|基金|保险|国债,"281324.19,291104.52,301074.13,294032.12,298620.61,316983.79,320748.05,348275.71,340574.6,345896.15,352463.92,354100.48",0
C11033,53,男,北京,自由职业,6236634.46,1015763.18,810219.64,139397.95,933766.27,941838.4,40,604975.01,白金客户,6,存款|理财产品|基金|保险|信托|国债,"4313812.49,4336836.52,4539435.76,4566982.85,4567335.95,4758797.77,4779531.0,4901819.06,5042690.63,5141943.45,5230414.14,5270238.59",1
C11034,30,女,杭州,自由职业,1082215.24,132977.55,223488.59,267641.79,108012.86,14885.64,2,15443.63,金卡客户,5,存款|理财产品|基金|保险|信托,"814166.25,831325.91,851185.34,890866.39,917795.63,941812.66,974425.59,1015252.11,1044000.91,1075714.77,1093257.75,1164585.15",0
C11035,60,男,成都,企业主,3702428.17,518400.01,524191.65,16639.94,43806.75,450190.12,5,137768.04,金卡客户,5,存款|理财产品|基金|保险|信托,"2344529.39,2501700.12,2629105.48,2507812.51,2760130.68,2527158.38,2416404.9,2626328.48,2679042.73,2675945.91,2959490.83,2904103.15",0
C11036,23,男,苏州,退休,10000012.15,2183852.24,2988315.9,959826.14,1281189.53,1724690.22,5,1465869.94,钻石客户,6,存款|理财产品|基金|保险|信托|外汇,"8355069.75,8351877.66,8703896.87,9144727.98,10556883.71,9799683.66,10576266.01,10677076.28,10258777.88,11274900.47,10285980.04,12400948.19",1
C11037,52,男,上海,公务员,35655945.34,5102399.52,8209880.33,877673.28,2997524.17,4446522.11,2,1389028.03,钻石客户,8,存款|理财产品|基金|保险|信托|贵金属|外汇|国债,"26225422.12,28712013.1,31902866.52,32250346.69,34118715.61,33919133.4,37026157.93,38628584.88,38138981.65,42933080.2,40851495.44,45904264.38",1
C11038,71,男,南京,退休,3589477.1,948779.45,329501.0,139331.66,335678.87,420853.98,2,210394.42,金卡客户,5,存款|理财产品|基金|保险|信托,"3217897.69,3532884.07,3341870.84,3782016.19,3509492.95,3500702.95,3667325.73,3827332.8,3742569.54,3735754.28,3792027.05,4027078.1",0
C11039,53,男,北京,专业人士,14860024.98,2170659.65,3881328.73,405605.05,462739.32,2884226.59,12,428923.94,钻石客户,6,存款|理财产品|基金|保险|信托|国债,"10512743.41,10089095.04,12443701.76,11642276.24,12962847.5,12097599.63,13112739.67,12870999.37,14976845.55,14484763.15,15059744.93,14112032.47",1
C11040,57,男,武汉,公务员,2869071.92,580494.63,730745.77,77220.95,243118.45,416782.31,12,208664.81,金卡客户,5,存款|理财产品|基金|保险|信托,"2741566.33,2681993.63,2463914.15,2484748.02,2449603.39,2374306.59,2318067.18,2293244.01,2248712.59,2212448.23,2304351.71,2195818.11",0
C11041,43,男,苏州,专业人士,340284.09,82051.88,59643.02,21108.25,40506.61,0.0,1,27057.22,银卡客户,5,存款|理财产品|基金|保险|贵金属,"235466.63,242831.13,232759.6,234061.76,225559.49,222949.61,197263.71,211989.14,216682.27,202721.24,198396.75,166703.15",0
C11042,68,男,上海,自由职业,307334.02,102639.63,72763.45,59232.46,21180.12,0.0,3,7406.55,银卡客户,4,存款|理财产品|基金|保险,"232443.21,226678.91,245436.57,244494.44,250438.42,245202.7,255519.52,250225.37,258709.24,268739.49,260955.76,276596.12",0
C11043,56,男,上海,企业主,2016893.51,102095.52,363390.28,461870.51,153855.94,1196.81,3,81970.59,金卡客户,6,存款|理财产品|基金|保险|信托|外汇,"1889219.53,1806137.53,1921223.85,2000774.38,2116628.43,2262783.75,2470712.17,2402485.61,2555209.55,2690017.79,2818835.7,2894976.34",0
C11044,33,女,北京,专业人士,364045.35,69986.49,58258.98,44275.39,39214.89,0.0,18,23023.89,银卡客户,5,存款|理财产品|基金|保险|外汇,"344040.46,338026.23,347729.34,329977.26,352173.48,362525.65,346747.97,346525.5,372757.1,369210.55,360422.4,350389.59",0
C11045,53,男,广州,高管,6513810.64,1712614.71,1445741.82,577168.87,455388.49,83654.55,28,609644.96,白金客户,5,存款|理财产品|基金|保险|信托,"5562869.37,5640312.71,5849314.08,5993109.73,6062604.66,5805428.91,5911573.21,6225152.23,6401414.02,6565131.86,6827828.87,6852222.66",1
C11046,34,男,武汉,专业人士,3382616.0,1331193.77,548562.29,162372.31,435752.88,216132.62,2,397618.44,金卡客户,7,存款|理财产品|基金|保险|信托|贵金属|国债,"3044132.77,3305641.88,3229024.24,3139144.2,3290107.84,3195983.51,3338164.11,3424447.62,3334912.92,3266964.6,3331623.12,3285259.21",0
C11047,18,男,上海,白领,16361752.34,5534387.14,1672933.66,2324759.74,1908405.08,2340133.71,2,1400207.37,钻石客户,8,存款|理财产品|基金|保险|信托|贵金属|外汇|国债,"12329131.78,12656725.18,13010334.79,12963492.5,13650029.04,13788290.72,14495363.23,14783994.48,15402881.76,16181621.35,16086801.33,16309242.95",1
C11048,20,女,北京,退休,540736.36,182794.61,147184.21,100836.06,22910.11,0.0,2,14269.21,银卡客户,5,存款|理财产品|基金|保险|国债,"349942.0,342740.83,365594.12,369242.94,366543.43,386389.36,397361.17,392869.1,412568.26,411203.5,429429.43,429174.14",0
C11049,62,男,上海,退休,548385.41,72197.98,494.86,94946.11,48577.59,0.0,2,67643.47,银卡客户,5,存款|理财产品|基金|保险|贵金属,"468522.51,556721.46,522151.73,485660.71,503383.03,481732.91,540071.18,506765.49,440926.32,430490.07,474980.93,465328.97",0
C11050,52,女,上海,企业主,3874796.6,1249865.6,734309.08,217333.72,431219.21,109518.99,12,566342.74,金卡客户,6,存款|理财产品|基金|保险|信托|贵金属,"3057149.81,2987530.53,3081369.19,3103031.6,2721122.79,3138068.86,3488487.73,3212167.69,3549236.26,3334665.6,3316039.12,3438472.71",0
C11051,45,男,杭州,企业主,6616374.66,2065704.55,1020639.36,360944.55,490066.61,1166.77,2,865313.34,白金客户,7,存款|理财产品|基金|保险|信托|贵金属|外汇,"6636340.35,6591014.78,6994665.81,7559929.48,7478466.55,7930141.16,8320216.27,8400777.64,8935418.04,9286848.76,9623699.9,9791751.11",1
C11052,44,女,北京,退休,1133313.8,388210.78,106234.86,37262.95,7367.64,145948.84,1,143280.81,金卡客户,5,存款|理财产品|基金|保险|信托,"795282.27,797281.7,846069.14,839686.78,884879.0,902086.11,931100.24,949247.18,974948.65,1010008.84,1020743.27,1048888.02",0
C11053,39,男,广州,白领,2128029.63,753851.07,119260.44,237555.0,14097.47,17056.58,8,302305.03,金卡客户,5,存款|理财产品|基金|保险|信托,"2187084.4,1891997.86,1925210.71,2001244.52,2047681.87,1931165.32,1716148.38,2046776.86,1864647.92,2076564.15,2081675.86,2021618.24",0
C11054,58,男,武汉,自由职业,1429343.1,292899.81,153932.94,162742.6,139960.25,104959.28,9,70786.17,金卡客户,5,存款|理财产品|基金|保险|信托,"922085.04,888444.0,896780.64,903618.31,939151.77,908690.41,918349.28,905971.0,866380.73,897954.47,899185.09,915774.64",0
C11055,28,男,广州,专业人士,205787.39,17660.61,9666.43,26868.2,9502.13,0.0,8,3269.87,普通客户,4,存款|理财产品|基金|保险,"182393.78,176731.78,179040.91,197822.06,198513.28,200098.48,214403.92,220060.26,216460.05,226716.21,235612.45,239383.51",0
C11056,24,女,上海,退休,514497.02,53753.72,89490.6,77480.57,32289.87,0.0,1,28981.17,银卡客户,4,存款|理财产品|基金|保险,"449748.19,456814.47,452743.51,459250.71,455822.69,449134.42,437295.35,462437.11,445209.85,452673.04,434766.13,448819.31",0
C11057,46,女,杭州,白领,979752.83,307576.36,122160.93,223806.41,94667.53,0.0,4,87205.87,银卡客户,5,存款|理财产品|基金|保险|贵金属,"782195.63,808676.17,879813.38,827118.69,773475.71,868070.78,875398.78,810016.57,834295.04,792452.99,758241.0,795473.09",0
C11058,46,女,北京,公务员,412979.63,140675.52,55049.64,17466.5,59150.68,0.0,16,15334.42,银卡客户,4,存款|理财产品|基金|保险,"323136.94,309191.13,328864.83,334036.22,338258.49,329727.71,306476.37,284841.59,320397.53,312365.31,299809.87,330565.9",0
C11059,21,男,成都,自由职业,11681560.04,2437575.36,1836775.5,2029890.32,1423523.68,1540684.19,11,1715424.0,钻石客户,5,存款|理财产品|基金|保险|信托,"8813290.46,8355099.69,8222509.97,8082463.63,8825745.58,9410174.08,8687461.44,9213096.76,9025598.73,8445162.02,9141958.85,9036352.91",1
C11060,29,女,广州,自由职业,946436.08,345352.43,55312.76,119516.46,85435.37,0.0,5,73234.0,银卡客户,4,存款|理财产品|基金|保险,"829523.54,815556.05,731720.14,741713.99,856600.49,757841.97,670800.57,652192.87,632341.95,758616.05,713771.87,800271.4",0
C11061,53,女,杭州,专业人士,416749.15,154665.75,103347.79,60360.63,57026.5,0.0,2,55884.9,银卡客户,4,存款|理财产品|基金|保险,"343883.16,379323.09,378492.04,390811.54,392024.43,405010.27,427246.53,453949.12,465981.79,467865.29,474632.28,499593.36",0
C11062,63,女,上海,企业主,3782090.53,1440692.19,524742.04,395770.99,7422.93,38588.43,18,342558.92,金卡客户,6,存款|理财产品|基金|保险|信托|贵金属,"2615034.12,2635719.65,2690104.84,2857676.53,3003789.26,3155594.37,3321739.81,3353724.61,3486527.42,3650927.32,3771397.48,3942351.02",0
C11063,34,男,成都,白领,3994357.93,403380.55,383273.07,344086.78,139052.85,113603.49,9,312113.08,金卡客户,6,存款|理财产品|基金|保险|信托|国债,"3371788.14,3798794.89,3672042.37,4180853.44,4409670.83,4280009.22,4466191.01,4575362.54,5000274.44,5132670.27,5336640.34,5527052.25",0
C11064,30,男,杭州,高管,11761678.7,3145881.6,2610604.97,2174909.89,850798.81,1068658.86,4,368238.67,钻石客户,5,存款|理财产品|基金|保险|信托,"8606037.75,9375380.16,7372005.62,8284447.25,8061117.81,8955780.77,8613699.5,7385366.78,9192576.7,8762289.65,7870856.46,8306562.48",1
C11065,25,女,北京,企业主,4175290.74,944113.73,378259.56,528427.1,173878.8,818367.32,1,329766.58,金卡客户,5,存款|理财产品|基金|保险|信托,"2764872.85,2936494.43,2932049.13,2846469.83,3236983.81,3237986.29,2966085.07,3224196.1,3195977.36,3074452.14,3158379.82,3236787.23",0
C11066,44,女,成都,专业人士,1374215.74,138980.15,397370.67,4805.07,140456.03,241899.75,20,120360.82,金卡客户,6,存款|理财产品|基金|保险|信托|国债,"937936.66,927337.09,910221.24,906369.15,883770.75,882891.87,888242.51,822442.49,836682.82,861993.52,807411.4,818717.5",0
C11067,58,女,上海,退休,40826.0,8623.43,1357.37,1866.69,596.05,0.0,10,1794.18,普通客户,4,存款|理财产品|基金|保险,"37517.88,37293.43,37519.27,41800.46,41135.55,45392.12,45979.58,46940.05,49458.25,48412.53,54427.67,54362.6",0
C11068,47,女,深圳,企业主,2285898.87,658076.75,614063.79,240938.66,192156.79,104413.02,1,232644.1,金卡客户,6,存款|理财产品|基金|保险|信托|国债,"1850823.03,1844698.56,1790276.87,1813234.82,1890870.12,1684451.77,1672378.36,1735709.78,1670674.65,1586864.47,1603039.6,1524015.94",0
C11069,37,女,北京,企业主,3564918.13,398713.29,65691.72,327772.95,270655.49,545739.5,25,285718.49,金卡客户,7,存款|理财产品|基金|保险|信托|外汇|国债,"2490135.95,2511012.62,2416673.42,2711636.0,2926972.63,2868900.77,2920055.65,2739879.76,2933055.24,3089744.25,3141821.78,3393937.79",0
C11070,31,男,广州,退休,5694988.11,478971.94,976826.81,21852.2,761877.55,1048722.59,5,260178.25,白金客户,6,存款|理财产品|基金|保险|信托|国债,"4747185.74,4574163.82,4478577.25,4497872.2,4248201.48,4519373.55,4633227.65,4254923.61,4468919.86,4316255.12,4505801.93,4439974.03",1
C11071,50,女,杭州,自由职业,510752.61,87393.17,112922.13,84160.09,59631.45,0.0,5,10361.05,银卡客户,5,存款|理财产品|基金|保险|国债,"331776.54,356696.03,333613.51,365104.41,372571.43,374329.4,403543.17,405243.91,403353.75,424363.63,428527.06,446767.84",0
C11072,55,男,成都,自由职业,8382013.93,2464961.73,1285244.15,653510.6,1115348.6,708791.28,10,1041647.75,白金客户,6,存款|理财产品|基金|保险|信托|国债,"5782501.4,5618071.46,5422747.55,5418744.97,5264179.65,5268975.66,5198393.1,4789472.93,5008327.79,5265946.11,4748612.53,4838507.92",1
C11073,56,女,上海,公务员,3631355.65,476980.47,1017942.38,685954.53,148862.8,4431.28,2,442744.45,金卡客户,5,存款|理财产品|基金|保险|信托,"2333770.22,2413001.38,2678420.37,2644096.84,2755196.66,2640197.02,2751898.82,2777891.9,3038877.67,3161599.38,3063674.62,3172185.71",0
C11074,40,女,上海,退休,356144.97,29072.25,49629.98,15816.31,11282.22,0.0,27,40656.83,银卡客户,5,存款|理财产品|基金|保险|外汇,"270944.49,266308.77,338081.47,298480.16,363265.45,319115.21,377908.54,371195.51,389767.4,450880.15,398512.32,457017.19",0
C11075,53,女,北京,公务员,13640425.05,1953656.43,283880.38,1069950.88,2013179.07,2453752.05,8,891191.37,钻石客户,7,存款|理财产品|基金|保险|信托|外汇|国债,"12242697.6,12384875.45,11642306.73,11682950.66,11832996.08,12033951.96,11552507.55,11660361.88,11510060.8,11886586.96,11582461.55,11350518.47",1
C11076,27,男,重庆,企业主,1626187.24,220781.83,464848.48,34712.69,199048.93,290128.77,1,170477.89,金卡客户,5,存款|理财产品|基金|保险|信托,"1130736.98,1236847.52,1220978.19,1242326.76,1255695.25,1323010.28,1380600.73,1380567.06,1447753.18,1470088.86,1508522.5,1570998.31",0
C11077,18,女,深圳,退休,2127510.11,468407.47,123158.07,315190.32,173800.18,37784.28,4,212022.95,金卡客户,5,存款|理财产品|基金|保险|信托,"1279017.67,1456042.16,1387715.25,1531496.31,1744814.06,1832634.96,1780113.16,1754302.23,2044638.99,1874558.97,1879464.59,2141077.97",0
C11078,51,女,武汉,自由职业,1310342.49,342980.05,365231.31,226176.81,178642.55,42347.38,4,18135.24,金卡客户,6,存款|理财产品|基金|保险|信托|国债,"1350047.47,1263748.06,1315216.18,1640347.96,1477696.59,1259557.77,1467676.73,1542206.25,1486766.34,1634913.74,1644301.17,1754853.95",0
C11079,40,男,北京,退休,6253912.16,378983.75,247376.87,780914.08,214593.4,998451.9,2,877737.22,白金客户,7,存款|理财产品|基金|保险|信托|贵金属|外汇,"4663382.83,5669897.33,5386189.96,6103249.48,5820570.06,6457278.29,7338832.1,6535137.39,7672375.83,7865334.12,7390303.26,8506499.2",1
C11080,46,男,重庆,自由职业,2704894.39,738508.36,228676.01,410193.06,138978.18,365672.76,15,261041.77,金卡客户,5,存款|理财产品|基金|保险|信托,"1919303.56,1932597.38,1956504.42,1945240.93,1992678.89,1998853.12,2037535.28,2028518.72,2033111.29,2094299.74,2063132.36,2086225.99",0
C11081,51,男,苏州,公务员,230358.9,61509.05,22045.45,22200.39,33390.28,0.0,22,5893.32,普通客户,6,存款|理财产品|基金|保险|贵金属|外汇,"187743.6,176827.5,170823.59,170231.85,171205.58,173619.15,157112.56,153391.42,160550.21,168227.09,141321.78,154196.92",0
C11082,64,女,南京,退休,3320499.36,948469.95,483243.69,188353.87,439405.15,353714.62,8,491109.14,金卡客户,6,存款|理财产品|基金|保险|信托|外汇,"3241359.9,3272456.6,3026885.78,2802827.59,3267105.19,3276391.3,3377162.97,3092202.17,2894964.18,2992666.17,3516301.31,3071153.38",0
C11083,38,男,广州,自由职业,1995283.4,289447.54,370601.75,371793.97,225048.12,3446.25,6,202040.53,金卡客户,5,存款|理财产品|基金|保险|信托,"1805814.45,1753590.52,1872238.5,1793229.66,1874819.39,1916140.65,1945852.3,1874492.37,1859925.52,1965878.0,1981758.72,1950108.46",0
C11084,34,男,苏州,企业主,760251.94,165690.21,197347.38,67640.0,87649.01,0.0,22,97542.16,银卡客户,5,存款|理财产品|基金|保险|贵金属,"815966.01,734474.85,740411.12,786715.68,835255.92,848082.74,936169.47,957437.16,996789.25,1033874.16,1114719.73,1088261.79",0
C11085,60,女,北京,白领,5590267.38,1699629.6,1409236.3,1205938.16,147063.97,220296.71,46,68555.19,白金客户,6,存款|理财产品|基金|保险|信托|贵金属,"4228805.46,4591106.62,4855196.76,5021056.98,4820949.81,4961421.0,5490450.27,5439681.55,5854226.0,6199624.9,5988123.46,6216334.35",1
C11086,18,男,成都,白领,4148175.56,1148507.86,324623.68,839618.75,571023.12,262113.55,12,167354.41,金卡客户,6,存款|理财产品|基金|保险|信托|外汇,"4083737.45,4065079.05,4020236.87,4167671.31,4112508.65,4034595.95,4091710.38,3866278.66,3882619.68,4002384.86,4007935.58,3956717.29",0
C11087,18,女,上海,企业主,4243111.89,1036252.87,961014.82,154345.26,390821.44,398410.82,22,575256.26,金卡客户,5,存款|理财产品|基金|保险|信托,"3917080.63,4041527.51,4630321.15,5033871.06,5282646.33,4864060.86,5250599.32,5241410.27,5668575.95,6263936.37,6270484.63,6452396.65",0
C11088,53,男,武汉,自由职业,977599.62,134791.15,200260.06,148497.68,126335.45,0.0,3,88361.38,银卡客户,5,存款|理财产品|基金|保险|外汇,"707924.69,750398.09,729930.57,743723.26,784772.16,819789.08,858917.26,922225.3,912437.56,995162.03,949425.56,1013498.01",0
C11089,56,男,重庆,白领,6610342.94,575280.2,1899804.27,1502425.66,234224.41,1062935.47,22,444978.54,白金客户,6,存款|理财产品|基金|保险|信托|外汇,"4530682.64,4311401.82,4424930.25,4632036.85,4615826.38,4833661.19,4819510.47,4959276.1,4712463.5,5039918.96,4988496.38,5161156.64",1
C11090,51,男,苏州,白领,1907533.2,326777.0,174328.59,306843.57,169820.19,350580.45,9,266786.1,金卡客户,5,存款|理财产品|基金|保险|信托,"1991935.77,1728939.39,1493320.44,1878491.65,1721937.29,1671607.2,1499851.15,1597305.83,1559646.64,1532560.19,1613898.73,1569961.99",0
C11091,24,男,北京,自由职业,951904.85,163534.36,267442.08,6149.58,82857.92,0.0,19,89131.31,银卡客户,4,存款|理财产品|基金|保险,"756024.57,800277.33,804121.13,735212.05,837657.81,891908.6,824191.53,906269.22,881371.91,1052167.74,886943.93,1055293.77",0
C11092,19,女,北京,专业人士,13640033.56,2468812.38,3013333.79,2408862.37,1859529.44,1724251.9,21,1085469.37,钻石客户,7,存款|理财产品|基金|保险|信托|贵金属|国债,"8755672.21,9065275.37,10326678.08,10333949.23,10822037.64,11078727.52,11617639.92,10955312.09,11993226.99,12864947.34,13334797.53,13753829.86",1
C11093,31,女,杭州,专业人士,1472119.86,469740.31,119878.35,829.19,220159.37,62029.9,5,149793.56,金卡客户,5,存款|理财产品|基金|保险|信托,"1437459.99,1355609.6,1591235.75,1654270.92,1729633.96,1855236.77,1707838.0,1904755.07,1933121.99,1993124.81,2158013.67,2300401.48",0
C11094,49,女,深圳,白领,1087505.13,427146.95,78529.01,223060.75,48160.78,92728.87,4,11649.86,金卡客户,5,存款|理财产品|基金|保险|信托,"880514.09,945323.65,984831.49,997137.74,968475.77,1053639.18,1036737.0,1000697.78,1102421.66,1075308.57,1175492.19,1158609.41",0
C11095,46,女,苏州,白领,822534.37,175012.74,96964.57,199820.94,122130.07,0.0,5,55506.14,银卡客户,5,存款|理财产品|基金|保险|贵金属,"661752.96,688199.49,626312.51,682845.69,638107.46,703488.73,684477.43,663908.2,647931.65,755400.2,762677.84,673925.17",0
C11096,28,男,北京,白领,1744112.43,409882.89,224914.7,348098.24,85233.38,198168.38,8,187190.25,金卡客户,5,存款|理财产品|基金|保险|信托,"1622448.26,1525081.23,1692044.46,1634267.68,1708903.14,1692697.63,1621431.39,1677577.65,1666018.68,1664520.3,1756510.22,1852479.29",0
C11097,61,女,深圳,公务员,10425658.64,3261287.16,2089929.71,1943660.22,1054909.33,1001791.61,23,301206.05,钻石客户,6,存款|理财产品|基金|保险|信托|外汇,"9275104.61,10082454.83,8958808.81,10858875.8,10292593.76,9450934.67,11403474.76,12865637.4,10580100.28,12154238.14,11446915.28,13205675.92",1
C11098,58,男,北京,专业人士,974822.41,266614.2,238047.42,234429.36,109114.86,0.0,1,27439.49,银卡客户,4,存款|理财产品|基金|保险,"664641.71,668568.14,690546.81,671430.73,687322.18,671601.5,689901.66,663285.49,665630.38,683126.74,708161.99,701402.93",0
C11099,33,女,上海,退休,944292.77,220845.38,41539.42,5582.38,139004.8,0.0,24,49067.64,银卡客户,4,存款|理财产品|基金|保险,"709821.33,777341.38,827112.01,824605.74,828373.77,928178.62,981640.56,896182.15,1038488.61,1028838.08,1124137.75,1115533.93",0
C11100,46,女,杭州,专业人士,2860588.49,1021303.08,666507.49,599226.75,60411.05,180110.02,24,386191.27,金卡客户,6,存款|理财产品|基金|保险|信托|国债,"2148540.36,2172598.34,2350824.48,2578162.56,2366936.16,2290622.66,2472820.26,2190919.71,2449794.01,2754780.24,2534485.75,2562886.14",0
C11101,45,男,重庆,白领,1520600.99,546927.74,236508.63,152547.26,206534.82,28387.96,3,115926.35,金卡客户,5,存款|理财产品|基金|保险|信托,"1183482.99,1346213.54,1318363.81,1449283.08,1336287.68,1424325.01,1394789.9,1560988.84,1620204.11,1653744.09,1647081.55,1701688.4",0
C11102,40,男,上海,公务员,6597091.63,863922.3,1317955.3,822783.35,779836.05,412619.21,1,929044.34,白金客户,7,存款|理财产品|基金|保险|信托|外汇|国债,"4184801.14,4149805.89,4010641.05,4047304.99,3780081.04,3605113.21,3605895.32,3959016.56,3797467.77,3782623.04,3732177.31,3327314.11",1
C11103,49,女,杭州,退休,23372859.47,8887398.01,6516471.33,1287252.01,3264366.29,3443389.18,46,295575.56,钻石客户,8,存款|理财产品|基金|保险|信托|贵金属|外汇|国债,"21141003.56,21907031.48,21292964.84,19389727.96,22325435.09,20218554.15,20894923.38,21017312.58,22734557.33,20206912.94,19444557.22,22115768.61",1
C11104,61,男,杭州,企业主,5796905.88,686266.2,836495.7,304634.96,20463.41,560236.81,1,227429.21,白金客户,6,存款|理财产品|基金|保险|信托|外汇,"4792781.6,5118529.18,4866657.57,5377430.15,4990791.31,4729402.51,4709444.4,4906368.85,4878787.28,4783876.35,5010619.66,4535852.16",1
C11105,60,女,深圳,白领,4422185.48,848199.24,41709.29,456599.78,364844.66,134223.6,2,158083.56,金卡客户,5,存款|理财产品|基金|保险|信托,"3449184.01,3452990.63,3328908.72,3504354.09,3326545.84,3396438.23,3129462.12,3162722.1,3249465.51,3145066.02,3046212.1,2954072.71",0
C11106,55,男,南京,公务员,5589456.54,541332.51,443876.46,62930.99,302029.52,285516.64,26,628967.78,白金客户,5,存款|理财产品|基金|保险|信托,"5103804.05,5522694.12,5559522.67,5874382.59,6176490.83,6358978.48,6525084.69,6897914.77,7256138.7,7745259.75,7801086.44,8264166.6",1
C11107,30,男,北京,公务员,1543458.82,359590.58,287827.26,38735.68,41907.67,189315.53,5,157658.58,金卡客户,6,存款|理财产品|基金|保险|信托|贵金属,"989831.56,967763.81,998062.33,930277.72,1018209.91,1047630.44,965246.7,1042709.3,1082843.43,1102835.12,1042697.1,1092992.92",0
C11108,66,男,重庆,企业主,6678147.21,2537987.99,664909.7,611612.17,83693.56,856796.64,4,770055.04,白金客户,5,存款|理财产品|基金|保险|信托,"5228341.26,5660994.28,5965236.14,5745712.45,6088524.5,6375946.41,6579822.98,7186113.29,7196390.94,7189604.04,7694840.24,7831110.08",1
C11109,41,男,北京,专业人士,1030242.94,91439.55,293335.06,160323.86,9276.2,12825.28,15,98591.26,金卡客户,6,存款|理财产品|基金|保险|信托|外汇,"977598.77,1005100.04,1071624.63,1055459.6,1066626.37,1050759.69,1131725.07,1127812.21,1258259.06,1188330.18,1128067.86,1283994.49",0
C11110,29,男,武汉,企业主,5232299.7,1888737.98,651272.3,7815.54,619827.24,921822.17,6,636901.02,白金客户,5,存款|理财产品|基金|保险|信托,"3503322.61,3622222.79,3708902.6,3796526.2,3903942.83,4018256.6,4220047.09,4323832.14,4512979.24,4571561.16,4785906.09,4923334.45",1
C11111,35,女,北京,企业主,29021723.82,2514691.07,7727402.03,6656496.83,1414621.1,3575579.64,6,2290562.8,钻石客户,6,存款|理财产品|基金|保险|信托|外汇,"20628153.67,20910332.62,20441310.42,20950031.99,19232501.17,22884099.5,17167060.31,19239141.08,18690550.26,22682012.87,20401832.73,19449488.76",1
C11112,35,男,北京,白领,342801.39,108218.31,10721.41,57229.87,31330.92,0.0,5,16385.27,银卡客户,4,存款|理财产品|基金|保险,"282394.81,280258.65,273593.7,286873.43,309777.89,324286.47,301216.74,331189.88,336440.25,346317.5,378815.16,360403.31",0
C11113,57,男,广州,高管,152985.21,21136.4,9850.98,31145.69,16113.75,0.0,14,18068.92,普通客户,5,存款|理财产品|基金|保险|贵金属,"154529.2,126856.31,157722.01,147880.87,170088.97,184599.28,202228.62,183734.86,195985.65,208758.46,209008.22,237510.64",0
C11114,43,男,苏州,公务员,2728573.65,211500.65,451799.45,60164.13,38918.14,464663.58,20,221694.99,金卡客户,6,存款|理财产品|基金|保险|信托|国债,"1954540.57,2027660.29,2091415.61,2214056.44,2146554.5,2242750.44,2215367.7,2284112.0,2306172.56,2352083.12,2369986.75,2492322.71",0
C11115,54,女,杭州,自由职业,39554247.1,8139650.98,1728186.98,5473350.92,5799334.32,6227309.88,19,4534886.04,钻石客户,8,存款|理财产品|基金|保险|信托|贵金属|外汇|国债,"26351194.55,28012423.07,25812101.71,24680947.77,24551585.73,21921268.16,22922982.7,21829336.65,22877664.47,23877310.87,23258580.17,23916501.48",1
C11116,60,女,北京,企业主,2211382.56,456174.45,269019.86,80619.92,52183.74,352827.17,9,113483.49,金卡客户,5,存款|理财产品|基金|保险|信托,"1447475.48,1462596.87,1276623.8,1286984.22,1432549.31,1373328.47,1449042.06,1628835.28,1494498.4,1494179.67,1409118.54,1347904.24",0
C11117,43,男,重庆,自由职业,3266426.86,824379.15,573750.58,636505.84,109185.88,346923.91,5,178704.14,金卡客户,8,存款|理财产品|基金|保险|信托|贵金属|外汇|国债,"2880750.11,2754155.04,2899976.45,2449073.15,2506980.12,2526733.5,2628603.88,2566079.43,2555504.18,2375909.59,2171955.83,2298933.96",0
C11118,66,女,苏州,高管,1744105.24,361368.4,480774.53,4630.26,258782.59,167341.43,1,225606.52,金卡客户,5,存款|理财产品|基金|保险|信托,"1414679.99,1348381.85,1222065.49,1104373.99,1329353.25,1357188.78,1286806.37,1247750.59,1203538.35,1229966.59,1098949.93,948134.39",0
C11119,56,女,北京,企业主,6524650.78,529002.95,457515.88,300373.82,729782.36,1017775.56,50,775010.82,白金客户,5,存款|理财产品|基金|保险|信托,"5142542.17,4756224.18,5473509.96,5620113.51,6223006.2,5885194.57,6474229.16,6990338.91,7259240.89,7329220.99,8006225.21,7841506.32",1
C11120,55,男,北京,自由职业,7514354.84,589963.16,177066.57,1569835.02,722804.76,528493.68,1,950822.55,白金客户,5,存款|理财产品|基金|保险|信托,"6234741.9,6276631.05,6904699.83,6857332.07,6841638.45,6537273.1,7696269.12,8151712.5,8752246.94,8748038.23,9352637.27,9332955.38",1
C11121,39,女,北京,企业主,4485265.14,255463.46,693762.2,441528.91,520500.57,744515.1,3,474969.13,金卡客户,6,存款|理财产品|基金|保险|信托|外汇,"3047632.98,3574722.3,3320309.67,2957013.34,2994641.41,3493759.02,3090858.12,3875564.15,3207527.38,3453913.78,3510033.9,3309585.79",0
C11122,18,女,北京,自由职业,1994553.09,304765.9,42949.98,84521.32,28564.17,71247.23,35,95995.38,金卡客户,5,存款|理财产品|基金|保险|信托,"1808295.0,1750528.74,1787611.55,1849459.17,1829005.16,1755102.09,1725604.58,1791887.66,1693535.67,1667093.64,1712713.18,1587907.58",0
C11123,43,男,北京,自由职业,1694604.38,90031.79,146593.06,5904.71,95198.12,21331.17,7,26258.27,金卡客户,5,存款|理财产品|基金|保险|信托,"1610208.6,1590621.63,1552683.05,1631019.33,1555288.77,1312133.94,1409160.76,1393898.09,1589879.22,1312016.87,1221241.17,1342536.78",0
C11124,52,女,深圳,专业人士,2312140.02,216019.17,24408.63,171943.9,326110.01,443289.7,4,69613.22,金卡客户,5,存款|理财产品|基金|保险|信托,"2170669.07,2285270.2,2161398.94,2126737.55,2183047.37,2374033.4,2462605.93,2567402.45,2429878.42,2867575.32,2606909.44,3044055.39",0
C11125,40,男,杭州,专业人士,7467186.31,1410927.55,618354.94,1146407.95,1056403.36,198094.03,27,910073.24,白金客户,5,存款|理财产品|基金|保险|信托,"6529949.59,6221224.48,6601554.12,6745291.45,8085731.15,7768275.48,7701236.23,7978392.34,8718688.33,9071150.94,9376188.48,9370794.46",1
C11126,49,男,上海,白领,2834912.94,1062932.95,701263.19,515273.46,164698.18,406961.58,13,296967.09,金卡客户,6,存款|理财产品|基金|保险|信托|贵金属,"2901283.94,2984900.71,2730988.85,2823339.75,2858198.52,3147237.97,3325526.96,3216682.03,3240406.11,3425544.73,3372011.26,3604542.85",0
C11127,41,女,北京,专业人士,356192.5,81786.01,97172.41,31170.05,17945.31,0.0,22,44440.7,银卡客户,5,存款|理财产品|基金|保险|外汇,"338998.39,366173.94,372243.34,403525.28,410157.74,432607.6,459702.59,481559.86,502722.11,522340.07,533785.97,567899.98",0
C11128,42,男,杭州,企业主,3048755.8,342866.44,336827.8,514503.51,160500.42,208132.39,50,295197.51,金卡客户,7,存款|理财产品|基金|保险|信托|贵金属|外汇,"2306305.41,2207603.24,2176443.38,2193531.2,2291821.67,1981386.89,2198710.18,2135024.14,1984087.41,1929480.06,1838281.12,1837895.19",0
C11129,35,男,上海,企业主,2018072.98,632736.1,481667.01,207565.77,298069.17,274051.85,2,230304.6,金卡客户,5,存款|理财产品|基金|保险|信托,"1380128.23,1273521.87,1489634.01,1462456.49,1628231.61,1628384.62,1508658.01,1726838.53,1898554.68,1784545.93,1847587.88,1870221.74",0
C11130,46,男,武汉,公务员,15392907.65,788490.68,4361338.55,983925.2,1917745.85,2513401.32,6,240558.16,钻石客户,7,存款|理财产品|基金|保险|信托|贵金属|国债,"9367057.57,10647658.83,10631918.67,10822932.38,10813093.09,10925884.59,10232037.9,11258266.78,11209218.35,11693538.81,11578731.66,12153900.7",1
C11131,59,男,深圳,退休,5002102.25,1640768.22,1202599.2,541669.64,53339.13,683364.52,5,312220.73,白金客户,6,存款|理财产品|基金|保险|信托|国债,"3879520.86,4341662.49,4606901.2,4417829.29,4857917.68,4847940.09,4827068.13,4592571.33,5242637.74,5397854.88,5842287.36,5796563.24",1
C11132,37,女,苏州,企业主,618197.5,229651.51,7332.24,101402.26,59303.0,0.0,3,80173.11,银卡客户,4,存款|理财产品|基金|保险,"391426.0,478746.26,496207.06,471447.14,494015.36,516069.29,556960.69,591706.83,546141.89,528660.31,578075.36,659206.08",0
C11133,30,女,成都,企业主,16330117.56,1086201.77,206881.89,2626717.9,1342448.72,507340.99,2,1416814.41,钻石客户,6,存款|理财产品|基金|保险|信托|国债,"15528157.51,17111402.75,14916805.07,15240013.2,14570763.59,14059836.04,15001492.78,14685483.73,13179331.98,15474175.67,14692032.74,14415485.68",1
C11134,38,女,重庆,白领,3618189.97,1013207.93,478553.02,580443.95,400302.95,88877.4,3,462294.89,金卡客户,5,存款|理财产品|基金|保险|信托,"3177806.3,3441880.49,3500611.24,3618985.8,3757824.55,4044920.13,4134550.85,4189730.36,4394715.7,4652160.12,4914083.07,5138239.16",0
C11135,52,女,北京,公务员,754339.47,120738.09,74055.41,121544.61,56140.59,0.0,4,88698.53,银卡客户,4,存款|理财产品|基金|保险,"732664.16,796042.1,750408.65,799354.42,655639.9,806509.01,940481.98,729387.36,948444.83,898973.6,789455.57,900937.38",0
C11136,51,女,上海,退休,7500325.18,2249803.62,862699.01,1523023.75,2822.49,892418.32,14,736582.85,白金客户,6,存款|理财产品|基金|保险|信托|贵金属,"6437922.83,6149171.16,5993546.88,5402572.74,5886513.26,6451739.03,5942188.57,5741341.35,5562197.47,5589697.87,6189060.81,5964014.87",1
C11137,39,男,北京,退休,1347072.55,194285.56,254754.31,286369.32,127965.37,146158.7,2,139653.33,金卡客户,8,存款|理财产品|基金|保险|信托|贵金属|外汇|国债,"921071.83,865449.96,870701.54,872687.77,859735.56,853898.73,837237.5,880141.84,788024.8,785655.76,811601.47,895374.58",0
C11138,51,男,北京,白领,1173288.38,299023.04,172251.4,197506.43,88941.3,152156.76,9,120079.11,金卡客户,6,存款|理财产品|基金|保险|信托|国债,"895057.89,935803.03,893346.15,856635.52,957013.95,956833.58,1002909.94,1012783.78,1023670.18,1174145.56,1117812.27,1222207.25",0
C11139,41,女,上海,专业人士,4312574.66,1343366.91,636293.04,259943.66,180505.23,635016.23,8,514406.23,金卡客户,6,存款|理财产品|基金|保险|信托|外汇,"3943435.58,4020522.2,3936532.68,3908826.49,3818441.14,3910914.97,3819166.96,3821830.61,3721487.06,3756764.75,3546483.0,3615255.48",0
C11140,62,女,成都,企业主,222362.48,77347.84,24303.69,17509.15,26707.88,0.0,5,25864.27,普通客户,4,存款|理财产品|基金|保险,"199377.2,204583.52,199324.84,195154.75,195814.52,194448.99,181198.73,182384.62,190833.77,178563.89,176272.68,178810.96",0
C11141,37,男,北京,自由职业,791324.36,278595.85,219044.96,95438.93,50502.9,0.0,5,67630.93,银卡客户,5,存款|理财产品|基金|保险|国债,"657260.59,674272.68,675975.16,643714.76,679124.03,668355.54,642262.83,765659.44,734092.1,685282.09,796895.74,779298.63",0
C11142,18,女,北京,白领,305095.87,97307.15,43387.0,72894.87,26513.1,0.0,11,31512.85,银卡客户,5,存款|理财产品|基金|保险|外汇,"303024.39,322578.32,310136.97,313700.25,326801.65,324379.82,316893.71,329323.1,321796.67,339504.7,333486.26,355851.02",0
C11143,37,女,苏州,专业人士,1969531.32,155969.48,105468.23,294100.33,174933.04,17066.96,3,141819.38,金卡客户,5,存款|理财产品|基金|保险|信托,"1335113.55,1279286.53,1355518.72,1271975.16,1240791.46,1276052.52,1301046.53,1292123.5,1290528.57,1275028.99,1266018.47,1242885.54",0
C11144,46,男,杭州,白领,8618084.06,2026182.28,431479.65,958850.35,1194912.91,1134491.46,17,195605.34,白金客户,6,存款|理财产品|基金|保险|信托|国债,"5956824.45,5932062.94,6160761.12,6495192.92,6648905.85,7002479.86,7128195.74,7651189.51,7796884.04,8062710.18,8178589.11,8841331.43",1
C11145,38,男,上海,白领,1734028.91,449150.16,285041.33,263526.41,160823.94,173471.33,6,137210.84,金卡客户,5,存款|理财产品|基金|保险|信托,"1195673.2,1290550.99,1304440.81,1400082.35,1456014.23,1493343.62,1565809.05,1623377.9,1668732.26,1767267.46,1848312.75,1901692.98",0
C11146,54,男,苏州,自由职业,889633.26,195484.7,156036.44,165881.58,42525.47,0.0,10,29890.08,银卡客户,5,存款|理财产品|基金|保险|贵金属,"933359.34,984439.4,824973.17,882528.32,748196.38,854863.48,866373.5,851368.7,834572.9,849169.26,919013.39,769162.65",0
C11147,18,男,北京,退休,454847.63,125764.34,31798.9,30162.09,21432.43,0.0,28,55301.11,银卡客户,4,存款|理财产品|基金|保险,"356732.83,327486.8,309444.79,327467.2,305650.18,300070.48,330482.98,341376.89,322567.7,292623.18,298909.04,339811.42",0
C11148,56,女,北京,白领,662845.04,146476.34,149810.06,31604.04,25673.62,0.0,2,42482.5,银卡客户,4,存款|理财产品|基金|保险,"490889.11,451200.32,457808.33,483584.49,498907.32,536596.4,526641.68,550865.86,529056.92,555673.03,588025.11,615392.75",0
C11149,33,男,南京,自由职业,1826161.33,563500.62,157144.65,420366.14,243372.22,37894.44,2,25266.71,金卡客户,5,存款|理财产品|基金|保险|信托,"1086991.78,1190728.27,1149318.14,1248828.14,1242395.69,1251682.26,1356007.21,1328601.97,1349509.09,1425233.58,1375085.25,1372143.54",0
C11150,62,男,苏州,白领,581457.96,72196.03,28748.79,54131.46,30258.48,0.0,2,85445.93,银卡客户,6,存款|理财产品|基金|保险|贵金属|国债,"437605.14,485544.94,444194.67,475430.35,465432.58,441948.58,450865.91,451128.39,479442.84,463651.04,437712.33,457338.27",0
C11151,57,女,上海,专业人士,11600082.63,1938914.03,265065.72,2375463.12,246797.84,860264.69,14,1264589.67,钻石客户,5,存款|理财产品|基金|保险|信托,"8435145.32,10402275.73,9744794.66,9250992.01,10055568.45,10564684.69,11208916.1,11430183.24,12854859.76,13060583.37,13722272.89,14216761.48",1
C11152,41,男,广州,白领,355064.71,67686.37,65651.14,33933.48,16570.6,0.0,22,33428.33,银卡客户,4,存款|理财产品|基金|保险,"239236.94,230917.92,258007.7,243953.71,281111.81,285455.52,299162.68,284165.11,296133.65,329884.02,339083.43,357534.61",0
C11153,66,女,广州,自由职业,978602.05,168247.6,38248.44,88902.03,89287.04,0.0,7,12891.15,银卡客户,4,存款|理财产品|基金|保险,"692010.29,711486.37,727432.02,701524.3,734605.73,761810.16,765615.82,766650.09,782966.19,788252.73,784193.18,791041.19",0
C11154,80,女,武汉,退休,3372763.94,1068388.2,454043.47,313055.85,416435.45,583697.63,8,356534.67,金卡客户,6,存款|理财产品|基金|保险|信托|贵金属,"2802374.8,2843316.96,2803918.08,2934531.38,2805935.68,2654007.3,2783809.04,2755778.7,2686096.87,2726351.07,2680284.62,2716033.0",0
C11155,53,男,武汉,高管,1222782.07,118249.43,167603.69,11293.82,7519.99,160854.08,50,175148.58,金卡客户,6,存款|理财产品|基金|保险|信托|国债,"821285.03,729570.38,789811.66,828176.27,794176.47,714420.17,621909.61,728821.18,742826.08,651425.74,692066.22,679646.8",0
C11156,65,男,重庆,白领,14671770.91,4748545.04,508472.84,183025.34,62784.56,431954.5,6,1691879.9,钻石客户,7,存款|理财产品|基金|保险|信托|贵金属|外汇,"16306861.36,15471748.98,15841744.27,15351646.53,17149956.3,18242002.26,18184149.59,19749765.0,20258348.86,20944301.34,21174105.3,23272619.23",1
C11157,18,女,南京,企业主,1995775.52,414382.75,508506.28,7068.17,35510.32,273486.36,16,289277.59,金卡客户,5,存款|理财产品|基金|保险|信托,"2002812.11,2002580.52,2112346.1,2158704.34,2137307.3,2041199.77,2095283.75,2172901.25,2242685.56,2358887.53,2361315.55,2365611.34",0
C11158,54,女,苏州,白领,1005035.96,298348.27,94846.75,124516.17,142387.83,4663.9,3,36083.17,金卡客户,6,存款|理财产品|基金|保险|信托|外汇,"997445.7,1044508.69,998191.57,974684.2,1050490.53,1157291.89,1014001.51,1120457.75,1096665.59,1020713.65,1037615.97,1114452.84",0
C11159,50,男,成都,公务员,114155533.59,34659843.99,15659796.46,5425198.01,12790599.6,16844468.37,9,5056788.14,钻石客户,8,存款|理财产品|基金|保险|信托|贵金属|外汇|国债,"98876070.29,97562455.62,96272233.4,96322598.24,98733122.14,95980004.92,94224151.65,92121293.36,92901341.96,98086343.16,92865308.25,99486861.22",1
C11160,54,男,上海,专业人士,956666.65,201260.08,195122.47,109874.36,85285.51,0.0,1,134656.55,银卡客户,5,存款|理财产品|基金|保险|国债,"805056.82,776395.35,720822.78,764867.43,704487.28,729753.12,739274.18,719438.35,741138.78,729620.32,695519.53,684872.09",0
C11161,35,男,上海,退休,11879349.09,1974334.58,3451988.81,148113.33,112145.73,1666375.45,5,1594867.29,钻石客户,6,存款|理财产品|基金|保险|信托|国债,"7478040.21,6732569.91,7707889.18,7864297.61,7827653.02,7287172.2,8106877.97,8331563.91,7965384.86,8408433.2,8290650.28,8807855.64",1
C11162,40,男,深圳,自由职业,1136678.52,187273.36,208727.93,253399.99,107428.73,82340.8,31,11470.04,金卡客户,6,存款|理财产品|基金|保险|信托|国债,"813253.02,825337.64,870631.64,996956.02,869897.78,1051854.21,1152105.19,1172849.52,1306680.31,1200000.74,1337340.24,1341458.38",0
C11163,37,女,武汉,企业主,4081241.44,699356.8,728678.22,541376.08,401978.15,468233.86,21,123058.57,金卡客户,5,存款|理财产品|基金|保险|信托,"3169364.43,3152984.55,3179365.97,3109936.03,3115540.27,3051796.03,3022081.14,3036254.08,2968781.02,2993645.28,2927727.29,2950461.81",0
C11164,63,男,上海,专业人士,145032.59,30719.65,37352.59,6790.18,7559.19,0.0,1,14155.86,普通客户,4,存款|理财产品|基金|保险,"91007.78,92343.29,90503.36,100367.06,94997.32,106968.54,108065.48,114778.48,115990.22,114453.22,116674.95,115245.78",0
C11165,31,男,深圳,企业主,5045874.98,1954441.7,1125846.07,491026.91,654824.34,883488.11,1,693442.66,白金客户,7,存款|理财产品|基金|保险|信托|外汇|国债,"4810677.92,4793612.19,4677602.38,4719418.43,4678024.98,4438233.64,4720602.72,4264672.23,4282653.36,3968156.82,4127514.09,4045927.41",1
C11166,44,女,成都,企业主,11738106.79,4439872.79,956078.82,1116038.98,1200972.37,554752.03,5,1525077.9,钻石客户,7,存款|理财产品|基金|保险|信托|贵金属|外汇,"9531879.52,8160296.2,9868261.55,9264659.06,8446106.57,9162515.56,8807779.34,8396874.33,9025596.96,8510584.49,9092951.94,9228355.76",1
C11167,36,女,北京,自由职业,3673928.85,321734.13,388640.86,672261.34,190662.15,230263.29,3,96431.99,金卡客户,7,存款|理财产品|基金|保险|信托|贵金属|外汇,"2453367.11,2352520.08,2264133.12,2707650.76,2567501.94,2533928.27,2636833.89,2729014.06,2747109.76,2664962.29,3171925.23,3022163.7",0
C11168,47,女,北京,白领,29601621.71,3672711.15,5829232.51,843448.27,508233.95,211104.82,9,1796068.66,钻石客户,7,存款|理财产品|基金|保险|信托|外汇|国债,"24050426.54,23277308.32,22123670.36,21971733.06,20690470.48,20704768.74,20657037.32,21530577.92,20063987.19,20433217.97,19267108.58,18278977.5",1
C11169,53,男,北京,白领,2632137.03,735820.61,589145.36,147570.17,132660.2,217057.19,10,245426.68,金卡客户,5,存款|理财产品|基金|保险|信托,"2384315.88,2212475.46,2223533.3,2356293.53,2194434.08,2310302.05,2163100.7,2000593.45,2246834.04,1947146.41,1995769.85,2010906.12",0
C11170,60,女,北京,退休,843297.15,73245.59,172132.94,1663.87,1864.74,0.0,8,124752.82,银卡客户,5,存款|理财产品|基金|保险|贵金属,"656401.26,655699.4,755924.29,728900.81,669349.87,796195.42,844666.64,887571.32,926389.97,949757.83,989437.89,1053404.94",0
C11171,20,男,广州,自由职业,8937332.12,3337943.77,437397.81,956014.09,580761.79,633607.25,9,100516.58,白金客户,6,存款|理财产品|基金|保险|信托|外汇,"7835862.13,8311742.6,8582757.38,8548948.41,8665977.25,8633914.0,9438713.99,9681474.65,9771859.52,9715720.32,9954560.54,10284899.4",1
C11172,47,女,南京,高管,92765.52,35458.59,7265.48,14809.94,11527.57,0.0,19,2328.97,普通客户,5,存款|理财产品|基金|保险|外汇,"73605.41,75746.31,80274.28,85335.24,85856.48,87835.49,94664.67,96995.18,99683.48,103167.81,108391.51,111145.86",0
C11173,54,女,重庆,企业主,5039458.52,1648741.08,1005215.21,1125134.6,302801.22,376234.04,9,72751.84,白金客户,5,存款|理财产品|基金|保险|信托,"3993766.05,3858175.02,3806736.34,3871733.01,3873116.36,4163687.93,4233011.88,3994657.17,4134317.18,4010772.11,3901985.61,4128032.88",1
C11174,25,女,苏州,专业人士,697670.22,62308.06,46577.3,116976.16,18097.57,0.0,6,75352.83,银卡客户,5,存款|理财产品|基金|保险|国债,"516379.06,545717.16,557578.23,643631.05,681623.37,724546.99,695897.1,784844.63,804341.7,835195.86,824393.12,926192.15",0
C11175,47,女,成都,专业人士,4606343.46,747684.55,1210138.47,454759.24,213000.49,468782.27,9,331280.34,金卡客户,5,存款|理财产品|基金|保险|信托,"4119205.5,4343427.82,5215594.18,4959197.1,5179340.83,5576129.25,5402141.69,5974941.81,6168098.08,6436066.11,6962228.77,7386800.83",0
C11176,26,女,成都,自由职业,1022892.24,121204.03,248567.63,106069.44,27264.38,155734.36,4,56418.91,金卡客户,6,存款|理财产品|基金|保险|信托|外汇,"845909.61,834305.37,909247.88,955273.93,987122.69,1037960.99,1092157.2,1157350.51,1239018.21,1147887.63,1348876.99,1288850.63",0
C11177,49,男,成都,企业主,19850768.04,3951291.27,367253.89,2290089.46,409747.16,2570463.3,20,329491.25,钻石客户,8,存款|理财产品|基金|保险|信托|贵金属|外汇|国债,"19799548.29,20342815.64,20777691.29,22678066.26,23552708.79,25881918.99,27240766.12,26131220.39,29395781.61,31019872.4,30457189.39,33874569.34",1
C11178,58,女,北京,高管,2076225.42,386479.62,350856.89,319123.61,241736.01,334570.0,10,56667.15,金卡客户,5,存款|理财产品|基金|保险|信托,"1256981.86,1377124.16,1295252.69,1386917.57,1406023.47,1257529.69,1322624.85,1225138.83,1156243.83,1173204.4,1190482.95,1042839.63",0
C11179,54,女,杭州,退休,768881.09,212805.8,46178.82,17040.49,35895.58,0.0,1,91476.54,银卡客户,5,存款|理财产品|基金|保险|外汇,"695941.31,674089.99,733639.58,603660.86,751085.12,756999.58,694461.28,801492.01,826742.61,749891.4,794787.09,940876.33",0
C11180,42,男,北京,自由职业,7520592.13,2545793.0,1388811.77,1561542.38,914078.22,1401613.93,20,179049.68,白金客户,5,存款|理财产品|基金|保险|信托,"5375729.41,6024522.55,5612245.98,6318805.02,6201962.47,6098297.45,6660972.78,6336392.21,6801889.88,6751468.92,6708507.57,6666351.14",1
C11181,34,女,南京,公务员,2554068.17,926352.47,146005.56,189413.47,40042.73,155583.62,10,373019.02,金卡客户,5,存款|理财产品|基金|保险|信托,"2390873.6,2374732.9,2398460.25,2447959.93,2528422.62,2522724.36,2615509.27,2636296.12,2658939.89,2730588.49,2806264.36,2891502.87",0
C11182,58,男,重庆,退休,1809698.86,222235.52,332704.91,129087.42,39945.97,31318.42,16,230410.66,金卡客户,5,存款|理财产品|基金|保险|信托,"1173092.44,1329598.44,1371719.37,1437958.79,1442024.89,1516524.87,1298613.19,1486626.72,1505307.91,1558821.4,1662892.97,1630487.86",0
C11183,46,男,杭州,公务员,1199509.24,357625.13,145018.18,33308.83,19273.97,28561.83,27,17456.2,金卡客户,6,存款|理财产品|基金|保险|信托|国债,"1043266.56,1024134.71,1103432.7,1068585.14,1109465.04,1133648.69,1151445.58,1136695.5,1191742.67,1234888.26,1255690.94,1298218.84",0
C11184,56,男,北京,白领,1922649.02,355211.4,440945.6,32946.81,110674.54,90489.56,3,142492.03,金卡客户,5,存款|理财产品|基金|保险|信托,"1548235.61,1551571.28,1489341.44,1591895.8,1620568.99,1639932.52,1741003.6,1623175.2,1960445.56,1914249.56,1739094.35,1854861.15",0
C11185,36,女,重庆,自由职业,1362411.04,519508.79,174374.97,119243.19,91594.06,221793.42,35,188662.73,金卡客户,5,存款|理财产品|基金|保险|信托,"811184.32,798272.32,955771.33,917642.01,966420.47,1028470.78,1054024.24,1098146.82,1140800.49,1086218.77,1137932.05,1270456.12",0
C11186,33,男,上海,企业主,1894793.55,497288.36,83218.87,21005.34,9843.31,101327.59,8,139837.33,金卡客户,5,存款|理财产品|基金|保险|信托,"1077977.22,1205538.64,1087687.91,968411.17,1160064.32,1063151.27,1227501.22,1228985.02,1121329.82,1163523.37,1380925.63,1288670.68",0
C11187,38,男,成都,公务员,2736378.5,537956.53,71219.67,407591.61,4051.59,114118.14,3,326586.05,金卡客户,6,存款|理财产品|基金|保险|信托|贵金属,"2026520.64,1764755.92,1763164.08,1852903.78,1917314.14,1881477.85,1987461.92,1908936.3,1909013.11,1901277.61,2120530.31,2058384.55",0
C11188,27,男,深圳,专业人士,921781.32,212848.9,98396.9,79087.47,36695.5,0.0,1,34553.41,银卡客户,7,存款|理财产品|基金|保险|贵金属|外汇|国债,"758545.44,721711.89,649962.1,698556.57,750195.83,686942.06,654973.86,688041.47,679728.95,690643.9,687281.22,706681.26",0
C11189,37,男,上海,白领,1605470.47,246277.9,408094.95,206504.15,155684.13,41432.16,3,224843.82,金卡客户,5,存款|理财产品|基金|保险|信托,"1314634.91,1302269.32,1310295.72,1393301.44,1344413.39,1396897.37,1398234.67,1414836.02,1476568.13,1476978.91,1514347.7,1475215.71",0
C11190,52,女,深圳,自由职业,1063947.29,384859.31,210505.57,245189.95,90134.71,175963.51,3,158720.51,金卡客户,7,存款|理财产品|基金|保险|信托|贵金属|国债,"774867.17,764536.97,795594.34,783071.18,781065.67,777161.7,789861.8,742527.96,764031.76,773264.49,802509.92,822544.26",0
C11191,43,女,苏州,自由职业,40358327.82,5271201.03,11992910.79,2808098.75,4741944.03,2526181.59,2,2172323.99,钻石客户,8,存款|理财产品|基金|保险|信托|贵金属|外汇|国债,"24827998.69,26564400.75,26440715.51,25696859.93,26437801.04,27090247.0,25974725.73,26826311.03,27385686.69,27493846.95,24658953.11,24557221.54",1
C11192,38,女,南京,专业人士,2596278.83,327325.67,166203.58,53119.64,34940.46,86553.64,7,80042.77,金卡客户,5,存款|理财产品|基金|保险|信托,"2127742.73,2571236.49,2550479.16,3146388.69,2985582.14,2740657.59,3262994.05,3591287.73,3208479.77,3466150.75,3694666.33,3420500.09",0
C11193,18,男,苏州,企业主,11546331.07,3810796.38,2784337.97,172750.54,713812.19,1595761.81,9,798191.99,钻石客户,6,存款|理财产品|基金|保险|信托|国债,"9322514.77,8753456.4,8593454.71,8253980.22,8335870.71,8026021.45,7727559.22,7714576.97,7708626.92,7775482.32,7078527.62,7006675.99",1
C11194,38,男,杭州,自由职业,723570.63,237595.83,6191.13,159413.52,49093.34,0.0,13,39942.76,银卡客户,5,存款|理财产品|基金|保险|外汇,"446604.45,476710.57,520659.98,541767.71,522186.49,544244.12,555511.84,562396.89,653957.34,617232.95,632626.55,652237.6",0
C11195,35,女,深圳,公务员,30245806.08,7763930.86,313041.57,6191637.36,884022.09,1768424.66,22,1036830.25,钻石客户,6,存款|理财产品|基金|保险|信托|外汇,"24481716.15,25779916.49,25701684.55,24828669.4,24123738.05,25446170.75,24639966.36,24885200.71,22745847.77,22645770.88,23899610.95,22594886.13",1
C11196,36,女,深圳,自由职业,1189731.65,85732.18,327093.7,123567.11,27727.38,162608.4,3,77278.3,金卡客户,5,存款|理财产品|基金|保险|信托,"1019507.61,1055220.34,1024651.37,1037752.02,1067450.81,1077933.39,1095497.39,1104108.42,1092666.84,1099046.98,1116517.09,1162825.0",0
C11197,59,女,深圳,专业人士,3963758.11,1365948.23,218489.52,870790.83,312904.73,114220.15,3,396379.24,金卡客户,6,存款|理财产品|基金|保险|信托|外汇,"3541127.04,3552446.64,3762640.54,3936435.12,3842120.73,4031161.87,4126228.11,4214582.06,4128330.91,4165869.78,4261489.21,4535273.17",0
C11198,55,女,北京,公务员,810891.22,212868.13,164516.07,201951.63,83038.34,0.0,1,19086.48,银卡客户,4,存款|理财产品|基金|保险,"530743.1,535581.7,566985.66,523289.38,552823.92,583312.15,576830.7,582043.79,608122.91,596653.67,630503.59,608043.12",0
C11199,22,男,武汉,公务员,198158.09,45383.62,45580.21,44891.86,28847.74,0.0,6,13819.81,普通客户,5,存款|理财产品|基金|保险|国债,"180240.45,177668.91,181548.74,176686.26,176297.04,175727.47,173432.58,175569.76,169628.2,167932.4,165092.05,164806.78",0
C11200,34,男,北京,退休,4747647.82,1806017.53,1029344.24,254633.89,691593.21,291588.12,6,705978.19,金卡客户,6,存款|理财产品|基金|保险|信托|贵金属,"2555701.11,3009017.22,3397622.63,3525415.56,3660601.83,4024682.79,3642975.24,4391201.69,4176798.32,4508834.82,4681721.48,4681709.54",0
C11201,52,女,重庆,企业主,1747112.84,551478.15,187694.67,417812.78,260754.66,110703.66,1,141921.65,金卡客户,5,存款|理财产品|基金|保险|信托,"1158456.26,1156057.99,1130937.9,1094827.41,1117354.07,1108497.03,1054709.25,1026979.27,1054222.43,960722.11,970860.78,992912.96",0
C11202,65,女,重庆,公务员,1081029.23,251126.36,171593.53,234776.73,136199.87,67355.15,5,54458.89,金卡客户,5,存款|理财产品|基金|保险|信托,"1005735.96,1083247.28,970312.08,993434.02,920465.78,976889.14,914428.81,972694.46,918774.84,873315.02,840046.83,860383.54",0
C11203,48,男,武汉,专业人士,1152921.99,389279.88,341804.98,107709.13,87425.52,102082.48,9,155859.24,金卡客户,6,存款|理财产品|基金|保险|信托|贵金属,"826235.19,877895.63,861036.06,815646.62,857784.15,867351.79,854916.85,871045.48,822299.32,873553.02,828677.62,843350.83",0
C11204,64,男,上海,企业主,98257957.1,14861156.59,11472539.03,22597565.49,8348693.9,1907738.45,3,8585664.15,钻石客户,8,存款|理财产品|基金|保险|信托|贵金属|外汇|国债,"68810201.83,66664362.71,67665638.82,62791673.55,64672257.8,63101926.73,58595906.76,59998284.64,60501791.99,63948752.35,57468537.43,56918333.22",1
C11205,51,男,深圳,自由职业,796965.59,160474.09,19294.73,154247.14,30256.98,0.0,1,86481.44,银卡客户,5,存款|理财产品|基金|保险|国债,"770121.66,820939.94,742263.02,708143.16,736856.3,741416.83,705855.91,818064.81,745024.47,797537.53,786438.18,811447.17",0
C11206,26,男,北京,退休,3437710.03,724464.6,784536.46,177370.77,225245.01,124270.08,21,402769.17,金卡客户,5,存款|理财产品|基金|保险|信托,"2492279.14,2602494.34,2340429.91,2474370.03,2454846.39,2439910.78,2426985.85,2279594.38,2538796.07,2453139.99,2393318.05,2198813.98",0
C11207,30,男,杭州,企业主,1518109.32,180929.33,262751.67,108381.0,83820.2,282869.04,10,195241.47,金卡客户,5,存款|理财产品|基金|保险|信托,"1387015.89,1462000.04,1525346.6,1532313.61,1679144.42,1754644.57,1812530.01,1865211.03,1998708.13,2093563.22,2175684.66,2290348.16",0
C11208,61,女,南京,专业人士,28173222.01,3001115.93,7180226.57,3237272.98,2761551.18,3184383.26,1,2939361.16,钻石客户,6,存款|理财产品|基金|保险|信托|贵金属,"20796739.52,23980478.88,23232650.28,23629413.75,24461707.69,24456016.72,23430115.36,26684832.86,25924865.28,25666648.82,25306587.31,26880157.17",1
C11209,41,男,重庆,专业人士,2378101.91,451099.08,200454.96,139854.7,242849.03,426056.46,7,275127.07,金卡客户,5,存款|理财产品|基金|保险|信托,"1941530.91,2013647.9,2227622.81,1945147.7,1956489.04,1944601.11,1821184.13,1908386.3,2199131.11,1947016.06,1791189.84,1954249.64",0
C11210,52,男,成都,自由职业,280768.06,18084.76,14212.77,12571.92,18828.46,0.0,7,39321.42,普通客户,5,存款|理财产品|基金|保险|贵金属,"179941.98,183529.91,172865.78,169095.62,183324.75,177160.83,177899.41,174059.24,156297.49,172893.13,157450.61,167457.76",0
C11211,43,男,上海,白领,1202274.47,311244.11,138033.03,3101.07,4707.65,13046.21,18,112016.03,金卡客户,6,存款|理财产品|基金|保险|信托|外汇,"753730.17,770286.48,840441.42,1000316.36,1022705.47,951081.1,871980.82,983386.77,924155.76,979581.42,1096806.66,1033405.54",0
C11212,40,男,北京,白领,1242790.8,404443.22,311652.78,181415.21,94558.76,65259.55,3,181333.99,金卡客户,5,存款|理财产品|基金|保险|信托,"1041075.73,906149.92,1058759.33,1059755.09,1152806.24,1189845.96,1163875.02,1312110.43,1204080.99,1453597.24,1320613.93,1422091.91",0
C11213,36,女,深圳,白领,5064905.41,968469.12,1055313.66,109810.6,152064.23,771046.77,5,59391.16,白金客户,6,存款|理财产品|基金|保险|信托|外汇,"4017701.52,4137871.41,4415555.9,4415161.95,4455820.44,4522685.73,4484929.21,4663944.84,4827201.71,4831709.92,4978684.39,4986898.36",1
C11214,28,男,南京,高管,47076476.95,13631482.21,7602258.91,171674.07,4733500.65,5838349.73,8,3911782.39,钻石客户,8,存款|理财产品|基金|保险|信托|贵金属|外汇|国债,"45202481.92,46584406.14,49003988.38,50286438.38,51257839.19,52181132.6,55830710.49,55063853.3,59927130.56,59270803.72,60762030.25,66398724.96",1
C11215,46,男,上海,自由职业,1049006.54,125254.86,275269.98,146564.91,7239.93,186897.83,16,61745.4,金卡客户,5,存款|理财产品|基金|保险|信托,"814862.42,782832.02,845596.96,745722.85,789055.88,684829.95,785104.51,760704.72,778457.77,752617.37,699760.21,652178.58",0
C11216,35,女,北京,企业主,540979.34,88052.24,68233.52,125942.82,57377.68,0.0,2,52251.55,银卡客户,4,存款|理财产品|基金|保险,"323355.72,336833.29,335154.49,347890.11,323469.84,334587.93,331415.8,327442.17,331566.98,334974.38,333798.3,338449.04",0
C11217,18,男,上海,企业主,931479.91,107240.51,197543.45,203064.68,80747.38,0.0,8,62802.06,银卡客户,5,存款|理财产品|基金|保险|外汇,"647182.5,650874.78,626582.95,674828.82,679916.99,718115.07,691008.76,677347.92,668533.87,691069.19,703929.23,690869.97",0
C11218,45,男,深圳,退休,23422454.96,8379355.41,3905937.03,1620454.99,150161.06,821917.63,2,1813261.94,钻石客户,6,存款|理财产品|基金|保险|信托|外汇,"20124010.28,18266979.34,21901492.76,21020136.7,21482948.93,21379636.37,22470449.59,18846313.16,19511517.08,20224883.36,22209520.01,21276184.85",1
C11219,61,女,深圳,退休,3847717.4,529477.26,85680.12,808245.81,510723.35,126587.23,29,205186.42,金卡客户,6,存款|理财产品|基金|保险|信托|国债,"2526250.69,2687114.87,2566522.35,2344942.54,2487416.01,2541521.58,2610074.18,2318844.84,2331968.38,2292966.3,2283279.7,2430553.67",0
C11220,53,男,深圳,退休,8957504.05,3370244.19,455284.15,1154279.22,211959.14,795156.45,11,409027.21,白金客户,5,存款|理财产品|基金|保险|信托,"8038583.12,7705237.73,8014180.78,7812382.7,7505339.69,7475407.53,7110536.49,7311274.23,7011520.0,6956233.58,6873722.66,6920451.37",1
C11221,52,男,上海,专业人士,2572448.69,135297.28,293402.56,4984.51,91761.46,233938.52,13,142192.17,金卡客户,7,存款|理财产品|基金|保险|信托|贵金属|外汇,"2195916.18,2411699.19,2383191.55,2303031.6,2160776.26,2514736.98,2721460.98,2176766.77,2608112.61,2369356.7,2408248.43,2512058.67",0
C11222,26,女,上海,公务员,1517068.35,407531.37,395622.52,1168.67,48729.9,29209.8,19,27576.09,金卡客户,6,存款|理财产品|基金|保险|信托|贵金属,"1209448.37,1240151.01,1243187.29,1285853.73,1223643.0,1324784.71,1291115.01,1265245.43,1340664.59,1345300.2,1387253.35,1366219.07",0
C11223,43,女,深圳,专业人士,4380502.13,893376.71,989891.05,636514.63,246255.6,738326.7,11,656313.36,金卡客户,5,存款|理财产品|基金|保险|信托,"3860272.33,3807490.31,4034057.03,4338538.25,4284572.21,4727185.34,4787049.18,5013769.69,5388135.68,5410928.48,5575826.67,5771178.64",0
C11224,42,男,广州,专业人士,3392790.85,1073349.01,48433.45,180360.96,454957.27,105054.65,3,348685.36,金卡客户,6,存款|理财产品|基金|保险|信托|贵金属,"3253134.38,3227986.12,3323691.0,3383810.91,3576865.82,3502885.12,3587090.93,3669866.5,3743363.81,3848359.57,3959318.42,3920076.09",0
C11225,51,女,上海,白领,17594222.86,6292278.98,1561898.31,3294290.33,1579233.86,267644.48,26,1196084.39,钻石客户,7,存款|理财产品|基金|保险|信托|外汇|国债,"14013994.33,13007572.47,12933915.41,14356601.17,15707603.68,15111366.19,16971357.32,15479760.19,16299481.68,17920663.33,17234449.39,17694017.43",1
C11226,35,女,武汉,企业主,2221412.35,172346.73,436684.54,84121.98,20751.04,337552.8,50,154497.95,金卡客户,6,存款|理财产品|基金|保险|信托|贵金属,"1316832.48,1470941.66,1511673.21,1468738.15,1263370.57,1464643.07,1532744.38,1534773.73,1345702.03,1517527.87,1578967.06,1469597.55",0
C11227,23,女,重庆,白领,588411.12,124044.5,19585.5,120224.81,25687.96,0.0,11,69056.65,银卡客户,4,存款|理财产品|基金|保险,"482707.03,493745.26,515563.43,506393.86,511372.86,513359.59,572750.19,559574.97,586787.24,582793.8,585039.82,626835.9",0
C11228,49,男,成都,白领,1867562.54,523283.26,177061.63,408773.73,215648.94,190568.45,26,266198.26,金卡客户,5,存款|理财产品|基金|保险|信托,"2137342.62,1785132.63,1861661.57,1791708.67,1532648.92,1752070.2,1951690.53,1883447.27,1769955.61,1811100.91,1676308.94,1685460.8",0
C11229,45,男,广州,企业主,109251845.86,26358594.49,12443567.26,3544092.37,4055735.76,9164518.48,4,15227088.29,钻石客户,8,存款|理财产品|基金|保险|信托|贵金属|外汇|国债,"96732202.45,98330439.42,106441247.69,112236600.43,116006291.04,123574655.1,127758189.4,134123154.22,143122262.44,145334436.2,149880697.2,160331695.86",1
C11230,36,男,上海,退休,393327.72,150987.84,68166.02,40168.27,14319.11,0.0,13,50647.06,银卡客户,4,存款|理财产品|基金|保险,"228853.69,241185.88,249519.24,259941.93,233061.54,262967.76,243120.38,258727.98,251371.39,259539.54,259763.58,276882.06",0
C11231,41,女,广州,自由职业,3521049.34,1339214.76,443461.28,689538.92,112440.07,516040.66,11,422347.97,金卡客户,5,存款|理财产品|基金|保险|信托,"2929615.78,2939499.28,2733844.09,2673997.78,2739343.73,2559151.56,2523984.12,2523371.12,2418547.73,2468582.76,2325014.36,2346425.49",0
C11232,49,男,北京,专业人士,18275818.58,6045245.59,225621.78,3218365.54,1796630.69,970583.68,3,1926497.73,钻石客户,8,存款|理财产品|基金|保险|信托|贵金属|外汇|国债,"17735506.05,16141746.18,16919738.78,18484943.95,19955295.59,18141009.35,19315742.65,20039090.16,22181621.29,20251342.93,20544897.83,19747936.6",1
C11233,72,男,南京,退休,594894.92,235235.32,11958.93,11853.52,81816.72,0.0,29,59893.37,银卡客户,4,存款|理财产品|基金|保险,"359269.24,367449.29,374427.97,390120.45,401963.5,420423.21,431202.1,420872.6,447511.57,466366.33,463782.18,476215.25",0
C11234,39,男,成都,高管,12834343.24,4548565.57,2342700.39,2675529.47,905852.5,2023940.62,5,1833078.85,钻石客户,5,存款|理财产品|基金|保险|信托,"9830959.64,9674593.14,9597135.4,10074686.86,9717175.46,9658507.01,9076266.51,9728719.43,9161131.52,9331681.71,9132057.31,9290252.94",1
C11235,68,女,北京,专业人士,3678907.78,858390.63,152686.68,262667.82,288422.32,732933.33,3,224416.8,金卡客户,6,存款|理财产品|基金|保险|信托|贵金属,"2886985.41,3028594.7,3216260.69,3314959.83,3148637.29,2982892.82,3064016.23,3371026.91,3537255.16,3602909.19,3477880.11,3663134.29",0
C11236,73,男,武汉,白领,6617801.04,2274544.63,1525904.78,1056485.99,159712.84,1216546.82,10,438508.15,白金客户,6,存款|理财产品|基金|保险|信托|贵金属,"6007695.81,5646854.28,6934304.44,5915959.53,5999802.82,5673104.76,5090058.47,5832416.8,5534131.6,5728357.27,4982136.87,5053739.27",1
C11237,49,男,成都,白领,12175281.53,3260614.65,2386205.53,85697.01,161806.21,1765487.94,9,1422049.26,钻石客户,5,存款|理财产品|基金|保险|信托,"8241929.35,8716393.29,7981952.54,8835307.13,8223248.59,8378284.34,9023228.57,9917342.42,9317310.88,9907346.29,10582432.87,10738325.31",1
C11238,78,男,广州,高管,3314047.1,818503.96,439978.93,491485.48,249428.03,210650.36,4,126264.71,金卡客户,5,存款|理财产品|基金|保险|信托,"2736719.44,2757207.4,2871222.25,3488178.08,2990621.9,2881981.8,2982654.23,2770304.32,2921767.79,3043802.66,2881193.79,2762090.46",0
C11239,43,男,深圳,高管,671907.65,55034.35,177930.83,116358.66,62828.26,0.0,2,63767.88,银卡客户,4,存款|理财产品|基金|保险,"410460.68,395082.26,366577.2,420993.33,421326.77,358677.7,382863.91,348879.65,358321.43,342634.51,335290.66,349167.69",0
C11240,18,男,杭州,白领,846918.92,78955.36,21017.04,85092.11,112748.61,0.0,8,113849.9,银卡客户,4,存款|理财产品|基金|保险,"647086.84,665151.21,654753.29,620578.9,581186.67,562845.0,511182.01,645709.36,558736.28,599593.32,592109.12,528510.49",0
C11241,35,女,上海,专业人士,2720417.89,226453.14,269074.52,426605.84,196481.22,359279.78,17,317205.62,金卡客户,5,存款|理财产品|基金|保险|信托,"1667519.51,1644898.66,1660837.86,1685207.17,1686960.57,1653329.77,1709829.1,1671508.29,1690507.9,1637700.93,1711170.43,1644227.31",0
C11242,69,女,深圳,白领,1210890.77,368724.59,207486.94,209156.91,6914.19,106940.4,6,160189.52,金卡客户,6,存款|理财产品|基金|保险|信托|国债,"943570.47,786199.44,728522.5,770431.23,768150.12,798852.93,751746.49,816019.88,799681.57,807400.3,691514.64,658328.81",0
C11243,24,男,南京,退休,2068944.57,421807.92,1379.06,214396.07,160239.21,28499.58,5,64466.11,金卡客户,6,存款|理财产品|基金|保险|信托|国债,"1669623.53,1729498.91,1681200.97,1724585.14,1841985.19,1776691.26,1713363.4,1879897.61,1834650.54,1849960.52,1763862.17,1638944.32",0
C11244,31,女,重庆,高管,1149639.79,101199.11,341053.56,260741.14,95207.07,159315.5,3,161930.54,金卡客户,6,存款|理财产品|基金|保险|信托|外汇,"1003607.01,987729.57,999071.14,990957.58,1111692.54,972231.59,900620.06,1018992.0,993691.06,1039696.58,1063077.17,1015665.53",0
C11245,51,女,杭州,企业主,1879302.3,564867.45,547663.22,145829.55,264545.27,230346.31,3,149109.89,金卡客户,6,存款|理财产品|基金|保险|信托|国债,"1727993.2,1823550.56,1825290.08,1866528.42,1857046.62,2006478.74,1959100.21,2187613.22,1884565.92,2406884.12,2114450.0,2217971.89",0
C11246,51,男,南京,自由职业,4803331.96,908489.23,794135.75,640672.88,674367.9,337734.2,6,334652.88,金卡客户,5,存款|理财产品|基金|保险|信托,"3936185.37,3844353.19,3944870.59,4684483.41,4640537.21,4660572.3,5140058.72,5745154.75,5439003.36,5655954.91,5786659.29,5910002.8",0
C11247,57,女,广州,退休,877573.62,152059.15,123736.52,183242.51,13275.6,0.0,26,86359.49,银卡客户,4,存款|理财产品|基金|保险,"711806.35,771745.33,823247.85,852857.1,796368.74,806758.91,846848.47,861315.42,884264.25,932608.86,918452.41,1021935.49",0
C11248,38,女,广州,退休,1081356.02,131856.08,145522.72,138480.01,66955.06,42803.97,49,156890.48,金卡客户,6,存款|理财产品|基金|保险|信托|外汇,"675804.76,664534.8,656884.18,647444.07,635524.75,640642.42,628942.4,614086.45,641996.18,644182.06,614467.77,609265.52",0
C11249,34,女,成都,自由职业,11361364.28,4355442.95,2742695.13,501573.87,475829.0,1735093.61,2,863537.29,钻石客户,6,存款|理财产品|基金|保险|信托|国债,"11386057.03,11678382.96,11528587.44,12009226.46,12244148.98,12940410.34,13214225.84,14099708.4,14689705.24,14898963.04,17142589.7,16691468.7",1
C11250,64,男,成都,专业人士,6699849.27,1369836.89,790569.58,551246.85,239758.29,105132.7,50,382304.83,白金客户,5,存款|理财产品|基金|保险|信托,"5766102.59,5477745.11,5912943.42,5100221.41,5088509.72,5961318.19,5916506.54,5541450.42,4871139.48,4800942.24,5763037.11,5704214.57",1
C11251,44,男,成都,公务员,201230.43,60334.03,37478.47,11717.06,26469.61,0.0,10,4009.8,普通客户,4,存款|理财产品|基金|保险,"194750.75,190666.78,202069.05,177334.77,223032.19,172193.23,213126.29,205145.7,223906.61,234915.68,227753.0,215367.15",0
C11252,48,女,广州,公务员,30129589.08,7532966.11,1832385.72,2963983.91,3101091.59,2481525.62,9,949910.17,钻石客户,7,存款|理财产品|基金|保险|信托|贵金属|国债,"29071367.56,29808742.77,30315201.18,31843532.97,32068456.95,33880308.03,35392600.67,36701966.67,36699538.65,38516762.79,39290661.31,40924999.19",1
C11253,73,男,武汉,退休,2750586.44,558063.54,792086.13,532940.27,220731.7,359311.25,31,135617.82,金卡客户,6,存款|理财产品|基金|保险|信托|贵金属,"2090018.47,2514961.65,2434300.94,2086359.21,2254347.93,2054247.31,2433453.15,2514030.4,2405144.96,2404168.99,2141992.47,2288370.51",0
C11254,44,女,南京,退休,2973691.81,1185122.28,193869.11,313522.92,56974.7,108144.53,9,213293.12,金卡客户,6,存款|理财产品|基金|保险|信托|外汇,"2664310.86,2601387.64,2628401.81,2686994.86,2704744.08,2718612.0,2687825.63,2689805.27,2655620.42,2702709.99,2733193.48,2778886.65",0
C11255,18,男,深圳,退休,595230.48,58812.09,94106.65,26002.65,79448.42,0.0,5,75466.89,银卡客户,4,存款|理财产品|基金|保险,"389359.71,391425.39,439675.59,389658.82,453916.3,430497.47,418922.56,422981.63,510974.91,480118.74,475504.94,506245.37",0
C11256,36,男,北京,专业人士,1135570.29,298107.9,120819.23,200914.23,66638.9,222403.15,3,126662.88,金卡客户,5,存款|理财产品|基金|保险|信托,"827139.45,784783.71,745903.92,787189.06,837275.11,856498.82,956064.33,1061665.21,1043181.24,991023.25,1044769.32,1089043.48",0
C11257,50,男,武汉,退休,595293.38,67462.49,104038.02,3507.3,77607.03,0.0,8,35161.55,银卡客户,4,存款|理财产品|基金|保险,"493211.65,457095.29,493101.01,481962.09,520473.65,534228.98,558583.59,544890.9,571227.97,568399.1,545060.96,534655.15",0
C11258,53,男,杭州,退休,18305673.02,5821371.49,3668907.34,4381070.4,2602965.16,1544716.35,4,1784582.81,钻石客户,8,存款|理财产品|基金|保险|信托|贵金属|外汇|国债,"16951140.14,17757066.74,19086970.7,18492755.37,19371427.5,20339605.45,20779902.48,20745469.88,22732239.87,22525862.6,23942603.92,23432232.69",1
C11259,35,女,广州,专业人士,3788441.96,929849.24,18405.21,619469.29,447968.36,466709.18,1,499257.32,金卡客户,6,存款|理财产品|基金|保险|信托|外汇,"2529038.61,2507045.56,2490527.44,2526049.65,2450382.47,2356048.77,2363165.06,2395378.25,2319268.53,2193091.86,2191578.95,2157899.27",0
C11260,66,男,上海,自由职业,7162673.99,2254126.35,2007560.78,1485651.38,432036.0,174636.93,1,498218.98,白金客户,6,存款|理财产品|基金|保险|信托|国债,"5294388.15,5000193.91,5356408.13,5152434.83,5187694.64,5423143.82,5838939.87,5342272.75,6120853.83,5951377.27,5929143.01,6263668.23",1
C11261,62,女,重庆,企业主,4893246.46,1554003.86,223598.38,202164.25,259571.54,258351.69,13,349876.06,金卡客户,6,存款|理财产品|基金|保险|信托|国债,"5021579.5,4572385.68,5163625.12,5076860.98,4799819.26,4977651.49,5003889.61,5472960.39,5209576.54,4756076.67,5188382.94,5128068.65",0
C11262,22,男,广州,白领,636302.13,236350.0,19265.3,130967.29,88933.2,0.0,19,66377.99,银卡客户,4,存款|理财产品|基金|保险,"417200.43,433332.64,470134.39,385432.27,416727.55,440078.61,404982.55,417506.13,427133.14,392749.33,370045.32,391677.85",0
C11263,28,女,上海,自由职业,10387554.52,683548.19,292424.68,1612307.36,1306014.63,1815464.24,11,1104941.89,钻石客户,7,存款|理财产品|基金|保险|信托|贵金属|外汇,"6214057.72,6246901.86,7000295.72,7609673.34,7502922.8,7325334.09,7937223.48,7583886.39,8561402.44,8498052.02,8811023.03,9220285.63",1
C11264,48,男,苏州,企业主,2160375.42,636874.55,491690.39,254436.27,89849.34,133861.2,2,278882.77,金卡客户,6,存款|理财产品|基金|保险|信托|贵金属,"1246905.89,1521053.47,1395548.79,1356087.63,1489912.58,1657655.74,1598559.2,1612509.85,1740527.71,1831976.09,1867211.38,2048527.26",0
C11265,43,男,重庆,高管,2396269.41,903808.04,153973.01,594176.1,39025.84,4802.5,21,316094.53,金卡客户,6,存款|理财产品|基金|保险|信托|国债,"2113899.06,2120405.79,2028367.47,2062115.45,1939072.2,1960910.25,1932713.42,2082429.06,2204866.98,2094876.23,2174714.89,2245973.48",0
C11266,20,女,武汉,白领,14527223.93,906656.11,3186386.76,2614710.24,215708.65,436535.42,9,1816310.61,钻石客户,8,存款|理财产品|基金|保险|信托|贵金属|外汇|国债,"12481186.01,11597075.75,11054294.38,12631989.72,11218212.7,10566838.65,11963222.1,13010540.63,13215472.54,13273510.03,13243996.69,13729331.6",1
C11267,80,男,南京,企业主,2010106.57,554448.74,537214.13,368790.19,289788.34,305918.05,5,103983.28,金卡客户,5,存款|理财产品|基金|保险|信托,"1649666.02,1725954.95,1765068.26,1803891.35,1856542.2,1925595.98,2056840.03,2071575.94,2098816.01,2152894.23,2236970.39,2269131.78",0
C11268,41,女,武汉,白领,221788.86,23543.32,3203.23,33587.65,13663.02,0.0,5,14965.6,普通客户,4,存款|理财产品|基金|保险,"227004.56,243576.97,226580.83,188495.39,251363.34,241303.03,233247.37,241264.87,244864.98,235372.99,271500.1,256359.61",0
C11269,31,男,杭州,专业人士,72588.87,24530.16,644.89,15752.33,2655.83,0.0,6,8060.96,普通客户,4,存款|理财产品|基金|保险,"64975.58,69705.49,65269.97,71201.18,69316.99,74678.69,68647.37,71197.08,70344.92,75785.14,75515.75,69931.3",0
C11270,55,女,上海,公务员,428335.02,49522.38,89809.66,92497.36,56381.8,0.0,2,43923.89,银卡客户,4,存款|理财产品|基金|保险,"453745.46,424081.94,471631.32,470669.15,514716.66,503975.71,508850.84,487493.69,553879.93,545677.71,550264.75,602209.21",0
C11271,55,女,武汉,白领,2383773.88,908130.3,193132.93,86640.44,173560.6,443569.34,2,186293.57,金卡客户,5,存款|理财产品|基金|保险|信托,"1469903.94,1448405.11,1457606.71,1393011.76,1396610.01,1361676.33,1355847.31,1365075.7,1418691.54,1368283.6,1347648.7,1371712.59",0
C11272,50,男,上海,白领,4430621.22,1733161.14,499946.47,254547.87,577617.5,176881.0,7,451549.5,金卡客户,7,存款|理财产品|基金|保险|信托|贵金属|国债,"3521790.78,3628360.24,3601214.89,3462897.99,3052296.1,3872064.19,3671165.6,3251293.72,3217989.22,3583113.57,3642999.56,3618867.22",0
C11273,66,男,上海,白领,2153273.01,789432.46,74859.12,423455.49,180417.62,99486.88,30,61416.79,金卡客户,5,存款|理财产品|基金|保险|信托,"1970898.24,1598197.46,1748962.56,1812855.2,1713971.62,1735948.34,1742982.83,1603070.49,1627416.32,1464575.49,1542081.91,1371161.72",0
C11274,46,男,重庆,白领,1922994.13,376531.77,499874.56,89482.34,76313.32,52737.6,10,194728.56,金卡客户,6,存款|理财产品|基金|保险|信托|贵金属,"1849470.66,1967225.79,1851799.15,2021189.54,1939858.27,1981789.74,2070277.98,2095925.19,2098184.0,2098780.33,2108277.97,2196409.79",0
C11275,41,男,北京,企业主,441572.04,154983.18,77417.69,18895.79,57310.31,0.0,14,20092.43,银卡客户,4,存款|理财产品|基金|保险,"414564.76,434255.71,432336.89,471162.31,476312.45,495633.65,508980.44,537341.22,531794.36,587815.2,599170.48,615177.42",0
C11276,21,女,广州,白领,2667191.15,673880.53,695539.23,364688.24,74265.48,438801.59,8,210264.43,金卡客户,5,存款|理财产品|基金|保险|信托,"2271764.96,2322553.64,2345109.22,2302578.39,2333113.39,2239102.39,2236921.91,2404090.71,2528288.8,2311966.59,2418879.03,2443413.6",0
C11277,50,男,广州,企业主,3267308.2,311434.25,662574.13,689627.87,280501.49,194013.71,2,88200.74,金卡客户,6,存款|理财产品|基金|保险|信托|贵金属,"2577379.65,2635216.55,2476488.72,2534663.0,2404513.5,2368584.52,2413309.62,2435928.02,2304529.9,2274135.53,2309450.09,2239409.08",0
C11278,55,男,北京,专业人士,363680.9,139708.03,103806.41,50863.13,34654.86,0.0,15,6309.67,银卡客户,5,存款|理财产品|基金|保险|外汇,"325735.77,341868.02,393306.46,427765.86,416511.01,416690.95,454865.96,460996.24,514337.98,523872.99,532452.17,581172.54",0
C11279,35,女,上海,自由职业,864213.98,270154.14,207617.42,32705.76,85795.96,0.0,26,113023.8,银卡客户,6,存款|理财产品|基金|保险|外汇|国债,"544743.15,539504.34,530138.94,531915.8,501335.67,521312.94,493451.45,468546.8,481747.48,463083.13,447692.42,473051.7",0
C11280,40,女,重庆,自由职业,1322277.93,127278.2,61861.72,14029.2,51641.14,217135.87,9,95861.19,金卡客户,5,存款|理财产品|基金|保险|信托,"930606.36,1009128.47,1029513.32,1038542.81,1130647.59,1136941.94,1164098.65,1213604.28,1183146.2,1283524.93,1274203.07,1327589.46",0
C11281,42,女,广州,公务员,756092.71,55929.95,72988.36,86703.12,41035.07,0.0,4,9034.35,银卡客户,5,存款|理财产品|基金|保险|外汇,"487518.2,484826.62,504773.33,504592.2,530523.35,528590.79,561118.57,557303.17,557369.62,572341.27,559867.6,594273.55",0
C11282,32,女,苏州,企业主,6152602.87,828184.52,364628.57,1066508.18,40729.23,570025.55,17,681942.61,白金客户,6,存款|理财产品|基金|保险|信托|贵金属,"5455827.86,5992389.16,5240412.99,5715337.03,6055722.83,5986488.73,6214040.2,5783062.33,6743694.95,6133355.15,6358258.15,6654837.58",1
C11283,43,男,广州,公务员,1604013.62,421388.44,18111.12,127034.87,113722.39,23828.95,10,138194.61,金卡客户,5,存款|理财产品|基金|保险|信托,"1122946.21,1095929.44,1088348.14,1078912.54,1038383.07,1032792.6,1020035.86,1029636.13,1031890.72,1004947.12,985370.57,956302.22",0
C11284,56,女,上海,企业主,3216430.32,203754.57,136354.82,511523.42,359477.13,301068.75,2,174817.25,金卡客户,5,存款|理财产品|基金|保险|信托,"2226354.49,2079000.21,2263049.96,2077180.05,2345080.51,2436813.42,2498630.66,2804561.6,2694540.86,2472427.19,2715492.82,2748614.53",0
C11285,72,女,北京,企业主,823171.7,110524.24,155988.97,12135.0,53620.38,0.0,50,68516.28,银卡客户,5,存款|理财产品|基金|保险|国债,"785830.35,817218.71,825866.75,877300.18,930864.31,826299.95,968392.35,1011839.85,1007708.73,1000225.27,1016271.33,1161417.06",0
C11286,31,女,杭州,高管,27072805.67,3364450.96,4064334.41,4874716.37,148817.41,4144195.23,7,2444315.34,钻石客户,6,存款|理财产品|基金|保险|信托|国债,"16651470.58,16548319.33,17379007.57,18175113.79,18460740.21,18392975.65,17983169.58,19237968.79,22099116.57,21845963.12,23124793.47,22665463.46",1
C11287,43,女,成都,退休,3326629.1,1176269.33,59303.04,264572.16,159035.46,437149.04,11,242198.91,金卡客户,5,存款|理财产品|基金|保险|信托,"2341891.14,2454672.34,2345730.02,2320525.04,2316425.11,2350258.89,2283067.9,2282520.03,2306630.38,2171760.83,2168775.46,2206541.49",0
C11288,34,男,上海,专业人士,1594372.17,546944.28,71926.91,121994.96,62447.71,94432.0,2,226339.27,金卡客户,6,存款|理财产品|基金|保险|信托|外汇,"1051598.96,1081149.4,1043207.89,1043499.89,1095232.63,1018731.33,1093614.16,1026957.23,996534.23,1010235.05,1025264.73,1058434.48",0
C11289,56,女,北京,企业主,12267455.37,2874902.16,1098571.2,2584608.86,1526874.2,962188.9,12,688172.23,钻石客户,6,存款|理财产品|基金|保险|信托|外汇,"8839232.21,10097032.26,11178473.55,10466575.8,9566867.2,11634865.07,10564487.77,9873374.9,11464888.15,10056206.7,10306006.69,11153477.3",1
C11290,44,女,杭州,退休,2488886.33,450244.43,77283.83,215966.93,159314.88,238445.79,3,166563.74,金卡客户,6,存款|理财产品|基金|保险|信托|国债,"2526918.51,2487063.33,2721037.35,2815630.52,2565801.05,2738042.17,3242279.01,3115943.99,3126824.32,3309757.19,3887783.94,4068318.77",0
C11291,46,男,苏州,公务员,556718.23,192234.62,123197.03,123110.76,49207.22,0.0,3,39506.96,银卡客户,4,存款|理财产品|基金|保险,"430495.33,465857.93,486965.99,461547.27,515393.5,494269.89,525591.78,568805.52,562768.6,611515.8,607978.86,687682.53",0
C11292,69,男,杭州,公务员,1648361.57,597653.98,274932.69,56589.42,96103.57,204749.38,2,214071.39,金卡客户,6,存款|理财产品|基金|保险|信托|国债,"1589929.7,1655884.87,1649169.26,1579562.59,1940937.01,1967004.56,1902221.38,2015020.94,2053664.61,2302431.88,2114435.8,2228249.24",0
C11293,34,女,苏州,自由职业,1274234.22,326994.16,160546.86,242641.82,100916.24,130121.44,5,128066.12,金卡客户,6,存款|理财产品|基金|保险|信托|贵金属,"1185254.59,1193218.17,1165829.28,1163414.05,1126714.28,1141495.55,1128812.26,1144575.36,1118252.82,1083121.05,1081585.97,1013103.86",0
C11294,64,女,苏州,企业主,2436133.01,257199.08,27012.78,161026.9,89334.89,204648.68,7,338168.8,金卡客户,5,存款|理财产品|基金|保险|信托,"1708924.55,1943992.25,1912788.99,1970364.87,2066005.19,2290106.23,2323147.52,2092085.35,2355851.1,2107133.36,2414649.79,2460434.34",0
C11295,53,男,广州,公务员,2796051.21,490007.39,471143.42,6276.01,134811.53,429845.93,4,224107.47,金卡客户,5,存款|理财产品|基金|保险|信托,"1699549.14,1716421.44,1592191.41,1667005.39,1437665.11,1644341.81,1633139.34,1780371.86,1613827.03,1638485.33,1650925.77,1606377.17",0
C11296,55,女,北京,公务员,234122.44,82338.56,31969.41,30508.62,17095.33,0.0,3,6482.82,普通客户,4,存款|理财产品|基金|保险,"225951.31,246524.49,247777.99,256722.26,256667.41,273818.13,271032.55,284662.18,312745.22,310999.61,318995.3,346824.59",0
C11297,50,男,北京,白领,760770.92,186541.7,199102.45,13221.24,9553.9,0.0,11,36749.11,银卡客户,4,存款|理财产品|基金|保险,"684746.84,701837.11,713082.85,725027.25,737510.09,767139.71,757222.54,780568.24,811223.18,803107.77,819410.55,853926.96",0
C11298,23,女,上海,白领,3504694.09,575134.67,38042.11,108386.73,344283.17,168165.25,2,374931.77,金卡客户,6,存款|理财产品|基金|保险|信托|国债,"2869583.02,2717821.9,2556236.58,2690333.73,2745225.31,2620672.35,3026724.03,3111310.93,3150528.99,3243872.42,3105183.57,3223538.1",0
C11299,40,女,南京,白领,16357593.27,1023282.84,4698784.85,908239.86,298269.19,3078944.12,9,2065328.84,钻石客户,6,存款|理财产品|基金|保险|信托|外汇,"13821208.63,12711052.24,14233749.33,16817872.57,13920490.96,16893666.48,16173088.72,16157753.29,18077240.74,19890276.73,19137201.35,19070513.73",1
C11300,25,男,上海,专业人士,1408783.97,315343.22,152106.78,231408.36,197775.9,98093.44,27,118736.16,金卡客户,5,存款|理财产品|基金|保险|信托,"1138281.67,1028129.79,1170670.73,1143374.31,1059541.88,1065485.97,1115970.88,1093759.07,1185256.04,1176746.3,1054993.38,1165531.04",0
C11301,69,男,成都,自由职业,1176832.28,268500.17,242195.44,26371.32,154071.98,9543.08,3,153078.29,金卡客户,7,存款|理财产品|基金|保险|信托|贵金属|外汇,"1094669.94,1166200.21,1215510.64,1274733.15,1350434.82,1391182.63,1454098.04,1560515.99,1615311.92,1698345.81,1749644.4,1894999.39",0
C11302,52,男,北京,高管,13888835.57,1078455.79,2742791.97,2332269.81,352902.65,1656433.18,4,1992414.75,钻石客户,7,存款|理财产品|基金|保险|信托|贵金属|外汇,"11917128.12,9394327.1,10368415.62,11326064.08,12126148.19,11778538.3,11870771.27,10708506.71,10834322.59,10645488.55,11148390.62,12200531.31",1
C11303,69,男,重庆,公务员,1106382.69,264367.6,112327.94,235444.3,82105.0,202533.26,5,26836.09,金卡客户,5,存款|理财产品|基金|保险|信托,"803227.52,806093.74,727295.19,755395.11,714703.0,762515.21,830572.94,756297.0,775610.69,740284.73,783784.31,859393.76",0
C11304,41,男,苏州,公务员,579272.11,203516.38,154312.1,22862.67,62153.42,0.0,4,76729.62,银卡客户,4,存款|理财产品|基金|保险,"389728.46,410375.77,399527.07,403811.14,409757.47,423808.11,406342.84,432436.78,429797.35,417395.14,446576.93,442437.72",0
C11305,29,女,上海,退休,2595690.63,733196.63,614657.77,67541.63,79362.51,19778.9,14,78641.41,金卡客户,5,存款|理财产品|基金|保险|信托,"1980652.31,2281672.56,2390201.96,2377045.86,2410180.04,2386058.72,2606944.54,2807213.54,2862053.06,2762567.78,2942128.63,3141803.04",0
C11306,22,男,苏州,专业人士,1310937.74,348918.88,272930.81,70111.83,115714.99,82459.82,11,164755.12,金卡客户,6,存款|理财产品|基金|保险|信托|外汇,"1001429.01,962648.98,975654.18,994475.1,968242.02,968055.96,947422.28,938764.45,912301.18,922694.88,929318.11,893764.57",0
C11307,30,女,南京,自由职业,1468033.82,420830.51,395087.87,140204.28,68944.02,268052.91,2,24449.6,金卡客户,6,存款|理财产品|基金|保险|信托|国债,"1153587.78,1119189.42,1213346.83,1266218.33,1279790.55,1305487.97,1376788.19,1404504.8,1367806.43,1451772.38,1481982.08,1595650.58",0
C11308,36,男,北京,退休,878555.53,310284.94,118217.66,137506.71,106709.32,0.0,28,51887.96,银卡客户,4,存款|理财产品|基金|保险,"532848.55,539626.77,603110.19,562001.02,574950.58,606698.61,596975.35,627949.07,613943.35,622276.89,644693.14,634815.96",0
C11309,50,女,重庆,专业人士,296441.15,23128.81,35529.28,55688.84,20395.76,0.0,12,19783.79,普通客户,4,存款|理财产品|基金|保险,"257885.86,228361.78,267832.26,234351.44,227254.45,240378.73,211195.9,234020.34,212917.58,207600.42,212665.08,192640.78",0
C11310,42,男,深圳,专业人士,3505298.43,877213.0,587725.92,314921.8,447221.73,37276.82,15,330823.58,金卡客户,6,存款|理财产品|基金|保险|信托|国债,"3317473.59,2978431.65,3375902.09,3168521.5,3389224.12,3461567.23,3931314.54,3661218.37,3625313.11,3888634.24,3562988.33,3870477.02",0
C11311,54,男,武汉,自由职业,720352.39,84096.0,134908.27,86946.63,72263.89,0.0,20,18468.36,银卡客户,5,存款|理财产品|基金|保险|贵金属,"587145.47,634377.81,644281.1,629467.87,605948.7,572039.8,628779.69,605533.69,724470.32,647580.9,600996.39,638523.08",0
C11312,56,男,北京,高管,26257603.54,10412655.2,2571620.37,5264625.14,3415181.39,253022.85,6,3807192.58,钻石客户,7,存款|理财产品|基金|保险|信托|贵金属|外汇,"18652628.58,18720085.83,20570685.31,21412375.54,21102946.2,22121221.59,22471376.24,24681661.19,25170298.81,26573152.47,27350661.31,28071816.91",1
C11313,48,男,重庆,公务员,1085917.49,408235.09,201051.28,118442.08,91944.35,99281.67,22,148568.23,金卡客户,6,存款|理财产品|基金|保险|信托|外汇,"783171.92,899635.0,1050610.17,1016674.16,1051116.94,978754.66,1072431.91,1067611.74,1086122.22,1153921.75,1218494.43,1273167.24",0
C11314,32,女,广州,白领,6958149.99,755179.65,328989.43,1182315.39,954917.62,198984.59,5,975039.88,白金客户,5,存款|理财产品|基金|保险|信托,"5584495.95,6486337.38,6004459.47,5317640.03,6119104.06,5654616.15,4886239.5,5480799.59,5244624.51,5082963.03,5297279.66,4993604.21",1
C11315,18,男,上海,退休,5266685.69,2022653.96,471846.77,490251.66,527439.74,632380.04,42,54040.8,白金客户,6,存款|理财产品|基金|保险|信托|外汇,"4938800.44,4942247.54,4917961.79,4918017.19,4811360.69,4962622.08,4813967.6,5044616.18,4931979.68,4968993.46,4946667.36,4957066.04",1
C11316,63,男,上海,白领,313345.21,30086.86,21451.23,52959.03,9270.37,0.0,5,25966.85,银卡客户,4,存款|理财产品|基金|保险,"205464.55,207538.43,215593.87,235405.22,239736.2,257319.21,260862.39,281212.48,282399.83,306537.02,313364.17,328076.01",0
C11317,29,女,武汉,自由职业,1293045.42,280324.17,120161.49,100142.98,34161.34,210236.62,4,177314.89,金卡客户,7,存款|理财产品|基金|保险|信托|贵金属|外汇,"1023608.53,1081887.9,1094196.21,1152623.4,1172285.53,1244590.68,1290375.07,1344675.94,1391732.37,1425151.11,1443689.58,1523236.03",0
C11318,51,女,成都,自由职业,2905185.59,669198.71,868381.0,115961.97,234030.06,123703.29,2,119560.09,金卡客户,6,存款|理财产品|基金|保险|信托|国债,"2664809.72,2640106.93,2779631.6,2769129.92,2674341.27,2592074.06,2669893.45,2529129.49,2555979.71,2497616.48,2659382.84,2634220.6",0
C11319,44,女,北京,企业主,8427758.83,883948.54,2204822.69,1629349.11,1126166.33,574935.1,31,409578.35,白金客户,7,存款|理财产品|基金|保险|信托|贵金属|国债,"5483580.5,5454273.47,5432800.36,5358660.14,4827632.01,4493472.13,4920016.26,5029289.5,4769182.88,5127685.7,5494444.31,5333952.29",1
C11320,51,男,上海,高管,22628455.53,6644484.67,3094186.25,166347.87,903569.06,3298764.9,1,1220015.81,钻石客户,5,存款|理财产品|基金|保险|信托,"14099419.82,15175149.88,14347456.0,14705747.86,14331157.06,14937419.68,15022966.53,15746449.22,15940077.48,15839902.4,15899683.7,15314961.69",1
C11321,19,女,杭州,专业人士,4141485.02,651221.67,370160.3,409606.12,44492.01,780766.76,31,147531.32,金卡客户,6,存款|理财产品|基金|保险|信托|贵金属,"3116410.78,4150781.51,3595754.62,3964654.07,3831191.43,4120400.13,3833274.99,3888985.27,3942493.19,4029502.53,3618343.68,4463011.12",0
C11322,43,男,武汉,专业人士,4699853.47,714487.51,1093135.66,151076.54,580171.9,587646.19,1,564412.66,金卡客户,5,存款|理财产品|基金|保险|信托,"3322536.23,3499813.13,3392470.42,3712820.84,3809449.77,3920533.55,3966528.61,4124165.68,4086447.69,4834809.4,4561120.28,4780163.23",0
C11323,41,男,成都,公务员,881066.41,339031.49,148360.52,133083.08,103467.43,0.0,4,18829.92,银卡客户,5,存款|理财产品|基金|保险|外汇,"526217.68,558367.97,621053.87,613000.56,635202.45,707020.61,694106.59,827716.4,763413.1,802084.57,852069.8,824071.6",0
C11324,52,女,北京,白领,3805556.09,964942.86,535564.54,544921.49,4609.67,51550.25,2,328707.7,金卡客户,5,存款|理财产品|基金|保险|信托,"3805428.55,4273321.89,4260114.9,4399494.66,4229120.71,4678498.53,5082852.74,5100767.06,4878558.35,5804175.0,5972239.01,5545897.27",0
C11325,46,女,武汉,专业人士,1283462.15,204520.94,332317.86,280191.08,76715.37,2290.42,21,46357.61,金卡客户,5,存款|理财产品|基金|保险|信托,"935300.2,789673.38,870797.83,975339.62,879990.36,843914.94,1004437.84,968737.83,861677.2,945532.73,866105.75,928146.69",0
C11326,47,女,重庆,白领,926687.01,282148.01,249407.02,174410.62,87137.86,0.0,3,69079.58,银卡客户,4,存款|理财产品|基金|保险,"780675.52,836634.28,768747.28,889688.52,848388.49,919192.14,766710.52,785508.06,866016.07,979383.23,1020262.06,860828.69",0
C11327,45,女,成都,专业人士,624791.91,141858.76,63940.91,137515.77,93154.65,0.0,23,20346.65,银卡客户,5,存款|理财产品|基金|保险|贵金属,"403932.22,469648.6,463510.89,487057.63,466803.17,530097.49,500074.33,535395.12,579684.89,587357.23,580474.24,640926.63",0
C11328,50,男,北京,退休,1515898.28,206673.11,382554.82,54290.08,98867.08,76743.93,11,183026.95,金卡客户,6,存款|理财产品|基金|保险|信托|外汇,"1667280.64,1425108.85,1618533.03,1479196.84,1506952.92,1544043.65,1684242.74,1672010.81,1608505.64,1665919.66,1677641.11,1579821.12",0
C11329,30,女,深圳,退休,541765.5,47352.73,24967.87,8386.56,20423.37,0.0,11,25981.28,银卡客户,4,存款|理财产品|基金|保险,"461335.16,464654.58,447615.77,457427.8,450805.16,452501.24,452135.06,437711.83,439998.84,447100.95,440034.77,446650.86",0
C11330,41,男,广州,白领,7755502.37,1251508.58,519238.87,157140.66,67088.21,474596.96,3,402447.31,白金客户,5,存款|理财产品|基金|保险|信托,"7861633.49,8343440.77,8628657.2,7510071.12,7235460.71,6216152.92,7905886.48,6826200.07,6431908.73,6718176.72,6028520.07,4951010.08",1
C11331,53,女,武汉,自由职业,3896695.0,248157.23,672271.71,727907.07,550429.48,444575.37,15,472233.04,金卡客户,6,存款|理财产品|基金|保险|信托|国债,"3621104.13,3551783.77,3573980.38,3489767.11,3392815.65,3369508.08,3534724.98,3462574.21,3382378.41,3397308.14,3477926.0,3424231.59",0
C11332,43,男,北京,公务员,2229843.16,125398.01,150492.15,216753.27,37362.99,50909.95,19,63107.08,金卡客户,5,存款|理财产品|基金|保险|信托,"1782707.12,1850496.52,1906611.96,1993506.0,2052827.57,2106145.0,2172913.03,2287662.52,2358693.63,2472980.62,2555502.82,2686167.57",0
C11333,45,女,重庆,高管,6927203.72,1598634.84,226536.16,855310.32,156231.73,584814.76,3,129557.89,白金客户,6,存款|理财产品|基金|保险|信托|外汇,"6627400.14,6508854.36,6062213.26,7945720.9,7878992.72,7622122.41,7479283.49,8244153.82,8654499.18,9142233.56,9475605.78,9867960.26",1
C11334,18,男,南京,退休,1100510.36,280310.35,215460.84,213165.07,123533.54,23197.97,1,93932.31,金卡客户,7,存款|理财产品|基金|保险|信托|贵金属|国债,"771489.24,813098.27,837318.44,879807.68,902820.59,918419.2,964527.93,972370.58,1032941.26,1052918.09,1091295.22,1150189.58",0
C11335,50,女,深圳,专业人士,8741651.75,1212132.89,779644.01,1165684.66,582699.74,1233950.11,14,704821.01,白金客户,7,存款|理财产品|基金|保险|信托|贵金属|外汇,"6369609.34,6546325.86,6027728.86,5747041.38,5661709.65,5171550.42,5325315.47,5395254.93,5798484.05,5041456.99,5507481.93,5000040.14",1
C11336,63,女,南京,白领,3573026.1,1048178.25,590046.4,506059.27,101769.49,591292.4,10,160558.85,金卡客户,5,存款|理财产品|基金|保险|信托,"2770292.08,3009730.08,2996636.91,3292664.25,3257654.79,3586320.57,3192000.22,3477184.61,3650618.63,3521333.02,3495214.78,3948817.31",0
C11337,32,男,南京,自由职业,726315.58,198642.97,78628.27,96960.62,69090.66,0.0,5,48724.16,银卡客户,4,存款|理财产品|基金|保险,"694621.24,670657.29,680361.89,665225.35,691660.13,648520.54,657379.86,640378.13,647727.55,612946.15,622218.33,625079.26",0
C11338,48,男,北京,自由职业,4466857.14,988813.27,531344.71,645228.65,71397.79,276233.86,3,129243.98,金卡客户,6,存款|理财产品|基金|保险|信托|国债,"2747937.58,2880675.03,2956229.92,3143147.28,3324475.88,3454634.83,3614698.29,3778409.94,3913081.8,4099264.83,4377801.73,4572759.23",0
C11339,60,男,北京,企业主,1840394.13,307371.63,367765.01,159368.46,219726.06,327005.83,5,234193.8,金卡客户,6,存款|理财产品|基金|保险|信托|外汇,"1502073.44,1526234.7,1691711.88,1722619.93,1755680.08,1817202.52,1954944.31,1801303.32,2015432.77,2015359.25,2293817.66,2301169.72",0
C11340,80,男,成都,高管,1767984.87,343785.53,238005.73,100526.02,225447.3,151286.52,33,167919.41,金卡客户,5,存款|理财产品|基金|保险|信托,"1390723.55,1388002.4,1402281.18,1464427.81,1510975.11,1508582.44,1578521.31,1554243.84,1621122.08,1675253.32,1735569.8,1789840.83",0
C11341,46,女,重庆,专业人士,3849517.81,951311.65,378130.25,658700.14,35798.71,36345.85,3,229444.66,金卡客户,6,存款|理财产品|基金|保险|信托|贵金属,"3375412.38,3416297.18,3461190.06,3616682.74,3655089.71,3757908.58,3861524.24,3972708.3,4126960.6,4210101.86,4257276.51,4459229.03",0
C11342,60,女,北京,公务员,2614985.37,494395.7,589947.56,327772.69,137169.49,369418.86,1,352129.67,金卡客户,8,存款|理财产品|基金|保险|信托|贵金属|外汇|国债,"1723102.27,1639303.71,1779317.42,1831798.5,1762825.79,1732631.59,1988612.66,1891811.13,2118584.0,2037926.34,2028789.96,1883753.75",0
C11343,63,男,武汉,白领,231320.82,24190.9,52293.5,34673.48,2976.87,0.0,1,14556.76,普通客户,4,存款|理财产品|基金|保险,"206545.73,201121.77,187542.44,209135.21,196906.09,194767.0,189908.46,190382.5,185822.51,181395.89,198544.45,181521.45",0
C11344,37,女,南京,白领,1880337.22,356517.82,48552.79,259985.9,34127.38,6421.47,4,157009.52,金卡客户,6,存款|理财产品|基金|保险|信托|国债,"1460263.72,1275179.85,1472963.67,1161352.16,1229918.16,1299176.31,1235574.68,1391215.86,1240099.86,1317938.53,1123474.99,1255790.62",0
C11345,40,女,上海,专业人士,890002.5,331474.58,244199.63,123020.78,84368.8,0.0,19,90291.26,银卡客户,5,存款|理财产品|基金|保险|国债,"840258.73,896970.08,911002.31,957290.68,962301.3,1009109.26,1014559.17,1072306.49,1103720.76,1120388.25,1169905.36,1227180.68",0
C11346,55,女,成都,白领,88690430.55,7125182.08,19112050.44,5868686.64,1537066.22,15071450.6,3,6243659.23,钻石客户,8,存款|理财产品|基金|保险|信托|贵金属|外汇|国债,"65141152.07,60054818.36,61269110.68,56073364.99,66575334.14,58658860.3,68136829.55,61985498.44,61735548.36,59244491.95,65080656.52,73917267.02",1
C11347,51,男,南京,退休,1250064.51,185719.2,190671.99,47100.77,125899.8,6233.46,1,53737.63,金卡客户,6,存款|理财产品|基金|保险|信托|国债,"1118131.8,1106261.21,1194960.4,1067620.46,1178601.2,1247464.17,1227654.89,998059.92,1002142.29,1111231.29,996145.18,1096122.63",0
C11348,19,男,成都,企业主,2209839.52,211519.22,111844.6,109316.88,256539.52,197496.88,50,247668.27,金卡客户,6,存款|理财产品|基金|保险|信托|贵金属,"1427003.43,1469882.74,1507094.87,1552603.24,1600035.16,1597110.27,1642168.45,1682703.85,1749489.73,1802058.76,1860188.16,1850191.43",0
C11349,24,女,南京,企业主,590933.2,115461.55,12032.01,60749.71,28484.48,0.0,4,55513.19,银卡客户,6,存款|理财产品|基金|保险|外汇|国债,"434108.33,432938.95,372275.92,425161.47,378674.78,440934.99,411635.26,468807.39,431282.4,416203.44,474926.66,417118.23",0
C11350,58,男,深圳,退休,4511470.43,1482905.53,850227.13,107627.8,367337.0,798175.38,9,674002.26,金卡客户,6,存款|理财产品|基金|保险|信托|贵金属,"3067701.66,2983377.27,3190156.75,3472684.52,3400988.77,3608749.65,3894017.36,4060979.91,4391404.22,4272851.13,4728388.27,5105911.69",0
C11351,49,女,广州,退休,1509990.55,327528.53,111417.64,285104.08,191439.27,291424.2,25,134715.39,金卡客户,5,存款|理财产品|基金|保险|信托,"1119089.63,1159951.72,1198694.05,1233201.55,1254304.92,1301111.64,1327313.63,1384823.69,1436795.68,1485804.37,1529772.79,1550234.23",0
C11352,36,男,上海,白领,978677.04,220296.35,81803.74,76604.97,5852.24,0.0,6,125203.32,银卡客户,4,存款|理财产品|基金|保险,"879171.68,1048395.88,949645.79,1052682.15,1042037.69,1093459.35,1136767.09,1216026.67,1241885.1,1450947.02,1370430.51,1495385.5",0
C11353,35,男,成都,专业人士,3713949.42,1306649.34,178215.62,353441.03,62960.46,160091.51,23,242285.62,金卡客户,5,存款|理财产品|基金|保险|信托,"3514684.41,3489882.35,3058390.86,3213225.99,3159824.54,3014478.86,2830560.28,3010944.69,3017671.8,2752861.51,2909325.97,2714909.64",0
C11354,66,男,武汉,自由职业,8717006.3,1879037.84,414702.9,2129080.13,379354.36,713396.23,9,767885.34,白金客户,5,存款|理财产品|基金|保险|信托,"7687011.29,8342324.36,8530773.57,9238676.89,9222879.0,10052832.42,10244966.64,10932120.6,11492114.03,11885397.16,12129847.77,12802380.53",1
C11355,51,女,上海,企业主,1888209.43,205086.92,463015.61,222038.39,160387.69,70462.37,7,57658.99,金卡客户,5,存款|理财产品|基金|保险|信托,"1484745.12,1555636.79,1447518.78,1440891.53,1713726.83,1254445.05,1333901.24,1347209.39,1624405.21,1379749.26,1460968.7,1385187.26",0
C11356,54,女,杭州,企业主,6452310.14,2158616.38,1810006.82,987390.95,497923.95,799030.92,8,297211.85,白金客户,5,存款|理财产品|基金|保险|信托,"5327209.23,5350235.08,5459553.75,5853949.3,5809234.56,6016360.79,6354737.76,6265777.97,6680048.25,6846551.59,7318326.75,7079787.0",1
C11357,18,女,上海,专业人士,360586.06,113417.3,78742.92,12803.49,27165.71,0.0,14,41885.95,银卡客户,5,存款|理财产品|基金|保险|国债,"256723.9,247446.04,269254.47,246761.2,248932.64,257819.43,247914.64,279964.38,261878.73,249893.41,252856.44,219485.89",0
C11358,63,女,深圳,专业人士,2931815.61,1033071.72,742683.67,457981.27,120123.39,532721.21,9,130481.9,金卡客户,5,存款|理财产品|基金|保险|信托,"2221972.18,2017177.76,2056832.08,1829160.4,1893684.72,1942266.18,1822790.88,1714287.33,1719077.07,1787800.13,1785227.99,1811033.8",0
C11359,56,男,杭州,专业人士,3862706.73,522208.55,1042650.86,560903.64,286823.65,26643.09,23,530628.83,金卡客户,5,存款|理财产品|基金|保险|信托,"2952450.56,2765005.64,2716913.12,2757377.21,3079393.23,2903566.65,2720568.79,2960270.36,2964596.67,2786345.5,2976240.11,2979595.1",0
C11360,57,男,深圳,专业人士,1145116.15,105907.88,144419.84,4849.42,78310.53,166043.32,7,38767.12,金卡客户,6,存款|理财产品|基金|保险|信托|贵金属,"938751.79,1164838.65,1116176.93,1072202.57,1410027.22,1366899.1,1447763.59,1515755.62,1595572.54,1573947.38,1658404.22,1744758.0",0
C11361,53,女,重庆,专业人士,405222.39,33365.29,3820.86,45803.62,57321.15,0.0,2,56088.82,银卡客户,4,存款|理财产品|基金|保险,"310609.78,307241.25,318201.48,314160.67,328318.89,311764.45,317088.31,288014.3,312374.46,296485.63,292849.73,288808.84",0
C11362,67,男,苏州,公务员,385081.3,46092.62,61937.57,43407.29,45466.84,0.0,1,53152.18,银卡客户,4,存款|理财产品|基金|保险,"310324.43,323328.22,302341.76,316343.04,328315.97,366904.24,382729.18,361167.42,363113.13,374261.67,353320.73,397460.2",0
C11363,23,女,上海,退休,9222812.36,2711824.6,2129451.0,663911.36,974421.89,1117446.78,6,681891.07,白金客户,7,存款|理财产品|基金|保险|信托|外汇|国债,"6177690.72,6080676.44,5734469.03,6133857.51,6162908.62,5677936.82,5480719.12,5497137.75,5206702.09,4607487.5,5377196.37,5492576.25",1
C11364,42,女,上海,退休,153938.79,21826.43,22165.5,948.98,19679.73,0.0,22,17057.14,普通客户,6,存款|理财产品|基金|保险|贵金属|外汇,"124527.22,136232.83,157587.18,162499.73,161230.18,162054.16,161022.66,178886.28,197030.73,181822.15,206139.67,202074.48",0
C11365,39,男,上海,专业人士,5446673.65,1700999.86,132377.28,949520.81,425318.59,143973.13,3,618387.88,白金客户,8,存款|理财产品|基金|保险|信托|贵金属|外汇|国债,"5207591.03,5587796.4,5664725.17,5874204.91,6242821.73,6184796.69,6471897.09,6548399.82,6579128.13,6967100.05,6929305.09,7027548.07",1
C11366,53,男,北京,企业主,12441118.54,2665476.28,3668520.37,2759848.99,1661128.41,319678.1,9,384009.96,钻石客户,7,存款|理财产品|基金|保险|信托|外汇|国债,"11889530.58,12403074.42,13921292.9,11726389.01,12901293.87,12570574.95,13213715.78,13724672.31,14033191.55,13558105.63,14719048.67,14358826.01",1
C11367,62,女,重庆,企业主,3796318.49,982038.35,327116.28,892604.25,448299.22,558467.68,5,510148.51,金卡客户,5,存款|理财产品|基金|保险|信托,"3526713.58,3497129.68,3477841.49,3503684.54,3521804.82,3538694.68,3333476.3,3320950.03,3417531.17,3259096.33,3215963.63,3208142.05",0
C11368,42,女,上海,白领,16605137.29,2603729.23,1567055.49,3506627.92,1960291.14,976738.85,5,1932971.73,钻石客户,6,存款|理财产品|基金|保险|信托|贵金属,"11052862.47,11769802.11,12167160.0,12346890.15,13026282.17,13277836.69,14278174.22,15022755.71,14975375.78,15707274.07,16591636.34,17231985.36",1
C11369,38,男,上海,退休,164136.12,45649.72,47169.63,20139.61,19352.9,0.0,9,7330.9,普通客户,4,存款|理财产品|基金|保险,"158345.01,154266.63,154236.26,161700.24,162520.37,147308.1,152506.23,150690.15,154335.75,139261.68,143233.75,150232.68",0
C11370,56,男,南京,退休,2807086.1,1048585.42,543461.64,438496.82,324136.62,150350.87,12,200387.07,金卡客户,6,存款|理财产品|基金|保险|信托|贵金属,"2661074.2,2653526.66,2746696.29,2867815.29,2945531.32,3079332.03,3264243.2,3353416.77,3482489.85,3777818.35,3813903.63,3999486.09",0
C11371,63,女,北京,专业人士,7345518.31,2078033.46,1391649.44,1566904.57,32056.4,1132920.4,4,981044.4,白金客户,6,存款|理财产品|基金|保险|信托|贵金属,"4607815.08,4777098.11,4569704.05,4788399.28,4349637.8,5103511.94,5098943.31,4834847.66,4683643.49,5148794.4,4707386.47,4789571.51",1
C11372,44,女,武汉,高管,39428473.58,8955301.34,3001020.9,3581404.01,5749417.34,3816372.19,6,2445275.8,钻石客户,8,存款|理财产品|基金|保险|信托|贵金属|外汇|国债,"29679400.24,28187767.0,29161224.11,29829572.55,30962984.63,29445347.84,29611349.21,30739562.5,31079831.06,31492443.44,34041965.35,33381428.94",1
C11373,74,男,深圳,白领,5149998.25,616256.15,209654.82,463790.99,300659.67,783839.65,1,383216.65,白金客户,6,存款|理财产品|基金|保险|信托|贵金属,"3753264.26,3959206.84,4111212.87,4191937.97,4344798.78,4509114.75,4532378.0,4894735.06,5146355.61,5199010.9,5320711.72,5576204.78",1
C11374,38,男,深圳,退休,2299067.4,522284.6,104800.79,535807.75,224262.42,145746.06,11,203259.91,金卡客户,6,存款|理财产品|基金|保险|信托|贵金属,"1648984.09,1714256.51,1831296.39,1861697.82,1996345.81,1982087.08,2129121.13,2206492.45,2279683.98,2320369.98,2457271.28,2539744.49",0
C11375,18,男,北京,企业主,3745025.79,767572.08,851828.55,117504.49,520469.13,25322.99,8,59542.92,金卡客户,7,存款|理财产品|基金|保险|信托|贵金属|外汇,"3473585.25,3458370.27,3358493.1,3241967.37,2773198.33,3246602.67,3576126.56,3129072.53,3173047.34,3120253.94,3470563.85,3235339.94",0
C11376,63,女,武汉,高管,7099014.49,2628626.77,1682750.9,1388294.69,766388.66,379374.16,6,418859.36,白金客户,5,存款|理财产品|基金|保险|信托,"5583184.2,5840542.25,5515060.23,5860987.52,6313130.98,6215529.1,6681081.54,6313046.38,6314249.3,6342678.06,6706273.51,7030352.77",1
C11377,46,男,苏州,自由职业,4983861.47,965328.49,601862.72,1189146.06,273760.71,96560.21,12,156384.36,金卡客户,6,存款|理财产品|基金|保险|信托|国债,"4527892.05,4582721.38,4754215.24,4565480.17,5049518.61,5150431.8,5173108.82,4987436.51,5060806.13,5377729.61,5360951.0,5202994.75",0
C11378,18,女,武汉,退休,987712.96,150687.28,136786.39,173406.84,10268.54,0.0,20,66022.68,银卡客户,5,存款|理财产品|基金|保险|外汇,"626565.74,654648.67,693383.4,723397.28,744728.47,768070.52,810190.97,825537.26,872160.6,896700.32,941126.75,965993.83",0
C11379,62,男,上海,退休,415335.09,115574.27,22286.26,88467.3,46057.74,0.0,1,37746.57,银卡客户,6,存款|理财产品|基金|保险|贵金属|国债,"377766.6,388621.59,389700.73,393073.24,381820.35,393312.37,397486.97,376998.8,383336.7,386468.51,393443.35,397543.25",0
C11380,19,男,武汉,白领,710249.93,239085.36,162401.58,134582.45,26823.29,0.0,9,16908.58,银卡客户,4,存款|理财产品|基金|保险,"514403.4,531134.37,546495.43,570449.33,599583.75,569946.33,576404.4,547225.34,603118.54,572924.23,604398.67,660935.0",0
C11381,60,女,成都,退休,12805670.45,1156633.19,2629693.79,332620.11,1655273.58,1295121.47,2,1078877.31,钻石客户,5,存款|理财产品|基金|保险|信托,"9940945.42,9969298.38,9385324.82,9834696.09,9789894.93,10141250.93,9995376.13,9852023.97,9929994.35,9574064.09,10015566.16,9819496.88",1
C11382,32,男,南京,白领,9899107.02,919237.97,1632569.69,2442822.4,484425.82,597698.23,3,125564.59,白金客户,5,存款|理财产品|基金|保险|信托,"8777147.24,9030719.45,9464634.26,9921450.71,10560631.02,10133222.1,10756586.31,10333338.42,10306857.8,10958918.08,11261038.6,12308206.16",1
C11383,43,男,上海,自由职业,3276581.25,472227.76,434615.65,78318.43,487641.69,583324.55,6,407799.09,金卡客户,6,存款|理财产品|基金|保险|信托|贵金属,"2348700.7,2563355.61,2665312.37,2976056.53,2836176.02,2966624.32,2987404.82,2972735.87,2928402.88,3187155.38,3413862.32,3451784.49",0
C11384,67,男,杭州,退休,4935077.29,1558804.47,1268677.56,817848.34,725314.83,817533.45,7,673406.35,金卡客户,5,存款|理财产品|基金|保险|信托,"3481129.7,3730974.34,3893839.19,3427135.78,3591445.56,3455571.9,3426602.43,3173451.66,3729028.29,3534866.79,2979989.54,3269028.36",0
C11385,41,男,苏州,自由职业,4130503.46,1248385.51,581871.68,547451.38,393091.34,604116.4,17,97308.32,金卡客户,6,存款|理财产品|基金|保险|信托|贵金属,"2812524.92,3005099.12,2911388.02,3030786.63,3101260.5,3167762.38,3061693.31,3150098.15,3182694.78,3295222.51,3282219.25,3358964.56",0
C11386,20,女,武汉,企业主,1479498.67,255591.42,248320.91,42137.99,207148.92,162304.04,5,193185.59,金卡客户,6,存款|理财产品|基金|保险|信托|外汇,"1153589.16,1093847.06,1111689.94,1195981.52,1202636.29,1263904.0,1120443.97,1246943.32,1073175.45,1179839.65,1193355.17,1194417.91",0
C11387,40,男,杭州,退休,1818183.1,648327.23,509724.24,40676.1,241441.57,94247.36,9,38800.27,金卡客户,5,存款|理财产品|基金|保险|信托,"1384239.0,1479718.9,1562820.01,1452717.28,1446567.75,1531886.97,1445818.24,1528566.57,1305655.02,1466620.82,1268092.22,1434340.37",0
C11388,58,男,广州,企业主,1077895.61,119767.08,204730.29,22297.55,111289.41,20445.48,14,53475.4,金卡客户,6,存款|理财产品|基金|保险|信托|外汇,"942099.75,941498.51,920886.08,942921.78,913002.52,894602.13,904042.96,856947.18,830209.14,796594.15,794897.84,795488.52",0
C11389,58,女,深圳,自由职业,2221454.0,298237.62,431631.66,530141.3,207410.43,423952.25,16,129140.04,金卡客户,6,存款|理财产品|基金|保险|信托|外汇,"1759001.93,1828112.35,1864380.86,1867790.19,1936396.22,2030001.95,2087282.58,2235635.93,2145541.0,2317855.05,2237920.5,2369808.08",0
C11390,47,男,苏州,企业主,4717101.81,772404.23,1409420.54,1167523.69,166449.98,252135.58,11,485472.69,金卡客户,6,存款|理财产品|基金|保险|信托|外汇,"4231652.96,3913385.94,3791443.26,3738486.1,4041216.18,3819954.94,4308694.64,3806242.52,3959936.61,3837624.39,3506684.33,4147938.01",0
C11391,55,男,上海,白领,1280135.88,166902.28,33806.89,48099.18,1539.21,151012.83,14,174795.88,金卡客户,6,存款|理财产品|基金|保险|信托|贵金属,"1347722.98,1338140.52,1239608.29,1336929.84,1458208.48,1524789.53,1428189.11,1512505.35,1751479.7,1886833.39,1633172.05,1863435.38",0
C11392,45,女,南京,公务员,8089442.96,1434533.19,646083.65,524659.3,682018.17,269878.1,10,970519.12,白金客户,6,存款|理财产品|基金|保险|信托|外汇,"5188935.83,5162807.86,5436521.73,5500039.35,5523640.68,5929666.48,6073648.61,6089400.96,6176701.04,6234872.97,6631834.27,6762174.86",1
C11393,32,女,北京,专业人士,881229.26,132754.89,258030.19,165277.05,103110.7,0.0,2,43038.57,银卡客户,6,存款|理财产品|基金|保险|贵金属|外汇,"631554.85,633492.87,623400.58,613974.14,606265.09,617597.28,609456.76,597130.27,605116.1,589747.54,589667.0,580719.71",0
C11394,53,女,深圳,企业主,1521520.72,550832.0,349536.38,88328.71,217638.03,189334.37,9,111343.0,金卡客户,5,存款|理财产品|基金|保险|信托,"1359048.79,1447311.96,1503325.58,1521565.77,1571813.17,1574238.16,1647082.8,1681526.86,1716457.17,1797162.1,1854989.84,1900642.57",0
C11395,43,女,苏州,自由职业,877131.14,349805.28,85544.19,147293.51,111151.6,0.0,16,30279.57,银卡客户,4,存款|理财产品|基金|保险,"533046.01,562079.02,586424.79,602694.95,599879.21,650079.41,677359.1,691625.66,713196.85,766524.81,780079.52,846885.19",0
C11396,48,女,杭州,自由职业,12473345.87,2896108.82,2088168.33,1143830.75,748717.18,2327779.52,4,1574504.56,钻石客户,6,存款|理财产品|基金|保险|信托|外汇,"9899044.9,11422105.99,9881108.16,10965238.17,11190999.52,10706557.61,10609851.26,12355945.92,12128666.8,12497826.17,13420549.91,12732467.37",1
C11397,49,女,武汉,自由职业,2473342.74,293017.85,341985.66,527987.49,310196.74,166193.75,10,41114.26,金卡客户,6,存款|理财产品|基金|保险|信托|国债,"2185761.31,2451629.98,2125003.57,2329373.96,2207403.77,2320136.82,2274679.07,2232559.5,2316415.31,2205588.29,2043422.76,2150434.9",0
C11398,29,男,苏州,白领,231402.4,88990.59,60708.79,43650.68,24191.98,0.0,11,8427.85,普通客户,4,存款|理财产品|基金|保险,"190267.36,182321.59,179919.1,176451.66,171190.62,171431.85,170836.76,162417.17,166220.73,162777.61,151572.92,148426.46",0
C11399,51,男,广州,白领,2233156.66,631513.53,114876.45,66669.37,130710.76,127986.33,4,225266.09,金卡客户,6,存款|理财产品|基金|保险|信托|外汇,"1621141.64,1791892.7,1862270.7,1814642.59,1962429.86,1790413.57,1809408.12,1996402.29,2211738.05,2288179.32,2088999.44,2478426.66",0
C11400,46,女,杭州,自由职业,378140.81,20950.18,113254.7,65362.49,47230.2,0.0,8,45973.79,银卡客户,4,存款|理财产品|基金|保险,"299145.45,352314.71,353635.46,360933.22,411571.88,409560.12,424512.37,438418.99,463810.25,466679.33,523076.8,529284.12",0
C11401,18,女,上海,企业主,1895683.49,731231.88,374639.46,130513.28,51667.53,88256.79,6,77771.17,金卡客户,6,存款|理财产品|基金|保险|信托|外汇,"1800442.42,1831973.13,1843051.68,1913221.76,1971856.16,2051833.87,2071950.79,2082366.28,2173076.95,2208872.06,2286627.83,2286314.96",0
C11402,63,男,深圳,自由职业,2712188.34,825844.25,793594.83,628797.62,248469.78,143165.77,16,250727.21,金卡客户,5,存款|理财产品|基金|保险|信托,"2231419.59,2082283.59,2159749.57,1809960.25,1867544.2,2041205.64,1721351.84,1880745.98,1811573.25,1754703.41,1837407.07,1560094.91",0
C11403,33,男,深圳,专业人士,756420.47,232762.9,65387.99,112088.05,72438.24,0.0,16,78705.1,银卡客户,4,存款|理财产品|基金|保险,"620787.07,600230.0,586640.84,650446.58,614746.11,540332.21,549318.49,591258.0,586167.99,509540.36,562034.1,541467.53",0
C11404,18,女,北京,专业人士,977759.67,137170.79,65887.81,43940.34,108100.62,0.0,6,16499.17,银卡客户,4,存款|理财产品|基金|保险,"848162.0,868486.71,897794.12,967541.61,995313.94,1050939.27,1069137.26,1141657.41,1176990.31,1223416.75,1278390.64,1348392.81",0
C11405,56,女,上海,自由职业,9985979.57,2535483.67,2291412.29,1037564.03,198952.54,1077017.59,27,1145734.12,白金客户,7,存款|理财产品|基金|保险|信托|贵金属|外汇,"6837970.56,6509413.12,6510267.75,5565490.19,7202968.13,6665607.01,6104280.41,7385806.64,6646942.61,5424643.39,6884944.97,5947201.7",1
C11406,53,男,杭州,企业主,12596988.12,2774587.87,598945.44,2263297.53,625761.4,288487.67,1,1801760.53,钻石客户,6,存款|理财产品|基金|保险|信托|贵金属,"9495172.44,9452932.15,9409779.5,9703503.89,9910542.51,10194936.63,9991343.41,9830920.62,10163225.08,9756085.02,9927583.93,10282048.72",1
C11407,35,男,杭州,专业人士,2302126.53,875054.3,7426.27,155645.01,242968.42,401147.26,6,84508.96,金卡客户,7,存款|理财产品|基金|保险|信托|贵金属|外汇,"1378863.5,1450588.4,1447205.88,1468370.18,1438097.2,1407156.12,1500389.01,1490161.43,1545392.43,1471354.92,1403991.71,1377386.06",0
C11408,38,男,广州,公务员,2593768.8,519996.9,526706.62,457.16,373154.53,90516.0,10,27931.77,金卡客户,7,存款|理财产品|基金|保险|信托|外汇|国债,"1786352.33,1809029.34,1904259.2,1806308.05,1933139.46,1911629.53,1864554.99,1793704.15,1999965.74,2013649.13,1946432.54,2093346.29",0
C11409,37,女,重庆,退休,895706.12,202492.8,5214.72,136109.65,71711.04,0.0,19,103668.6,银卡客户,5,存款|理财产品|基金|保险|国债,"937335.8,839862.19,950383.62,784600.76,874079.33,740687.88,817619.15,699221.98,775326.12,677487.3,653455.43,644119.05",0
C11410,52,女,苏州,高管,8706191.42,1331219.59,797364.39,713977.31,910244.3,471454.44,12,322740.6,白金客户,6,存款|理财产品|基金|保险|信托|外汇,"5823222.44,6379658.37,6662125.6,7082254.11,7367733.52,7239485.71,7514992.5,8258396.84,9041294.74,9411631.07,8990397.57,9563377.59",1
C11411,47,男,北京,自由职业,1546149.19,410045.65,283860.82,216.11,99509.61,220102.21,10,55894.84,金卡客户,6,存款|理财产品|基金|保险|信托|国债,"1587108.71,1319874.84,1330042.48,1471855.5,1366372.72,1091578.29,1125815.83,1346298.75,1341051.06,1087699.67,1322103.27,1163382.85",0
C11412,29,男,苏州,专业人士,809766.64,102987.31,119465.31,59039.95,28289.2,0.0,3,65800.84,银卡客户,4,存款|理财产品|基金|保险,"675158.08,652231.67,614324.02,682731.63,601773.08,594659.27,658902.17,614256.27,567181.46,586070.25,575055.21,531392.03",0
C11413,33,女,深圳,高管,2219977.07,695026.96,208329.86,405055.9,253988.95,105457.15,4,183305.53,金卡客户,6,存款|理财产品|基金|保险|信托|国债,"1622914.28,1634854.16,1737152.02,1742410.31,1903935.93,2036658.79,1985338.59,2153993.59,2266891.04,2366731.78,2397143.13,2483353.07",0
C11414,36,男,广州,高管,18192230.29,6022125.89,2680126.78,2083999.49,426656.49,646078.28,1,883284.81,钻石客户,6,存款|理财产品|基金|保险|信托|外汇,"12236036.98,12173840.42,12070132.2,13558015.34,12494369.48,11612164.95,11765236.75,11978891.29,12404991.31,12447967.06,12238808.58,11951771.61",1
C11415,42,女,上海,专业人士,354573.18,140944.73,4570.37,40020.06,29164.36,0.0,6,26725.29,银卡客户,4,存款|理财产品|基金|保险,"253502.57,260458.04,263674.65,272927.74,273990.72,284083.49,286229.61,293805.2,298270.95,305495.63,306001.59,316470.73",0
C11416,18,男,南京,高管,3501257.24,523870.63,209692.95,58750.51,177455.92,57242.0,5,495787.77,金卡客户,5,存款|理财产品|基金|保险|信托,"2250643.64,2442348.16,2473240.32,2601385.15,2698412.02,2741912.83,3001803.81,2919107.93,2920066.12,3172364.22,3595633.34,3549549.15",0
C11417,49,女,广州,高管,4194253.55,644625.49,1175059.08,229716.79,43819.46,785609.83,12,139197.23,金卡客户,6,存款|理财产品|基金|保险|信托|国债,"3385351.68,3033029.6,3263088.65,2931682.98,3131640.22,2937509.13,3044100.76,2925520.2,2740300.44,2998612.21,2893392.27,2822110.64",0
C11418,35,男,深圳,专业人士,5655167.59,898053.36,1277074.49,17282.54,249006.27,160173.86,5,659966.16,白金客户,5,存款|理财产品|基金|保险|信托,"5212172.07,5129781.26,4933883.6,4990636.62,5240141.78,4856286.9,4676887.28,4713951.99,4719195.07,4531347.7,4418663.95,4665404.95",1
C11419,50,男,武汉,退休,7064128.91,2493573.93,431282.69,1100846.91,759366.51,206064.81,10,904122.16,白金客户,7,存款|理财产品|基金|保险|信托|贵金属|国债,"6232757.7,6115324.24,6604453.82,5946327.61,6183012.83,5816272.9,5988038.88,5986696.66,5434425.65,5482853.02,5529424.31,5393420.53",1
C11420,46,男,北京,专业人士,3244127.07,202814.79,741301.29,132017.08,289263.74,453783.0,29,379538.86,金卡客户,6,存款|理财产品|基金|保险|信托|贵金属,"2308289.11,2375269.61,2410162.77,2332963.16,2314846.15,2150038.32,2282618.43,2340184.1,2243482.61,2378836.41,2157557.23,2155341.66",0
C11421,34,女,上海,企业主,5986672.49,498324.26,1529817.97,162026.94,548720.32,799432.1,11,395236.72,白金客户,6,存款|理财产品|基金|保险|信托|外汇,"5439220.86,5175199.75,5285528.27,5104426.87,5720846.85,5475678.21,5414101.65,6595391.28,5772927.16,5716251.18,6603246.47,6565219.69",1
C11422,35,女,苏州,公务员,1943803.72,728826.57,206490.69,430730.27,229273.52,373887.36,3,264511.75,金卡客户,7,存款|理财产品|基金|保险|信托|外汇|国债,"1532119.66,1489680.5,1554958.43,1517494.82,1648058.15,1740791.32,1782575.99,1818754.86,1967628.67,1983070.56,2248080.34,2135896.02",0
C11423,18,女,上海,高管,1651267.2,617967.91,353857.01,370641.61,210161.1,232218.35,2,72630.11,金卡客户,6,存款|理财产品|基金|保险|信托|国债,"1392047.93,1436372.27,1496503.38,1525376.74,1520033.65,1582200.92,1593755.33,1685509.41,1744569.94,1714555.1,1779857.23,1850115.92",0
C11424,45,男,杭州,自由职业,4714659.08,1123577.73,1057623.46,645858.33,386169.16,268510.11,3,338122.64,金卡客户,6,存款|理财产品|基金|保险|信托|国债,"3702025.26,3650807.04,4113774.64,4039428.18,3895817.34,4061864.13,4113170.99,4353268.78,3927832.64,4257547.43,4448079.82,4085017.28",0
C11425,44,男,深圳,自由职业,2327124.48,756244.38,534587.06,336860.2,76908.71,161969.62,30,76723.05,金卡客户,7,存款|理财产品|基金|保险|信托|贵金属|外汇,"1501224.59,1525765.58,1545712.23,1310341.91,1740062.51,1482616.1,1634044.04,1225667.29,1491354.14,1368702.96,1448542.4,1563733.62",0
C11426,39,男,成都,白领,10902549.96,4307369.57,567542.15,941859.53,275164.99,1920713.19,23,1612831.01,钻石客户,7,存款|理财产品|基金|保险|信托|外汇|国债,"6711341.2,6896070.0,7254189.09,7464951.52,7827958.51,8247081.96,8528685.25,8888135.72,9153735.22,9575461.62,9728605.17,10125882.17",1
C11427,29,女,上海,专业人士,4792251.97,525430.0,548438.43,1063723.94,11001.4,908483.5,5,651008.54,金卡客户,5,存款|理财产品|基金|保险|信托,"3829587.82,3721959.35,3734229.24,3940334.56,3639607.06,4132260.92,3423381.06,3796030.38,3058775.83,3281102.54,3224097.29,3099488.79",0
C11428,49,男,深圳,退休,2174260.22,866759.8,426321.84,382390.75,102284.32,205049.14,12,126605.51,金卡客户,5,存款|理财产品|基金|保险|信托,"1689799.6,1712051.11,1636931.48,1648511.32,1705416.58,1723806.22,1630811.05,1593969.5,1603868.56,1556330.6,1565803.52,1604266.31",0
C11429,48,女,上海,高管,4812822.01,638915.22,1103471.99,465022.92,483256.47,616108.92,4,455599.37,金卡客户,7,存款|理财产品|基金|保险|信托|外汇|国债,"4074835.98,4116306.23,3776848.57,4555803.15,4564533.81,4302810.26,4411330.32,4268569.63,4031693.69,4023153.53,4293135.44,4373892.39",0
C11430,62,男,北京,退休,3537805.56,1073161.43,419088.02,342950.54,204032.07,108084.1,3,196056.23,金卡客户,6,存款|理财产品|基金|保险|信托|外汇,"3515802.4,3208286.72,3256189.25,3399541.87,3451611.63,3319801.08,3162868.41,3195648.15,2768345.26,2801318.6,2969494.79,2810175.51",0
C11431,50,女,武汉,退休,1564683.31,206516.97,243453.3,102200.76,128328.4,90190.46,3,15861.32,金卡客户,5,存款|理财产品|基金|保险|信托,"1020723.13,899597.21,872983.9,953051.36,971858.9,954377.74,971289.05,996000.43,790041.2,950392.43,835323.89,840733.62",0
C11432,28,男,北京,专业人士,148721.45,33387.82,33930.5,21173.25,8585.59,0.0,25,6649.26,普通客户,5,存款|理财产品|基金|保险|贵金属,"107537.31,102513.06,100417.87,95095.94,98751.11,92267.71,104180.77,92047.85,94625.68,103987.89,94773.13,91992.46",0
C11433,47,女,成都,自由职业,4427554.95,1284618.63,912469.18,1020692.68,260241.3,2911.07,4,440840.95,金卡客户,5,存款|理财产品|基金|保险|信托,"4021785.48,4311335.7,4528000.53,4606806.02,4829003.45,5105943.42,5153608.58,5421524.41,5557282.57,5776096.38,6083549.51,6314091.45",0
C11434,53,女,杭州,退休,2780964.83,965931.85,75236.81,116812.68,111083.55,497668.04,6,387499.67,金卡客户,5,存款|理财产品|基金|保险|信托,"2288495.51,2306757.61,2323225.44,2338444.33,2441115.07,2422673.08,2402277.58,2473631.27,2463844.21,2508389.45,2562376.51,2603558.79",0
C11435,18,男,南京,白领,94160.79,27954.2,15686.31,20490.32,6795.77,0.0,2,8512.69,普通客户,5,存款|理财产品|基金|保险|贵金属,"82675.82,84165.31,83889.32,85344.72,86725.68,87657.6,89526.32,90339.93,90520.44,89999.39,90585.08,92865.77",0
C11436,32,女,重庆,公务员,1005303.44,304024.31,150292.49,21459.02,124012.8,44086.89,9,107241.34,金卡客户,6,存款|理财产品|基金|保险|信托|国债,"691368.76,639586.31,722949.92,777322.66,643751.81,795390.62,761868.47,730168.41,886057.63,923162.88,967990.15,996274.35",0
C11437,58,女,北京,白领,3294837.76,889459.1,15807.33,493616.93,72295.24,93844.5,5,102353.55,金卡客户,7,存款|理财产品|基金|保险|信托|外汇|国债,"2409835.33,2379485.11,2202998.31,2246451.41,2028093.27,2012634.52,2046906.21,1937807.48,1995548.63,1950289.8,1889070.28,2015116.88",0
C11438,50,男,南京,公务员,4986271.46,1289100.2,1343829.7,813473.48,702110.12,863990.88,19,210508.61,金卡客户,5,存款|理财产品|基金|保险|信托,"3292930.14,3149966.72,3336032.09,3240702.29,3374725.86,3303998.68,3269590.25,3119325.31,3287490.0,3165215.31,3085649.49,3242087.74",0
C11439,26,女,深圳,专业人士,198383.17,25282.05,20905.82,29873.31,19294.48,0.0,4,10242.25,普通客户,4,存款|理财产品|基金|保险,"118666.08,130320.09,140203.94,133769.03,135365.98,147118.16,152169.56,146514.05,162493.69,159128.87,165767.7,175282.54",0
C11440,56,女,深圳,自由职业,2563821.9,192295.74,504580.39,72445.43,315281.5,406450.98,50,302959.24,金卡客户,5,存款|理财产品|基金|保险|信托,"2457736.64,2484130.2,2659186.7,2573857.33,2400668.93,2711824.12,2595496.15,2906996.36,2869689.6,3071332.48,3036404.76,2975597.48",0
C11441,55,女,北京,公务员,3362427.53,521234.61,729135.27,787580.31,357639.55,238941.07,1,316101.12,金卡客户,6,存款|理财产品|基金|保险|信托|国债,"2113485.61,2497746.63,2365836.19,2475611.1,2162127.0,2428657.72,2247644.51,2252894.15,2541932.77,2587400.99,2471674.61,2765941.44",0
C11442,39,男,深圳,专业人士,1629379.19,478653.85,477407.5,84231.82,59399.7,109918.76,48,96596.79,金卡客户,6,存款|理财产品|基金|保险|信托|贵金属,"1121679.88,1098624.64,1049267.94,1066738.9,1128897.29,1112144.32,1124636.07,1066054.01,966717.04,969883.7,1051036.64,1020432.28",0
C11443,27,女,深圳,企业主,4993534.02,1374567.38,597135.19,1228909.35,99380.72,738185.52,11,344167.52,金卡客户,5,存款|理财产品|基金|保险|信托,"4907898.17,5014914.22,5297099.19,5590380.92,5788662.44,6011721.95,6315372.18,6485454.96,6934301.18,7027559.96,7478580.48,7858982.19",0
C11444,46,男,武汉,公务员,1381063.95,427411.34,376541.97,125080.89,204959.13,41380.23,5,55004.92,金卡客户,7,存款|理财产品|基金|保险|信托|外汇|国债,"990456.0,1034987.84,1026386.92,1043416.94,1070516.1,1110474.98,1133462.91,1160251.29,1162591.89,1192559.93,1198009.87,1230220.49",0
C11445,28,男,武汉,退休,270533.04,63962.83,25059.53,3251.05,28720.47,0.0,40,39285.29,普通客户,4,存款|理财产品|基金|保险,"229987.54,215241.95,233654.78,249094.35,246663.82,238063.64,238159.29,278074.17,279156.13,315441.73,303724.25,323887.7",0
C11446,27,男,上海,企业主,2300178.9,535728.56,394063.86,265797.04,300010.11,17334.03,19,36217.77,金卡客户,6,存款|理财产品|基金|保险|信托|国债,"1636947.84,1755984.3,1666610.43,1725075.76,1950143.58,2083437.38,1970361.05,2148068.63,2005586.65,2129786.42,2193363.6,2386926.26",0
C11447,42,女,杭州,退休,2837100.18,467673.13,521146.39,595956.83,19362.49,344459.99,4,252468.11,金卡客户,5,存款|理财产品|基金|保险|信托,"2452647.8,2663340.67,2502310.71,2470438.5,2462515.87,2212946.31,2387199.36,2359554.55,2489244.12,2390158.37,2146251.97,2205077.6",0
C11448,60,男,武汉,高管,917960.35,95981.68,90854.78,135676.29,101461.68,0.0,2,102450.96,银卡客户,4,存款|理财产品|基金|保险,"849543.6,850962.18,912206.72,857440.75,815464.54,954102.12,847196.15,913027.36,820338.42,903267.39,821539.37,871632.62",0
C11449,35,男,南京,退休,1964517.92,761438.58,444869.37,147431.81,278209.37,306050.78,2,119879.99,金卡客户,6,存款|理财产品|基金|保险|信托|国债,"1841807.27,1814020.66,1776443.3,1728310.43,1864713.37,1793975.99,1704231.9,1760070.02,1658805.51,1781460.65,1855385.34,1768719.97",0
C11450,35,男,北京,高管,1531308.3,459023.51,364555.33,26708.3,62572.22,235890.07,1,99397.16,金卡客户,6,存款|理财产品|基金|保险|信托|外汇,"1091059.76,1072016.74,1296037.88,1240588.31,1172498.5,1434526.71,1417217.43,1534546.85,1525233.81,1744768.18,1758610.1,1974441.73",0
C11451,55,女,北京,企业主,2210216.19,174460.61,14704.3,422478.54,160812.26,372820.78,1,133756.12,金卡客户,5,存款|理财产品|基金|保险|信托,"1590450.1,1742241.6,1804736.46,1539089.75,1422406.44,1387839.11,1408607.61,1188139.65,1444531.65,1534146.38,1462402.23,1363165.7",0
C11452,31,女,苏州,企业主,2891780.17,1046256.57,550341.53,382971.46,94317.66,70203.33,24,307714.73,金卡客户,6,存款|理财产品|基金|保险|信托|贵金属,"2508927.06,2320637.58,2459734.87,2242337.14,2201598.1,2262195.6,2328829.71,2441879.06,2210403.64,2039536.23,2079591.43,2252705.51",0
C11453,63,男,北京,白领,2484627.03,279706.51,388588.53,432807.4,85749.23,373463.74,8,326808.91,金卡客户,5,存款|理财产品|基金|保险|信托,"1895311.61,1934071.91,1895004.87,1895459.71,1875146.57,1899891.95,1883328.06,1851262.51,1886440.86,1884878.89,1973329.57,1848298.58",0
C11454,32,男,广州,专业人士,2858244.02,416935.31,215653.19,253515.89,162588.28,278521.05,12,372982.2,金卡客户,6,存款|理财产品|基金|保险|信托|外汇,"2754641.9,2740163.76,2645890.39,2681250.38,2601505.75,2559613.02,2460072.2,2415648.78,2384500.84,2386075.52,2286816.53,2295025.54",0
C11455,66,男,北京,高管,1092146.77,331800.27,233118.12,94655.7,92232.21,22043.0,1,74408.63,金卡客户,6,存款|理财产品|基金|保险|信托|国债,"986796.3,1076673.91,1174795.13,1152275.41,1169205.01,1168106.41,1234054.06,1217673.59,1323867.15,1279901.55,1336498.22,1348461.24",0
C11456,39,男,广州,高管,2718014.37,802817.83,97374.04,325886.15,112003.82,205819.4,14,284670.74,金卡客户,5,存款|理财产品|基金|保险|信托,"2536452.23,3073746.76,3025609.42,3288923.83,3113095.23,3345129.51,3577050.58,3911286.69,3706349.99,4484644.43,4311709.06,4663045.42",0
C11457,44,女,深圳,白领,7616698.51,2351040.91,2136321.44,75804.98,985725.25,1206178.5,5,945273.89,白金客户,6,存款|理财产品|基金|保险|信托|外汇,"5235228.69,6177449.58,5735900.06,6177380.7,6461435.76,6516460.54,6815248.52,6588040.93,6708138.49,7022858.01,6846625.25,6741193.22",1
C11458,51,男,深圳,高管,1149452.87,157214.41,10067.98,205785.09,52885.13,160488.46,4,61708.22,金卡客户,5,存款|理财产品|基金|保险|信托,"933487.19,951402.31,1032481.69,1051356.13,1005077.22,1068250.44,1055310.01,1242412.42,1250290.01,1179653.85,1307091.95,1327584.64",0
C11459,34,女,杭州,退休,1045286.59,301522.38,112326.22,244511.82,29287.37,63159.52,7,84333.37,金卡客户,5,存款|理财产品|基金|保险|信托,"729350.17,778201.44,790009.2,787011.85,757888.41,850636.54,813770.24,900404.41,881875.96,1014352.57,1005836.74,1026275.45",0
C11460,38,男,北京,企业主,4055212.45,663457.45,135386.35,444179.06,222236.28,516085.8,50,62989.0,金卡客户,5,存款|理财产品|基金|保险|信托,"3944223.63,3747826.79,4199372.29,4206107.51,3781780.54,4676640.15,4214789.14,4730307.93,4708482.62,5149745.13,4722908.92,4932840.84",0
C11461,55,女,广州,企业主,477754.54,41840.55,19012.7,48266.07,37294.1,0.0,7,59904.28,银卡客户,4,存款|理财产品|基金|保险,"400132.43,417968.63,446005.3,423426.93,405113.87,446546.77,470636.99,478212.63,523486.97,480721.96,496845.53,504747.6",0
C11462,51,男,南京,白领,402580.23,79487.21,3089.04,2279.72,32174.62,0.0,10,28579.6,银卡客户,4,存款|理财产品|基金|保险,"362625.12,315724.68,331050.84,336468.23,298521.03,341940.2,334309.73,377825.48,360252.8,326681.34,328763.83,361047.5",0
C11463,49,女,深圳,退休,628462.01,194455.29,100498.27,62739.81,52756.73,0.0,6,27508.9,银卡客户,4,存款|理财产品|基金|保险,"564605.3,622672.15,608999.64,561770.48,674589.99,552423.85,634547.37,601143.86,585171.66,609819.35,663739.2,690565.05",0
C11464,60,男,武汉,专业人士,9323981.17,3073453.12,1699689.36,739138.77,498310.33,1364112.19,50,299901.8,白金客户,6,存款|理财产品|基金|保险|信托|外汇,"6216690.8,6238153.29,5932901.49,6350177.13,6205673.78,5958336.07,6081682.88,5515011.85,6433932.71,6792986.63,5992928.46,6177121.74",1
C11465,68,女,上海,公务员,5019375.4,931029.71,1040693.5,323804.3,626435.11,612177.32,15,594927.05,白金客户,6,存款|理财产品|基金|保险|信托|外汇,"3752891.57,3805432.47,3813204.58,3812721.68,3858717.94,3722775.44,3859611.2,4000084.8,3862569.49,3937334.85,3941401.12,3997490.3",1
C11466,49,女,武汉,高管,16924140.76,1723917.37,4414439.34,279035.92,2505737.52,1356052.42,7,1994201.93,钻石客户,6,存款|理财产品|基金|保险|信托|贵金属,"16386729.3,15454265.02,16277893.76,15393574.37,15511742.05,15909446.42,15418225.62,15010144.8,14785993.93,14634663.15,14647156.76,13985498.29",1
C11467,61,男,深圳,专业人士,22875415.15,1708086.38,4894368.43,3340376.05,172919.35,907813.9,27,875489.69,钻石客户,6,存款|理财产品|基金|保险|信托|贵金属,"21857612.04,19693617.43,20284238.77,21046627.11,20573692.94,23325295.96,22507873.05,21321393.9,22934751.18,23314206.58,23467199.36,23844673.4",1
C11468,43,男,南京,高管,8034032.34,825584.47,2371678.25,1948773.42,790528.72,1136337.75,12,556947.62,白金客户,8,存款|理财产品|基金|保险|信托|贵金属|外汇|国债,"6629070.13,6967812.37,6521752.28,7368348.9,6949085.13,6932228.32,6600327.11,6902992.97,6791722.4,5771136.55,6148743.56,6108257.87",1
C11469,33,女,上海,退休,1915572.68,562422.69,149873.62,710.34,82795.24,34530.43,6,77998.03,金卡客户,6,存款|理财产品|基金|保险|信托|外汇,"1375765.15,1357088.93,1384305.99,1488591.53,1506558.16,1519569.78,1553679.16,1695130.65,1625515.81,1793290.11,1756570.95,1763962.73",0
C11470,33,男,重庆,专业人士,1724474.15,603074.13,89131.21,201857.51,227180.37,16694.58,12,161261.93,金卡客户,5,存款|理财产品|基金|保险|信托,"1592741.2,1596457.29,1772640.45,1566552.54,1896560.34,1821156.76,1800114.86,1755346.24,1954056.74,2129379.35,2087926.51,2079023.89",0
C11471,42,女,武汉,自由职业,345790.63,133807.82,24733.98,63404.53,40710.97,0.0,6,24299.63,银卡客户,4,存款|理财产品|基金|保险,"312457.2,327470.49,369437.93,353388.45,377149.36,393056.65,419585.81,428868.55,446175.78,492215.99,483831.1,517193.62",0
C11472,25,女,上海,高管,2627072.11,548206.39,215641.55,486521.28,121182.22,378703.09,4,322773.59,金卡客户,6,存款|理财产品|基金|保险|信托|外汇,"1720608.57,1727636.68,1748663.19,1639311.41,1684639.96,1648146.36,1670449.62,1765439.49,1539526.47,1611187.5,1619689.75,1555670.11",0
C11473,50,男,上海,公务员,3673812.49,1363441.09,641674.59,162115.96,306923.33,581992.35,6,56296.75,金卡客户,6,存款|理财产品|基金|保险|信托|外汇,"2422421.84,2455301.38,2585439.23,2584599.4,2852164.61,3092605.12,3154932.06,3209566.38,3501159.63,3546018.89,3727712.75,3873772.64",0
C11474,40,男,重庆,自由职业,153590.88,19736.35,34683.03,3950.49,687.71,0.0,6,4864.16,普通客户,4,存款|理财产品|基金|保险,"99228.07,97956.97,95329.14,95135.16,94305.89,92246.75,90306.94,89141.92,88930.18,85603.94,84666.81,82497.66",0
C11475,45,女,成都,公务员,1301279.78,406435.14,235365.67,204978.53,12621.83,160873.32,9,103031.54,金卡客户,6,存款|理财产品|基金|保险|信托|国债,"939695.07,1043001.98,1016290.52,955449.84,1090167.05,1119559.28,1062098.87,1075556.19,1070691.82,1050925.13,1011922.23,1050296.38",0
C11476,44,女,苏州,高管,7513174.69,1200357.98,100175.26,219318.23,1117633.37,1442798.37,21,222907.56,白金客户,6,存款|理财产品|基金|保险|信托|外汇,"5616069.82,5693560.53,5730046.81,5814325.56,6177495.57,6218614.69,6343749.78,6533092.22,6568612.02,6896372.5,7009950.14,7095629.62",1
C11477,44,女,深圳,白领,2353907.28,941068.1,326304.57,409876.82,236498.41,243896.2,34,216439.52,金卡客户,5,存款|理财产品|基金|保险|信托,"2028486.38,1963497.35,1977362.64,1962575.31,1862739.91,1904323.02,1814677.52,1779683.43,1807970.15,1713977.18,1655607.9,1702848.88",0
C11478,43,男,成都,退休,9925440.13,2493469.95,2104371.0,1734412.55,129816.25,566787.2,9,555759.71,白金客户,6,存款|理财产品|基金|保险|信托|外汇,"7447635.77,7663046.53,7612467.96,8038297.19,8449074.79,8758465.14,9220031.76,8847238.61,10526548.52,10044751.94,10498189.26,10845882.66",1
C11479,48,男,上海,公务员,7451348.99,2923629.89,2104755.97,1159373.87,1094539.7,597184.87,4,619566.57,白金客户,7,存款|理财产品|基金|保险|信托|贵金属|国债,"6352079.62,6283448.65,6532006.24,7181051.6,7430414.14,7621691.74,7763512.28,8121316.24,8323923.3,8521310.91,9202255.99,9378905.22",1
C11480,64,男,广州,自由职业,6059239.8,1765457.57,850573.21,157922.6,223873.76,672481.72,11,310117.72,白金客户,7,存款|理财产品|基金|保险|信托|贵金属|外汇,"4822251.14,5047410.35,5630014.39,5955036.91,6299114.2,6399594.26,6250347.72,6898912.55,6769563.51,7688940.25,7972172.54,8104336.65",1
C11481,47,男,广州,企业主,3475186.15,796213.56,676473.88,315212.93,314286.75,566828.23,1,181313.64,金卡客户,6,存款|理财产品|基金|保险|信托|外汇,"2302202.16,2518361.16,2007709.66,2409097.16,2207317.07,2465969.8,2288194.79,2495705.64,2554259.34,2377454.87,2459461.51,2553161.07",0
C11482,20,男,成都,白领,2734160.32,984889.05,745470.48,588718.38,265961.72,245993.7,23,110781.64,金卡客户,5,存款|理财产品|基金|保险|信托,"2083932.03,2012343.61,2192981.11,2171282.69,2340225.81,2310442.48,2469082.39,2656697.43,2662228.65,2836312.06,2848580.31,2917524.3",0
C11483,47,男,杭州,高管,15734833.99,3817888.91,3831677.02,1474458.97,582943.91,2206717.86,30,313321.52,钻石客户,5,存款|理财产品|基金|保险|信托,"12928092.01,12220928.04,15551604.58,13516936.98,13936584.01,15166386.58,14067540.44,13773279.83,15773958.04,16170318.85,15493013.43,17223736.38",1
C11484,43,男,武汉,白领,7215057.13,1998040.62,273536.98,598763.33,21813.52,426337.45,28,663720.09,白金客户,7,存款|理财产品|基金|保险|信托|贵金属|外汇,"6527392.23,6594142.86,7388563.54,6770232.74,7871615.19,7763940.54,8687968.32,8196683.85,9626419.53,9732844.12,9684451.28,10029872.5",1
C11485,70,女,苏州,公务员,5980757.17,1205587.2,1488091.86,166647.03,431647.74,577277.63,12,633075.04,白金客户,7,存款|理财产品|基金|保险|信托|贵金属|外汇,"4644766.21,4243283.63,4737462.56,4202276.82,4569413.01,4389556.96,4077403.73,4009618.66,4209286.82,4704161.27,3901373.38,4546779.41",1
C11486,48,女,上海,高管,610255.17,199611.9,93457.3,58701.61,77239.07,0.0,3,12392.38,银卡客户,6,存款|理财产品|基金|保险|贵金属|外汇,"476146.82,477924.51,466279.72,460179.3,450432.53,447253.64,440489.3,436833.8,426900.02,426346.42,415590.94,412376.99",0
C11487,64,女,上海,专业人士,4572474.87,887455.64,607152.63,512524.71,420091.39,700616.65,6,270603.26,金卡客户,6,存款|理财产品|基金|保险|信托|外汇,"3621404.02,3897907.38,3957971.46,4232587.44,4769679.49,4221909.04,4973384.11,4946309.73,5583003.62,5788494.63,5548899.99,5868452.67",0
C11488,58,男,深圳,退休,8377704.25,2608694.72,1791451.66,1378362.03,1135736.8,1021892.89,7,802234.67,白金客户,6,存款|理财产品|基金|保险|信托|贵金属,"7360911.63,7833811.65,7562678.74,7539553.34,9134543.36,8837436.79,9210875.84,10127022.01,10054743.89,10514269.63,10857211.97,12039642.07",1
C11489,30,男,北京,专业人士,577579.17,181264.85,2142.86,5444.78,22148.25,0.0,1,77678.15,银卡客户,4,存款|理财产品|基金|保险,"492516.13,499709.74,470761.21,500908.25,544349.34,546583.07,571423.41,590920.37,610310.57,581351.35,620282.93,628033.36",0
C11490,43,男,成都,专业人士,3056666.19,559031.28,534113.16,474997.57,200512.09,310281.72,3,184605.56,金卡客户,5,存款|理财产品|基金|保险|信托,"2446249.34,2582613.71,2613433.37,2746319.8,2877969.15,2934031.71,3087180.33,3262838.14,3325009.18,3502226.33,3605458.3,3809880.55",0
C11491,20,男,杭州,高管,1021782.33,109492.53,130081.26,33478.83,20443.53,197803.13,2,71313.9,金卡客户,5,存款|理财产品|基金|保险|信托,"863959.08,867872.62,853745.02,951329.9,973188.06,888644.05,933566.22,943578.53,956323.71,910295.75,1001944.79,946032.29",0
C11492,51,女,上海,专业人士,2518924.06,506230.94,78744.84,254458.53,292767.42,426653.48,7,97891.13,金卡客户,5,存款|理财产品|基金|保险|信托,"2673947.08,2713420.31,2835161.39,3008343.91,2893012.12,2761469.33,2977077.76,3158036.89,3073216.63,3045384.08,3307825.12,3086741.06",0
C11493,47,男,苏州,白领,1162462.42,438242.01,128426.85,11616.9,111213.0,84312.85,24,36642.54,金卡客户,5,存款|理财产品|基金|保险|信托,"950744.27,963665.93,925486.91,935649.52,915661.95,873737.48,890372.49,879703.65,869301.9,832289.77,830331.23,823503.12",0
C11494,56,女,广州,自由职业,4192188.87,251523.37,1240939.35,257816.61,276959.3,740918.02,3,419366.56,金卡客户,6,存款|理财产品|基金|保险|信托|外汇,"3218395.6,3258508.65,3184611.49,3434023.2,3384298.19,3201290.45,3340904.39,3421532.49,3358502.44,2763434.32,3674581.3,3386516.9",0
C11495,61,男,上海,白领,104231.44,6030.64,27653.72,23048.12,7207.15,0.0,2,11267.78,普通客户,4,存款|理财产品|基金|保险,"89226.14,90760.92,90563.74,86414.91,96836.8,88184.27,90401.08,97288.49,104494.67,100693.47,103388.25,100791.52",0
C11496,34,女,南京,白领,6064753.68,2194125.88,725088.72,369478.65,494742.77,75868.1,16,512399.26,白金客户,7,存款|理财产品|基金|保险|信托|外汇|国债,"4100646.77,4099358.54,4562189.2,4886240.68,5007366.64,5139369.44,5477597.71,6263055.1,5724696.89,6235223.53,6440585.13,6944040.02",1
C11497,53,女,北京,自由职业,14101295.81,2397370.21,3888740.5,1771883.4,1436229.65,2685400.18,15,1949526.49,钻石客户,6,存款|理财产品|基金|保险|信托|外汇,"13499475.77,13893598.91,13752634.66,12690561.57,13110143.4,13723505.21,11488457.15,12665714.06,12661886.79,12866948.0,12201462.83,11940246.17",1
C11498,54,女,南京,企业主,6749221.68,1610744.8,1865272.43,751655.23,691542.8,635558.81,4,131043.03,白金客户,6,存款|理财产品|基金|保险|信托|国债,"5199181.41,5475357.4,5163381.72,5217217.15,5414147.74,5426790.31,5845016.02,5522201.18,6182106.06,6328253.86,6482647.96,5746117.34",1
C11499,33,男,上海,白领,1508827.02,139815.18,5796.75,153110.35,52635.49,97336.11,18,66137.6,金卡客户,5,存款|理财产品|基金|保险|信托,"1347409.86,1208718.78,1225580.98,1287011.04,1195092.61,1166641.57,1202502.66,1346300.01,1369871.63,1227242.64,1267945.77,1162400.93",0
C11500,18,女,北京,企业主,1087094.42,331922.84,37979.09,172724.86,43946.65,141686.38,2,48505.71,金卡客户,6,存款|理财产品|基金|保险|信托|外汇,"1059165.91,1097507.14,1151028.5,1240541.01,1231127.99,1234457.18,1276499.0,1193744.36,1499448.74,1384170.13,1426541.67,1414506.8",0
C11501,18,女,北京,高管,5770409.85,1389515.76,1439578.42,374634.93,107119.36,1094484.95,5,626987.41,白金客户,6,存款|理财产品|基金|保险|信托|贵金属,"5197756.37,5741999.25,5009953.66,5678969.41,4994968.22,5204807.36,5290229.79,5768477.78,5372622.94,5315413.26,5150717.4,5472676.85",1
C11502,37,女,广州,高管,4330725.42,518838.46,312169.98,112183.39,625490.08,214490.22,1,354545.89,金卡客户,5,存款|理财产品|基金|保险|信托,"2851609.47,2786492.35,2870341.93,3076529.01,3361688.92,3463655.74,3549274.38,3847335.8,3988003.91,4115478.2,4064177.96,4474687.07",0
C11503,41,男,上海,企业主,1846886.94,690301.92,370906.04,47711.83,94643.04,356261.5,5,53711.48,金卡客户,5,存款|理财产品|基金|保险|信托,"1410398.14,1196465.09,1279781.26,1178934.24,1284443.35,1039035.8,1255251.01,1232161.87,1081113.2,1139096.48,1044696.85,1129823.44",0
C11504,57,女,广州,白领,769536.35,291469.99,125879.13,130376.13,31371.64,0.0,17,57022.61,银卡客户,4,存款|理财产品|基金|保险,"491999.04,486421.29,495427.78,486384.19,461339.56,567344.64,560157.92,575418.43,509451.16,601057.54,627928.16,608004.97",0
C11505,69,男,重庆,高管,1645386.7,598080.49,4793.27,402987.15,7324.24,3740.83,12,213996.38,金卡客户,6,存款|理财产品|基金|保险|信托|外汇,"1249534.46,1396503.23,1449846.66,1452811.49,1442533.12,1369415.62,1289677.34,1361868.27,1265390.32,1370112.58,1306900.21,1242344.8",0
C11506,33,女,杭州,企业主,22523841.2,7605366.87,5255107.37,3148570.53,746116.12,3981746.76,5,2205802.32,钻石客户,6,存款|理财产品|基金|保险|信托|国债,"17647587.68,21221607.74,22587927.79,20688708.01,21986116.31,25307826.29,21830403.11,24916432.01,26111540.21,26682657.65,29734060.84,29463342.39",1
C11507,39,女,北京,退休,10776418.99,3776327.14,2506690.24,823613.62,819432.8,1597664.41,5,337973.13,钻石客户,5,存款|理财产品|基金|保险|信托,"7299046.96,7276102.86,7179684.51,7101392.07,7201392.92,7463550.2,7058915.07,7223674.74,7018036.57,7147251.01,7202125.37,7390095.97",1
C11508,37,男,北京,专业人士,1903116.98,728911.36,88076.65,259495.29,53273.19,298172.42,1,249829.36,金卡客户,6,存款|理财产品|基金|保险|信托|国债,"1518616.57,1604688.44,1752914.34,1813305.23,1872674.91,1928686.24,1938573.2,1993451.71,2082497.9,2350223.11,2476127.56,2656730.65",0
C11509,53,男,重庆,高管,1174581.98,175544.72,173687.84,247671.19,89654.05,42085.41,16,174997.72,金卡客户,5,存款|理财产品|基金|保险|信托,"949096.09,1013017.83,974108.06,886312.88,830469.79,907920.94,851352.95,862135.81,778401.94,907234.29,831660.46,828845.47",0
C11510,32,男,成都,白领,1465951.76,305708.98,230526.39,99219.29,161926.23,105863.2,6,28043.33,金卡客户,5,存款|理财产品|基金|保险|信托,"1068011.43,1200951.15,1156893.59,1224588.91,1042867.6,1212980.08,1241881.65,1299490.27,1322641.07,1434720.79,1266831.5,1457657.83",0
C11511,75,男,北京,白领,2645633.77,942086.75,122964.06,594045.34,249153.15,333501.61,5,342279.35,金卡客户,5,存款|理财产品|基金|保险|信托,"2415144.72,2461523.22,2525778.37,2540679.1,2640118.88,2726915.29,2786095.52,2849072.38,2996492.84,3030298.57,3195005.32,3203708.83",0
C11512,60,女,北京,公务员,1235652.83,419543.64,271962.99,279662.57,42197.76,241489.11,6,98103.63,金卡客户,6,存款|理财产品|基金|保险|信托|贵金属,"1194115.81,1286150.64,1240704.94,1299218.99,1372522.59,1332077.27,1399369.62,1439195.14,1444751.55,1472825.06,1554626.83,1626969.67",0
C11513,43,男,成都,企业主,4625024.09,613629.41,420397.21,528809.18,518290.08,16541.3,11,301220.32,金卡客户,7,存款|理财产品|基金|保险|信托|外汇|国债,"3512844.54,3724042.79,4058793.4,3962886.83,4114148.49,4051027.85,4158116.44,4366704.41,4611757.27,4738644.52,4644332.33,4694219.42",0
C11514,26,男,成都,退休,5196616.94,1011519.76,542361.58,1010417.1,576044.2,723606.11,26,748720.82,白金客户,5,存款|理财产品|基金|保险|信托,"4230559.22,4752749.83,5056157.36,4943812.32,4921220.61,5350633.24,5418578.91,5667564.3,6501912.5,6482168.01,6731909.48,7134873.3",1
C11515,54,男,杭州,高管,3578940.7,837082.86,204551.2,614407.16,276535.15,105796.68,11,69483.34,金卡客户,7,存款|理财产品|基金|保险|信托|贵金属|外汇,"3371573.59,3171103.29,3243303.58,3188201.84,3074539.73,3068869.27,2988468.64,2924778.27,2978877.66,2954699.86,2875312.12,2769790.08",0
C11516,35,男,深圳,公务员,1311102.29,463964.36,105316.67,205479.93,155014.12,70577.4,17,146396.47,金卡客户,5,存款|理财产品|基金|保险|信托,"1057593.57,1124019.65,1171819.95,1128004.42,946235.42,1151631.12,1116205.95,1083743.62,1154359.72,972248.66,940331.07,1048446.67",0
C11517,33,男,南京,专业人士,1505411.54,191475.52,261505.5,96472.8,77441.36,15877.27,6,203093.98,金卡客户,6,存款|理财产品|基金|保险|信托|贵金属,"1408856.72,1469239.54,1394792.86,1399794.46,1444842.09,1486489.96,1429034.08,1494149.82,1524827.05,1550778.52,1562636.11,1544530.26",0
C11518,50,男,深圳,高管,6044154.19,1130803.27,1175831.97,511352.34,511830.45,567107.24,14,385204.92,白金客户,5,存款|理财产品|基金|保险|信托,"3826548.63,4052420.24,3880672.55,4074327.94,3919352.66,3902862.07,4301820.91,3761972.58,3824987.52,3722903.82,3862628.74,3677464.27",1
C11519,40,男,成都,自由职业,14141250.78,1861622.14,3526164.67,1208095.21,984045.37,2521078.57,4,1736596.41,钻石客户,7,存款|理财产品|基金|保险|信托|外汇|国债,"14228998.59,14200585.53,15093780.06,14762363.28,16239424.25,14914613.95,13942900.57,16325349.76,15933180.88,15991683.61,14228760.43,17444310.6",1
C11520,60,女,北京,企业主,3483918.57,774665.89,456105.14,475382.14,357265.43,254872.15,4,39234.29,金卡客户,5,存款|理财产品|基金|保险|信托,"2384585.43,2666273.31,2510660.08,2716855.05,2664832.59,2896888.73,3127217.25,2878028.66,3164398.8,3046081.09,3004673.82,3461296.02",0
C11521,48,女,南京,公务员,1363329.56,198621.65,255404.5,278871.4,105969.3,12498.86,1,192999.49,金卡客户,5,存款|理财产品|基金|保险|信托,"946129.28,1088291.7,1184814.21,1037195.41,959024.14,949554.86,908617.32,879845.79,926141.84,956182.13,1015892.79,717549.26",0
C11522,18,女,南京,专业人士,11217120.3,4236202.9,2867087.96,2676779.92,161903.32,2143109.11,50,445470.5,钻石客户,7,存款|理财产品|基金|保险|信托|贵金属|外汇,"8015374.14,7691983.23,8535562.85,7787912.49,8144661.95,7460327.89,6425743.08,6327905.56,7335558.21,6190649.18,5771911.52,6013451.85",1
C11523,49,女,广州,白领,954230.89,292210.34,182006.97,184297.01,124357.36,0.0,13,51152.99,银卡客户,4,存款|理财产品|基金|保险,"794305.54,836050.33,682441.8,804896.26,839399.1,856978.91,869461.43,866312.57,824275.82,864904.11,936002.11,914871.65",0
C11524,34,男,南京,企业主,16611480.52,2825427.46,4255876.1,3286145.0,827493.24,2873111.63,8,536437.54,钻石客户,6,存款|理财产品|基金|保险|信托|外汇,"10587889.03,10357486.27,10607260.27,11228731.03,11125215.45,11212630.66,10952065.52,12202059.49,10878110.54,11293129.67,11631761.79,12169640.33",1
C11525,45,女,重庆,退休,2540987.28,889090.2,360114.83,105241.57,142243.27,502295.94,2,381062.43,金卡客户,6,存款|理财产品|基金|保险|信托|国债,"1790004.89,1811046.82,1822632.15,1836953.25,1860183.14,1850369.21,1882788.83,1869579.38,1923577.68,1935018.29,1896318.34,1900244.11",0
C11526,59,男,武汉,企业主,6987894.58,884803.31,1919401.31,310957.65,606512.83,230297.48,1,110338.9,白金客户,6,存款|理财产品|基金|保险|信托|国债,"5620204.55,5725065.44,6074171.33,5877819.72,6173808.79,6276338.3,5814607.78,6066085.74,6110306.74,6563197.94,6059597.14,6076761.53",1
C11527,29,男,广州,白领,9010034.65,2470020.8,976054.84,973626.1,950949.75,963632.96,4,1185428.84,白金客户,5,存款|理财产品|基金|保险|信托,"7313466.2,7032192.12,6652209.4,7141175.96,6760262.46,6366651.27,6526774.92,6509268.47,6387829.46,6940030.51,6147770.94,6737590.0",1
C11528,33,女,深圳,白领,3702327.11,1163184.94,624974.83,594666.48,118582.54,438873.53,1,249700.51,金卡客户,5,存款|理财产品|基金|保险|信托,"2994612.74,3040058.81,2948865.78,2887084.07,2810255.96,2800221.14,2725883.01,2693185.5,2607125.73,2541090.18,2544823.48,2498378.99",0
C11529,36,女,上海,白领,176640.86,49909.99,10173.28,20178.19,14554.46,0.0,14,13109.82,普通客户,4,存款|理财产品|基金|保险,"128073.85,167808.1,158353.55,175841.14,214691.65,205135.7,192425.05,219290.97,187661.84,225771.92,235381.07,247241.23",0
C11530,37,男,杭州,企业主,7129512.21,574648.54,2050821.07,1339035.27,663844.7,292105.29,3,606413.12,白金客户,7,存款|理财产品|基金|保险|信托|外汇|国债,"4782693.86,5137416.12,5817852.62,5485382.8,5400856.9,5611184.86,5614687.45,5700209.46,5749370.29,6839965.05,6369786.32,6938682.09",1
C11531,40,女,深圳,企业主,19921363.78,6837243.11,4045544.01,4916823.87,2464406.26,802832.81,9,1451481.89,钻石客户,7,存款|理财产品|基金|保险|信托|贵金属|外汇,"19382770.68,19384699.65,20767604.74,21618856.77,23429133.6,24565707.69,25471419.95,27261504.79,28839253.78,29555059.33,31145599.71,31952707.76",1
C11532,34,女,上海,退休,7075850.64,2088829.11,1517130.76,1738775.55,193176.73,680411.86,8,938926.2,白金客户,5,存款|理财产品|基金|保险|信托,"6811234.34,6700851.98,7157037.45,7483364.98,7573896.34,8135459.93,8534992.56,8939032.09,8906430.46,9704988.67,9575286.34,10179252.45",1
C11533,75,男,杭州,专业人士,681484.24,267549.72,148419.07,47760.84,93786.73,0.0,5,97269.75,银卡客户,4,存款|理财产品|基金|保险,"495214.67,573657.98,592186.02,615712.92,511187.53,608813.57,581611.72,547530.82,628146.3,550612.39,567925.23,636645.77",0
C11534,35,女,北京,专业人士,3479466.18,1365557.88,126221.51,519679.18,36850.36,465831.78,2,199346.81,金卡客户,6,存款|理财产品|基金|保险|信托|贵金属,"3201771.66,3288055.74,3223659.57,3034530.47,3221794.47,3072622.56,3078839.63,3210827.48,3093372.32,2962473.22,2787931.97,2752903.68",0
C11535,62,男,北京,自由职业,3321626.52,191400.83,622116.5,149995.13,329696.78,412649.31,15,429385.17,金卡客户,6,存款|理财产品|基金|保险|信托|外汇,"3372002.82,3223823.81,3304787.34,3357245.47,3364961.04,3375510.96,3399814.39,3468123.55,3511110.15,3623185.39,3681678.64,3735031.92",0
C11536,39,男,成都,公务员,7937955.5,1023474.96,232642.7,865422.3,774983.85,992863.3,6,436822.04,白金客户,6,存款|理财产品|基金|保险|信托|国债,"6612675.19,6680521.96,6379133.37,6446506.79,6523518.46,6376417.08,6608446.96,6435955.43,6478483.49,6493230.88,6456858.79,6802655.6",1
C11537,52,女,武汉,高管,3125163.45,887026.59,566282.24,98409.55,449961.47,350996.13,16,236565.37,金卡客户,6,存款|理财产品|基金|保险|信托|外汇,"2814420.75,2961616.31,2914126.17,2818293.46,3049075.49,3045449.68,2969547.81,3344702.71,3210504.09,3115003.54,3203311.79,3492743.44",0
C11538,60,男,南京,企业主,4274693.43,262560.82,809846.54,1040206.09,494606.98,217504.32,8,44679.28,金卡客户,5,存款|理财产品|基金|保险|信托,"3092951.32,3289026.72,3206616.61,3533930.73,3592097.09,3679128.83,3819267.97,3849301.19,4117969.57,4125255.29,4349808.64,4496476.73",0
C11539,56,女,苏州,自由职业,3957223.18,1106352.65,152537.82,878876.46,278206.19,120849.08,7,478028.78,金卡客户,5,存款|理财产品|基金|保险|信托,"2752382.94,2897032.01,2806654.97,2806181.96,2716926.48,2881958.62,2884941.88,2586623.57,2765647.1,2728557.22,2871256.76,2917536.24",0
C11540,55,男,成都,专业人士,1639971.92,513724.96,182817.85,102031.54,149492.77,244467.48,44,113292.98,金卡客户,5,存款|理财产品|基金|保险|信托,"1604880.67,1852028.18,1779295.8,1728310.91,1876183.84,1826442.09,1981288.03,2189378.97,2103298.91,2098606.91,2172443.25,2387206.81",0
C11541,32,男,广州,公务员,379155.9,47143.08,29202.8,43546.22,28118.2,0.0,8,50052.97,银卡客户,4,存款|理财产品|基金|保险,"358936.65,388674.6,395543.4,407257.55,435889.75,419290.69,434826.75,467848.54,460682.24,492468.7,485433.77,463312.89",0
C11542,53,女,上海,白领,395735.6,112866.44,62397.63,32197.26,51808.19,0.0,1,39491.22,银卡客户,4,存款|理财产品|基金|保险,"302165.24,302103.09,307759.06,287970.05,302567.49,309918.54,293079.23,290387.09,304803.4,304189.91,287714.51,304197.93",0
C11543,51,女,武汉,专业人士,1747264.88,562933.34,464722.45,109177.56,62546.41,151182.06,35,30078.71,金卡客户,5,存款|理财产品|基金|保险|信托,"1378370.42,1440989.25,1462530.29,1479839.01,1480998.05,1532248.64,1569615.35,1619605.62,1605547.91,1679355.71,1708622.74,1721808.3",0
C11544,64,女,成都,企业主,318277.8,23319.64,45847.37,71779.5,18579.92,0.0,3,41337.03,银卡客户,4,存款|理财产品|基金|保险,"259635.44,258937.05,255940.46,257289.72,260229.09,259334.68,255424.02,260453.16,265962.48,267027.28,270471.4,271140.17",0
C11545,31,男,上海,企业主,1588508.71,84876.01,73905.37,370270.24,189563.53,75029.58,5,175626.92,金卡客户,6,存款|理财产品|基金|保险|信托|外汇,"1717828.7,1653379.15,1798026.23,1690257.33,1873376.36,1930527.89,1835782.3,1841497.67,1919062.02,2071457.28,1984132.06,2118070.46",0
C11546,62,女,重庆,企业主,5961926.88,2196285.24,1509174.33,686185.24,384590.87,659150.25,1,396610.31,白金客户,6,存款|理财产品|基金|保险|信托|外汇,"4373194.55,4004396.65,4350782.58,4316713.41,4606831.91,4387760.12,4637733.39,4659744.52,5038638.94,4915243.0,5038807.48,5317310.39",1
C11547,69,男,北京,退休,5607554.93,1219057.34,1138104.55,1028503.6,515659.0,395014.4,12,159621.11,白金客户,6,存款|理财产品|基金|保险|信托|国债,"4386883.0,4424368.75,4344561.6,4432050.85,4519715.92,4664757.34,4650705.42,4731248.69,4763390.4,4613268.9,4952528.66,4954184.78",1
C11548,45,男,南京,专业人士,1273219.88,395084.29,230034.0,251356.64,188002.49,231365.95,18,40020.58,金卡客户,6,存款|理财产品|基金|保险|信托|贵金属,"1138951.65,1124601.24,1092102.27,1183831.72,1070997.75,1106925.53,1137414.16,1231271.51,1103646.53,1113609.55,1054589.78,1079491.83",0
C11549,51,女,武汉,公务员,10020027.7,2542887.83,2585513.6,501301.08,1027624.94,214494.32,50,744317.28,钻石客户,7,存款|理财产品|基金|保险|信托|外汇|国债,"6293875.4,6059041.73,6801935.3,6555767.54,6528040.75,6175494.16,7106875.41,6343917.36,6564323.09,6742911.66,6969801.01,6730222.39",1
C11550,66,男,南京,高管,4416313.61,1436641.68,119426.3,202389.43,306639.63,563024.11,30,485874.59,金卡客户,6,存款|理财产品|基金|保险|信托|国债,"3155688.37,3099696.98,3183251.89,2745711.96,3102878.8,3129437.06,3212709.88,3133779.12,3344137.58,3428593.94,3229412.72,3471086.46",0
C11551,41,女,武汉,企业主,8690760.45,2215509.61,285255.96,874920.9,1149871.55,1057400.49,5,925969.11,白金客户,6,存款|理财产品|基金|保险|信托|贵金属,"5497128.77,5417018.03,5265416.06,5172125.7,5153696.48,5062491.63,4992406.44,4828538.83,4843528.79,4687916.4,4631519.93,4325137.41",1
C11552,45,男,广州,白领,6180849.43,1157547.53,1090899.23,691320.81,490213.86,1022346.24,1,555317.55,白金客户,5,存款|理财产品|基金|保险|信托,"5869124.38,6211954.44,5942551.14,6572989.93,6736701.12,6137806.4,6966055.92,6186483.96,6051359.19,6962890.57,6970560.7,6064369.72",1
C11553,33,男,南京,自由职业,48988263.34,11943323.92,9049675.23,6164576.29,2158963.57,937678.33,8,1919023.0,钻石客户,8,存款|理财产品|基金|保险|信托|贵金属|外汇|国债,"35697682.11,36161183.58,38046019.23,39167937.01,37479199.35,37915188.43,40115723.28,42445406.64,40717709.4,40362938.13,41427225.97,36426522.03",1
C11554,41,男,广州,专业人士,510603.95,76122.31,148559.14,4907.73,38054.92,0.0,32,59044.4,银卡客户,4,存款|理财产品|基金|保险,"505953.72,435436.32,486487.54,471772.26,470989.28,528474.84,470753.63,537887.45,500417.05,548962.1,583836.95,555539.79",0
C11555,27,女,苏州,自由职业,608528.37,238072.63,59122.0,20972.91,25749.35,0.0,1,88210.36,银卡客户,5,存款|理财产品|基金|保险|国债,"536731.99,570472.62,547133.3,533243.65,520307.64,534115.3,498024.64,510446.52,495385.91,484775.3,478004.48,492325.09",0
C11556,18,男,重庆,公务员,11699585.99,615590.74,2807369.39,1806759.29,1281794.95,2108469.45,7,1103828.99,钻石客户,6,存款|理财产品|基金|保险|信托|贵金属,"9911282.99,11076052.73,11447265.54,11628719.91,12426929.97,12233281.33,12967677.55,13471497.63,14273763.72,14155931.92,15038078.88,15370146.18",1
C11557,46,女,重庆,高管,48686624.24,15332495.26,14507297.76,4270312.05,910190.0,5584080.43,33,5694330.82,钻石客户,8,存款|理财产品|基金|保险|信托|贵金属|外汇|国债,"46408237.63,42667677.05,40728325.08,48069775.9,44407434.23,40199956.21,42812097.27,42235191.21,40819322.12,42392173.52,38538483.87,43903771.72",1
C11558,44,男,广州,公务员,345100.92,71238.02,47684.52,75837.92,26156.45,0.0,18,17129.83,银卡客户,4,存款|理财产品|基金|保险,"248413.69,258536.78,271509.87,274444.15,290259.62,299378.5,301060.7,326967.64,330637.62,342295.38,357099.09,367087.25",0
C11559,50,男,北京,公务员,1455001.04,386703.91,150646.54,172571.69,212462.95,147848.88,2,199982.42,金卡客户,7,存款|理财产品|基金|保险|信托|贵金属|外汇,"1015249.23,938405.36,1019352.65,1046144.13,1107081.86,1065861.12,1192040.5,1142095.86,1210145.07,1209365.34,1272433.48,1293718.27",0
C11560,30,女,深圳,企业主,8334819.52,2952377.87,2473668.33,768722.69,68605.65,217018.32,13,415921.5,白金客户,5,存款|理财产品|基金|保险|信托,"8043199.11,8609707.26,6727363.37,7033005.66,8544555.57,6763777.92,7437610.42,7314266.36,7574853.62,7682091.06,7461640.79,7914049.4",1
C11561,66,男,深圳,白领,4269945.52,1268960.45,1266060.48,183860.96,85253.32,251748.19,50,583070.38,金卡客户,6,存款|理财产品|基金|保险|信托|国债,"3450876.25,3146863.22,3459818.37,3177729.56,3492987.7,3402156.06,3255857.85,2945892.96,3031561.53,2961505.57,2943965.42,3221241.19",0
C11562,42,女,上海,专业人士,1059139.75,115933.7,86310.58,152186.02,153247.27,128726.84,1,14183.6,金卡客户,6,存款|理财产品|基金|保险|信托|贵金属,"617356.35,642021.16,682163.09,662386.96,677280.4,636562.12,631093.32,637950.97,661336.11,672852.97,643415.91,617808.98",0
C11563,59,女,武汉,公务员,3404644.07,1319629.81,519927.26,81831.69,357835.97,182911.63,7,353151.78,金卡客户,5,存款|理财产品|基金|保险|信托,"3301139.43,3356620.21,3292077.44,3218689.49,3273778.19,3202886.57,3082203.55,2978105.75,3062259.24,3093131.34,3023573.83,3039703.43",0
C11564,36,男,北京,自由职业,1882266.83,307043.35,395620.2,279664.67,161404.68,218057.44,14,261049.46,金卡客户,6,存款|理财产品|基金|保险|信托|国债,"1176387.19,1269285.55,1092937.46,1220635.22,1405445.71,1266633.87,1345354.09,1281670.61,1346815.3,1457299.89,1444829.89,1332548.33",0
C11565,33,女,南京,自由职业,14268244.31,2621900.57,732100.67,1533249.23,896279.4,1200283.21,9,1531823.11,钻石客户,6,存款|理财产品|基金|保险|信托|贵金属,"11504001.52,11543990.72,12201316.05,11901132.42,12548003.18,12619537.59,13251853.16,13087212.48,12975737.55,13851790.35,13831501.07,13407959.7",1
C11566,47,男,成都,白领,1282900.79,209908.44,365112.03,249832.9,95589.0,235686.63,11,40302.51,金卡客户,5,存款|理财产品|基金|保险|信托,"1059167.41,1097786.5,1147385.1,1206869.97,1266463.32,1335419.09,1396393.57,1450269.54,1491154.45,1568184.48,1670809.62,1729849.73",0
C11567,60,男,上海,公务员,1289368.07,104994.96,75991.52,175504.75,34359.6,16492.21,17,141928.46,金卡客户,5,存款|理财产品|基金|保险|信托,"965949.13,983811.57,1020797.74,1121531.19,1089538.64,1127003.28,1263502.93,1137255.57,1258906.2,1277285.9,1308182.3,1315030.41",0
C11568,35,女,南京,公务员,1309387.37,234607.58,325153.13,29717.81,28839.25,237405.03,12,127477.54,金卡客户,5,存款|理财产品|基金|保险|信托,"939199.91,929927.42,936870.21,944997.68,951337.85,955040.88,950419.98,951487.79,983727.27,998304.54,987162.09,980168.73",0
C11569,59,女,成都,专业人士,9446924.29,1676580.54,42271.32,825037.54,165532.22,294003.19,13,578462.82,白金客户,6,存款|理财产品|基金|保险|信托|贵金属,"7561714.12,7650228.04,7218584.78,6991168.87,7184350.25,6889326.58,6951749.74,6846949.73,6488221.41,6575527.89,6159901.47,6036597.62",1
C11570,61,女,深圳,公务员,247579.66,81168.18,21514.76,42647.78,3929.28,0.0,10,5344.02,普通客户,4,存款|理财产品|基金|保险,"195045.27,194669.49,239026.74,227024.29,247694.15,262168.2,254944.74,272290.27,315215.36,311595.84,297575.91,339937.43",0
C11571,44,男,杭州,企业主,15847028.07,5131084.42,2759352.12,3551156.48,349116.27,1425554.38,7,1483038.62,钻石客户,7,存款|理财产品|基金|保险|信托|外汇|国债,"15643744.53,14517110.63,15057266.46,15244812.08,14122788.25,14381356.14,13431457.9,14076269.44,13621758.48,13113079.33,12919978.99,12332178.72",1
C11572,60,男,苏州,自由职业,607820.87,220864.14,11608.94,26790.99,15441.85,0.0,9,54268.57,银卡客户,4,存款|理财产品|基金|保险,"467581.63,460421.49,430423.77,437135.2,479246.82,415993.74,491135.51,491357.79,471850.46,492512.5,503366.92,511816.53",0
C11573,55,女,深圳,高管,5217467.41,1191186.31,1088735.14,250567.29,277206.37,433641.74,3,188419.77,白金客户,6,存款|理财产品|基金|保险|信托|国债,"4940251.2,4625353.78,4897297.91,4998970.19,5312074.44,4984610.98,4942296.8,5489174.89,5428581.82,5199970.65,5690834.14,6036595.85",1
C11574,34,女,苏州,自由职业,723100.62,167672.83,192321.51,5324.05,93404.94,0.0,33,7796.19,银卡客户,4,存款|理财产品|基金|保险,"531660.04,539870.56,485230.71,515272.97,515686.82,496439.9,509060.13,512581.92,536371.87,484324.13,510974.79,512188.18",0
C11575,44,男,北京,自由职业,787151.6,139606.2,119903.59,138270.6,99420.38,0.0,13,16980.35,银卡客户,4,存款|理财产品|基金|保险,"611279.35,637827.55,645141.47,647507.96,662962.04,663465.5,675810.39,673681.11,715502.37,684158.51,712630.97,699155.18",0
C11576,32,女,上海,专业人士,853379.24,93324.81,72679.17,62532.79,41829.2,0.0,27,69545.08,银卡客户,4,存款|理财产品|基金|保险,"690475.74,709213.08,772199.11,759381.76,827746.71,824822.45,928529.09,907425.67,905842.82,999513.61,1065271.53,1138343.72",0
C11577,30,女,上海,高管,595408.58,96120.17,153854.96,5480.65,74420.08,0.0,10,57716.73,银卡客户,5,存款|理财产品|基金|保险|贵金属,"546080.18,598995.71,591763.09,623328.59,641800.48,704340.54,742595.73,748648.8,791369.71,824134.18,858546.39,871310.43",0
C11578,35,女,南京,自由职业,5319171.55,1213195.57,1353566.03,60263.57,335540.88,467575.32,1,774017.19,白金客户,6,存款|理财产品|基金|保险|信托|贵金属,"4321974.84,4244411.88,4244147.95,4424735.01,4503090.59,4517495.49,4583555.22,4701066.29,4857509.77,4940685.82,5134846.17,5121408.54",1
C11579,31,男,南京,自由职业,1604013.72,213757.85,244968.05,181263.75,174885.51,235030.11,5,144658.98,金卡客户,5,存款|理财产品|基金|保险|信托,"950616.38,950623.83,963386.79,951015.36,932596.08,949400.77,950221.17,950397.01,937962.75,919149.9,930356.49,920786.69",0
C11580,31,女,重庆,退休,637636.19,249932.39,42639.17,131652.68,88688.53,0.0,12,24421.89,银卡客户,5,存款|理财产品|基金|保险|国债,"514968.08,505680.94,545874.32,541068.63,555053.18,565533.44,572302.45,570343.15,582374.07,589368.94,618219.32,609582.96",0
C11581,35,男,南京,自由职业,1776549.99,252913.91,507509.8,404308.03,30817.97,322769.66,7,257660.26,金卡客户,5,存款|理财产品|基金|保险|信托,"1331252.29,1201686.47,1241412.62,1158215.59,1269794.77,1319379.18,1207822.71,1186210.66,1294881.94,1229750.04,1300287.37,1185866.25",0
C11582,48,女,上海,自由职业,13951337.61,1906881.77,2225145.89,1590127.32,780333.06,2686287.28,18,1710009.87,钻石客户,6,存款|理财产品|基金|保险|信托|贵金属,"12591273.75,14723625.58,13687480.87,14613877.68,14612310.88,16456811.13,16599978.74,16519925.53,17121369.67,17264108.93,16800145.03,18761688.42",1
C11583,75,男,苏州,专业人士,560047.93,82987.38,155921.82,38300.27,45125.11,0.0,26,22454.4,银卡客户,4,存款|理财产品|基金|保险,"522401.27,541126.71,486174.73,513829.66,621302.65,652069.39,692666.07,733345.05,690687.25,779997.49,812220.08,868994.32",0
C11584,69,女,广州,白领,993761.35,159089.23,252113.22,108636.29,66969.44,0.0,7,47034.97,银卡客户,4,存款|理财产品|基金|保险,"883735.58,885995.5,914577.9,931427.6,1015417.69,1037895.73,1095338.21,1150025.92,1201989.53,1220471.94,1266461.2,1350789.26",0
C11585,54,女,广州,自由职业,1755437.41,381293.64,349971.22,74013.71,237449.84,264758.13,8,37567.15,金卡客户,5,存款|理财产品|基金|保险|信托,"1610944.68,1532330.59,1805854.29,1800160.93,1874416.31,1907927.58,2032291.84,1839134.03,1902668.35,1971446.31,2019832.36,2113271.28",0
C11586,37,男,北京,高管,793872.18,137210.75,189680.32,52824.25,76610.43,0.0,1,29224.57,银卡客户,5,存款|理财产品|基金|保险|外汇,"566942.87,535450.84,532778.73,554729.12,601250.88,603632.94,455102.13,611288.71,546637.92,496378.29,544070.99,512118.96",0
C11587,69,男,广州,退休,7524406.04,1554187.13,844179.88,1445283.19,1044477.97,1376161.21,21,656330.67,白金客户,7,存款|理财产品|基金|保险|信托|贵金属|外汇,"6639150.2,7023444.58,7033554.21,7115824.98,7850789.26,7322736.66,6983625.91,7144728.9,8092924.76,7919104.83,7221063.59,7318572.81",1
C11588,45,女,重庆,退休,5036222.58,267914.24,447103.49,525836.76,493158.18,398388.45,12,295134.79,白金客户,6,存款|理财产品|基金|保险|信托|国债,"3599371.98,3550771.84,3684180.65,3457207.45,3409986.47,3319934.06,3040119.93,3240771.21,2810610.54,2670712.34,2895204.46,2988788.2",1
C11589,42,女,北京,高管,2210976.68,310432.06,142321.71,219250.94,269632.18,107945.91,6,202280.98,金卡客户,5,存款|理财产品|基金|保险|信托,"1443591.89,1613059.25,1619119.18,1695536.11,1712621.19,1748236.75,2041120.68,2142372.4,2055717.05,2267109.14,2216104.35,2488767.34",0
C11590,42,女,广州,公务员,960388.03,112784.36,123644.73,86180.96,62509.51,0.0,3,22157.66,银卡客户,5,存款|理财产品|基金|保险|外汇,"584565.2,584928.36,563333.63,594161.0,605205.85,603405.57,606422.75,602335.75,612425.07,625687.77,649589.14,600552.24",0
C11591,32,女,广州,退休,1045840.03,123087.21,270071.5,24454.6,130124.05,175006.6,40,94062.74,金卡客户,5,存款|理财产品|基金|保险|信托,"733231.96,764554.3,766168.68,771176.93,799601.25,821083.16,835804.62,843489.79,865026.58,872288.7,896648.48,912060.32",0
C11592,18,女,重庆,自由职业,477409.47,81626.33,85173.01,98217.25,38086.67,0.0,50,28626.13,银卡客户,5,存款|理财产品|基金|保险|外汇,"347246.7,355597.92,396182.18,409586.42,428397.14,449123.32,460449.14,476053.9,490521.85,514720.13,551567.43,555378.16",0
C11593,18,女,上海,企业主,2932287.63,1038701.15,525225.62,605833.37,401134.38,331907.47,1,146519.22,金卡客户,5,存款|理财产品|基金|保险|信托,"3004201.94,2873266.96,3046051.5,3084753.7,3337059.46,3447173.36,3728487.07,3909132.18,4005674.57,4199500.08,4196344.67,4353106.94",0
C11594,51,男,杭州,白领,2573852.87,846870.39,178483.51,185499.42,37761.06,414629.42,5,220962.83,金卡客户,5,存款|理财产品|基金|保险|信托,"1567658.81,1720849.37,1624448.48,1656607.07,1536432.03,1566926.76,1680629.33,1728703.65,1629149.04,1761658.12,1742931.72,1721089.84",0
C11595,61,女,北京,专业人士,2960126.22,422318.11,519754.39,133771.82,377813.2,432433.09,11,121628.96,金卡客户,5,存款|理财产品|基金|保险|信托,"2982580.34,2844361.48,2819353.29,2623493.83,2820064.45,2586218.04,2606346.65,2662784.51,2551719.46,2500823.9,2565609.74,2669127.08",0
C11596,58,女,苏州,企业主,10453098.43,1212566.81,2566500.1,929149.56,930228.73,1787943.77,4,756745.16,钻石客户,7,存款|理财产品|基金|保险|信托|贵金属|国债,"6369121.18,6760427.88,7211622.61,7216916.03,7446202.76,7896521.89,8230830.71,7710469.68,7637888.63,8835116.27,9472265.26,8580892.93",1
C11597,46,女,北京,公务员,3593661.34,978528.81,76229.56,257579.93,363244.88,35661.56,20,202434.56,金卡客户,5,存款|理财产品|基金|保险|信托,"2830845.68,2839333.45,2800011.74,2934647.65,2953264.64,3061816.12,3136799.57,3103012.45,3226832.6,3189169.96,3356875.55,3418257.81",0
C11598,22,女,北京,自由职业,279800.36,107662.44,45516.6,50277.17,39252.69,0.0,3,7143.15,普通客户,4,存款|理财产品|基金|保险,"210324.68,231178.41,242898.23,250785.89,256046.74,261448.55,278974.21,292714.01,308052.22,316594.68,327405.34,349889.11",0
C11599,80,女,南京,企业主,14861465.87,1202618.32,1405066.53,3460203.08,1921615.75,1993347.17,3,300215.5,钻石客户,6,存款|理财产品|基金|保险|信托|外汇,"13401737.84,13531990.35,13883752.88,13953700.29,14102053.7,14208106.03,14272811.0,14845396.11,15064575.38,15325315.23,15197642.62,15643346.5",1
C11600,34,女,上海,公务员,1864054.88,274574.57,539015.02,176199.13,198163.1,223083.74,6,120423.68,金卡客户,5,存款|理财产品|基金|保险|信托,"1322894.22,1442904.76,1410117.81,1376450.75,1378918.97,1414809.2,1521993.28,1436059.98,1403829.51,1313092.94,1404043.05,1446215.32",0
C11601,43,女,上海,白领,917326.2,196418.87,121326.38,6714.79,106502.84,0.0,2,117870.95,银卡客户,4,存款|理财产品|基金|保险,"554249.94,589729.82,720451.89,661348.4,535048.17,575679.41,554843.1,569636.55,598018.56,548951.53,519622.8,594713.36",0
C11602,26,女,南京,专业人士,1990748.15,321062.1,142520.89,391440.58,129781.13,131475.86,3,92329.32,金卡客户,6,存款|理财产品|基金|保险|信托|国债,"1284867.9,1294840.5,1283938.48,1307993.55,1266049.63,1283096.77,1240683.44,1257906.11,1237731.01,1248308.45,1256996.25,1212427.57",0
C11603,29,女,深圳,专业人士,1987768.68,659939.5,14611.22,168630.66,136827.13,233531.63,13,72744.51,金卡客户,5,存款|理财产品|基金|保险|信托,"1770039.15,1688369.37,1812623.22,1743226.71,1944697.3,1940674.05,1647867.51,1877290.17,1790960.01,1908220.34,1773082.41,1994709.11",0
C11604,60,女,北京,自由职业,290789.15,18027.45,8296.77,60929.64,21490.94,0.0,6,40610.8,普通客户,4,存款|理财产品|基金|保险,"220448.38,213791.25,213252.73,209906.52,201905.58,197038.69,197748.82,189257.27,189421.39,181769.83,178609.7,171440.27",0
C11605,26,女,成都,企业主,9012918.13,2139882.34,1120282.75,836715.29,5974.11,71714.39,28,255692.88,白金客户,5,存款|理财产品|基金|保险|信托,"6065329.8,6149376.8,5944878.21,6120059.31,6083579.72,6025121.22,5701341.22,5574078.56,5594019.84,5735378.48,5671047.93,4998103.68",1
C11606,49,男,苏州,企业主,322056.01,39773.08,5638.15,52471.41,47592.53,0.0,3,25466.41,银卡客户,6,存款|理财产品|基金|保险|贵金属|国债,"298271.74,290104.85,284786.67,282469.34,282344.77,272231.44,269983.6,268908.89,261016.26,257960.61,248786.92,248595.86",0
C11607,50,男,成都,退休,379828.73,109820.66,80905.49,18606.71,25275.65,0.0,14,26244.18,银卡客户,4,存款|理财产品|基金|保险,"330919.13,324789.5,314354.97,329977.69,316138.8,330826.95,329976.77,320843.28,325328.0,319852.74,321235.27,310323.32",0
C11608,18,男,上海,白领,1363869.53,199789.04,249553.5,288676.52,171240.87,45594.54,22,67481.31,金卡客户,5,存款|理财产品|基金|保险|信托,"1383268.75,1353664.25,1361396.09,1350832.06,1682688.07,1517234.99,1628506.7,1703231.6,1698293.78,1778495.87,1999268.94,1907779.97",0
C11609,51,女,重庆,公务员,5524484.38,2165045.4,359996.52,92074.76,274414.77,540112.55,6,126923.35,白金客户,6,存款|理财产品|基金|保险|信托|贵金属,"5065636.03,5608429.93,5489796.17,6089177.92,6443416.89,6653995.19,6953470.07,7083145.62,7626987.42,8381150.27,8372671.32,8735125.4",1
C11610,20,男,武汉,高管,5321201.45,2043705.27,978097.75,662121.69,287544.61,553815.17,15,537327.92,白金客户,7,存款|理财产品|基金|保险|信托|外汇|国债,"4945978.53,4197738.52,5658213.59,4985391.44,5010784.09,5069537.02,5088368.39,4970491.4,4702085.51,4575821.81,4925296.84,4718018.2",1
C11611,46,女,杭州,白领,3431859.36,318735.73,428623.48,255874.6,450677.58,348141.67,26,311790.45,金卡客户,5,存款|理财产品|基金|保险|信托,"3120178.12,3170983.62,2960722.92,3231926.51,3451205.72,3048954.84,3651019.05,3422858.65,3583859.6,3101060.83,3682753.45,3462254.14",0
C11612,39,男,北京,自由职业,343426.43,63022.05,50922.54,25005.55,7850.5,0.0,33,18284.06,银卡客户,4,存款|理财产品|基金|保险,"298240.95,308243.24,322290.59,351655.63,396582.64,401191.83,407498.36,430158.62,444573.67,485256.36,509971.72,528667.2",0
C11613,18,男,杭州,退休,1126067.09,381512.66,242577.32,187498.86,66616.07,82751.15,10,122129.38,金卡客户,5,存款|理财产品|基金|保险|信托,"954831.58,989894.84,1029302.44,1072687.44,1107834.63,1102270.25,1170476.92,1212561.49,1268443.86,1323201.0,1426094.78,1490289.62",0
C11614,54,男,上海,白领,773885.23,136980.65,132183.59,38718.24,71239.29,0.0,4,49616.88,银卡客户,5,存款|理财产品|基金|保险|国债,"467659.36,475813.0,463405.78,473785.47,512143.76,477487.43,493110.73,512060.28,508777.98,506427.37,530239.06,494625.14",0
C11615,55,男,深圳,退休,12145674.38,4754987.95,2779338.4,2088441.96,715001.67,286171.68,20,221420.24,钻石客户,5,存款|理财产品|基金|保险|信托,"11770499.56,12588367.68,12601536.95,12132816.71,13137699.41,12475636.18,12482082.83,12941090.64,12538434.3,12695042.16,12242354.85,14720485.04",1
C11616,37,男,成都,退休,5268245.49,2024386.53,1518293.59,107435.98,235369.66,7939.05,44,400280.6,白金客户,8,存款|理财产品|基金|保险|信托|贵金属|外汇|国债,"4114191.9,4393029.19,4425906.26,4537319.93,4817637.44,4744740.26,4965002.61,5221440.35,5161467.6,5580356.14,5332386.18,5713092.42",1
C11617,46,男,广州,高管,2243318.65,194473.38,163474.26,351709.41,289835.69,445353.67,9,252166.47,金卡客户,7,存款|理财产品|基金|保险|信托|贵金属|国债,"1556980.99,1544083.56,1159398.71,1651440.99,1580885.55,1624743.48,1416422.36,1610379.72,1701292.23,1591887.71,1904034.81,1876978.15",0
C11618,38,男,苏州,白领,19612388.33,4951727.4,4130999.09,760095.06,2830730.13,3908227.61,28,2130379.87,钻石客户,7,存款|理财产品|基金|保险|信托|外汇|国债,"14656514.49,14673422.58,13910839.0,15169592.88,13394739.62,14741968.25,14269795.68,14941504.6,16175926.18,16486468.57,15936117.86,14918050.72",1
C11619,26,男,成都,白领,220488.29,31269.19,10549.55,2590.23,14118.24,0.0,13,7159.88,普通客户,5,存款|理财产品|基金|保险|国债,"210177.37,217149.55,223449.27,227111.02,223869.35,222165.76,248352.84,245257.12,267017.65,267053.08,273133.67,294608.88",0
C11620,23,男,重庆,退休,13255928.26,2636435.03,272271.75,2205068.68,794689.4,672594.84,6,1088348.59,钻石客户,5,存款|理财产品|基金|保险|信托,"12895637.31,10873313.67,11751179.69,12041022.53,11926731.85,11594659.98,12084414.75,13185213.59,12184226.41,12740504.66,11839841.51,11065817.46",1
C11621,42,女,重庆,退休,1897827.48,226761.29,270095.4,102459.27,134375.17,56005.48,27,68281.35,金卡客户,6,存款|理财产品|基金|保险|信托|外汇,"1902678.57,2049976.79,1933769.61,1874366.95,2104176.93,2129816.66,2046874.2,2094583.94,2316012.29,2107762.71,2370516.84,2333268.2",0
C11622,53,男,广州,公务员,8309291.14,2717762.79,2174264.63,1316912.64,899368.22,438480.53,14,342416.97,白金客户,5,存款|理财产品|基金|保险|信托,"6929409.85,6979846.87,7362038.99,7604928.37,7920932.94,8579695.98,8767763.12,9510976.04,9416895.06,10044605.29,10507591.49,11128124.72",1
C11623,31,男,广州,专业人士,5961353.92,2349545.73,1081289.98,752725.97,609735.34,796474.14,9,496893.28,白金客户,5,存款|理财产品|基金|保险|信托,"3600406.75,3815890.27,4023173.1,3734696.76,3995806.97,4214094.67,4163243.59,3931935.41,4153525.36,4124117.14,4029633.75,4226773.55",1
C11624,37,男,深圳,自由职业,2549324.5,288405.33,492178.84,122614.24,362770.21,269971.9,19,133863.48,金卡客户,5,存款|理财产品|基金|保险|信托,"2107670.73,2187964.63,2236885.15,2345579.66,2431216.38,2506720.79,2640270.67,2798359.15,2893432.51,2970204.9,3128393.94,3241190.78",0
C11625,51,男,上海,退休,1317238.22,200157.39,340105.6,262144.35,127049.96,22536.24,6,175970.8,金卡客户,5,存款|理财产品|基金|保险|信托,"785553.01,781171.38,911716.33,851910.88,782079.51,784078.33,895436.87,913405.36,875892.55,862301.61,856776.8,937485.77",0
C11626,39,女,深圳,白领,5167049.23,1751748.24,467032.26,827147.45,470780.69,491917.66,1,276058.24,白金客户,6,存款|理财产品|基金|保险|信托|外汇,"4424661.78,4488697.72,4543359.81,4560253.34,4656684.58,4628371.82,4855771.64,4742692.18,4876794.71,4884534.92,4928058.14,4917847.27",1
C11627,36,男,广州,白领,3870950.23,784148.38,386478.41,671299.73,239200.8,478688.88,8,551533.84,金卡客户,5,存款|理财产品|基金|保险|信托,"3491069.55,3558233.03,3588027.34,3706498.56,3780397.16,3735639.07,3784788.16,3867053.56,3972987.69,4052635.2,4139707.34,4215148.11",0
C11628,50,男,武汉,白领,3290233.92,1254351.03,703876.49,734228.7,46904.64,82977.46,6,73216.37,金卡客户,6,存款|理财产品|基金|保险|信托|贵金属,"2595368.19,2658402.37,2779465.9,2940757.9,3058186.62,3050597.88,3213899.15,3406718.4,3435004.82,3620111.54,3703091.16,3861161.67",0
C11629,50,男,苏州,白领,6991258.5,383742.9,12740.38,269105.14,519370.58,796966.7,11,181188.21,白金客户,6,存款|理财产品|基金|保险|信托|贵金属,"7087298.27,7038361.14,6546101.47,6654906.43,7128097.77,6394926.7,7756616.5,6994250.69,6731158.75,6629413.85,7003912.49,6515067.69",1
C11630,39,女,北京,退休,12874932.77,1081774.36,2757883.14,1847032.86,580324.54,954908.0,5,1871474.57,钻石客户,5,存款|理财产品|基金|保险|信托,"10095168.8,10541502.49,10462197.53,10455903.84,10445524.89,10087411.76,10203916.31,10389578.59,10545540.63,10921862.85,10736796.59,10654128.02",1
C11631,40,女,北京,退休,1105463.3,380855.7,184731.26,91735.68,143548.15,137519.67,15,106294.52,金卡客户,5,存款|理财产品|基金|保险|信托,"720860.58,676006.88,700033.64,668152.45,720255.26,692586.42,705343.29,691938.07,680644.68,685279.3,713025.43,661293.3",0
C11632,18,女,上海,自由职业,616996.6,120067.7,116837.77,151524.07,72695.79,0.0,23,54580.31,银卡客户,5,存款|理财产品|基金|保险|国债,"473588.11,452230.96,466741.75,444022.57,461657.98,512354.94,500594.24,472251.24,508744.76,546813.62,498821.24,532053.4",0
C11633,57,女,北京,高管,4476261.87,937347.34,499585.76,661443.24,217093.47,570110.5,41,171750.57,金卡客户,5,存款|理财产品|基金|保险|信托,"3373070.16,3333284.69,3334455.21,3209133.01,3026655.67,3081507.39,2890143.23,2922724.33,2839869.31,2817142.8,2669514.37,2624172.11",0
C11634,38,女,深圳,白领,1703343.75,583402.96,109148.93,179417.5,184209.98,170162.73,9,167168.43,金卡客户,6,存款|理财产品|基金|保险|信托|外汇,"1110130.67,1109769.66,1082546.75,1084275.62,1059268.31,1062419.39,1059284.87,1051129.83,1048225.51,1039959.84,1024209.63,1057432.58",0
C11635,30,男,成都,自由职业,2625817.26,472600.05,31706.96,538998.47,249800.47,1140.8,1,118004.42,金卡客户,5,存款|理财产品|基金|保险|信托,"1976298.57,2073166.14,1889220.67,1906740.52,1857275.89,1974200.25,1907800.56,1937890.93,1968215.66,1724682.5,1763699.43,1771357.22",0
C11636,46,男,广州,高管,8397727.72,583645.7,617448.71,1433945.81,1033688.33,583460.72,4,190730.13,白金客户,6,存款|理财产品|基金|保险|信托|国债,"6456002.02,6501730.66,6722807.94,6621861.77,7446668.13,7508337.07,8510627.74,8486050.14,9662729.89,9159680.37,10767564.34,11118436.2",1
C11637,29,女,重庆,企业主,34806898.91,10589125.05,10182272.46,2978355.07,4024755.62,654866.17,4,4586322.43,钻石客户,8,存款|理财产品|基金|保险|信托|贵金属|外汇|国债,"30005661.71,27944019.95,29540630.88,29811914.93,31672380.61,33315025.04,33455230.55,34828473.67,36499867.07,34669580.37,37986519.89,39583608.73",1
C11638,51,男,苏州,白领,1307277.01,447824.18,287778.19,194208.53,140464.11,156215.37,6,70983.12,金卡客户,5,存款|理财产品|基金|保险|信托,"1213877.19,1216639.4,1280858.49,1248961.01,1316756.94,1317637.47,1358693.04,1362338.74,1353363.77,1457200.78,1440140.55,1460222.16",0
C11639,42,男,上海,自由职业,1798217.5,91652.42,278902.26,358402.69,72451.53,157899.33,11,61481.94,金卡客户,5,存款|理财产品|基金|保险|信托,"1370074.72,1337162.48,1488211.35,1658760.65,1496214.18,1759667.54,1573877.9,1684275.41,1857922.14,1997564.28,2111584.07,2138827.3",0
C11640,68,女,广州,企业主,5880163.08,1616558.24,1250562.64,1112373.98,540648.73,553795.49,6,803635.13,白金客户,6,存款|理财产品|基金|保险|信托|国债,"5312010.92,4726588.53,5062528.55,4322522.59,5486501.46,5071444.46,5520574.99,5613072.26,5076322.89,5519633.78,4855641.43,5296195.92",1
C11641,37,女,南京,企业主,23819344.46,5314700.68,4281503.39,3592212.36,2319724.16,2741608.26,1,1591898.98,钻石客户,6,存款|理财产品|基金|保险|信托|贵金属,"23884971.57,20320697.58,19565278.21,23076783.59,24213616.08,22390052.85,19658836.56,20952779.27,23873075.89,23453766.46,25486832.09,23994316.65",1
C11642,33,女,成都,白领,3007921.13,228773.4,217750.23,578489.93,167217.54,547934.32,6,324365.3,金卡客户,6,存款|理财产品|基金|保险|信托|国债,"2044155.76,1949168.4,2086673.72,2053966.71,2004872.33,2091846.95,1999265.97,2068699.05,1812069.28,1914426.23,1883275.55,1730940.75",0
C11643,71,女,上海,白领,467290.71,49882.92,137887.79,72806.55,12214.83,0.0,4,22242.46,银卡客户,6,存款|理财产品|基金|保险|外汇|国债,"384665.74,397143.42,422364.99,479917.86,514623.68,465353.49,534153.07,550567.41,618474.75,654360.11,632344.35,641316.47",0
C11644,52,男,广州,企业主,2502341.68,206936.24,685493.18,388469.97,371703.53,122941.12,8,129623.69,金卡客户,6,存款|理财产品|基金|保险|信托|贵金属,"1779873.96,1790535.02,1952613.67,1984466.79,2050264.83,2170880.37,1956355.55,2447452.44,2616882.99,2695594.24,2900571.76,3128681.0",0
C11645,60,女,广州,企业主,9711140.22,1536449.16,2339712.16,225818.23,1316655.66,100666.28,17,1168285.98,白金客户,7,存款|理财产品|基金|保险|信托|贵金属|外汇,"8977379.7,9463153.7,10002564.03,10520957.43,10961471.93,11063460.92,10972925.46,12034725.43,11803287.31,12375928.97,12644979.72,13343863.79",1
C11646,29,女,南京,自由职业,2795538.84,224931.42,669679.16,615580.95,18689.49,558591.13,2,190339.1,金卡客户,6,存款|理财产品|基金|保险|信托|贵金属,"2160370.23,2438587.97,2225482.34,2477404.6,2383607.89,2562854.92,2453355.34,2650090.21,2521655.31,2766188.46,2612796.08,3181557.15",0
C11647,47,女,杭州,专业人士,6017673.54,2286842.25,1380433.09,310064.59,806341.89,885215.79,1,167966.99,白金客户,5,存款|理财产品|基金|保险|信托,"4191505.41,4445979.16,4098924.01,3732737.79,3904814.8,4062387.41,3827566.61,3833027.07,4081197.23,3647819.36,3732739.22,3651929.92",1
C11648,61,男,武汉,退休,1681653.4,482179.3,434758.85,11105.49,133624.22,251311.06,4,213386.3,金卡客户,6,存款|理财产品|基金|保险|信托|国债,"1058385.72,1139214.75,1170305.87,1177345.6,1180046.58,1168528.73,1325720.28,1233551.64,1433407.58,1343825.33,1366737.77,1459084.46",0
C11649,35,女,苏州,企业主,1763644.74,684038.42,35767.46,74506.43,53715.48,149555.91,2,32623.87,金卡客户,5,存款|理财产品|基金|保险|信托,"1609642.5,1754439.97,1769926.01,1558614.58,1757974.59,1613030.67,1658651.82,1862267.44,1957499.93,1974485.39,1868756.55,2223134.72",0
C11650,34,女,北京,专业人士,3789546.83,404563.77,238548.99,815156.43,519999.68,572245.5,1,183645.2,金卡客户,5,存款|理财产品|基金|保险|信托,"3892481.05,4579118.26,3704091.07,4383576.35,3854045.47,4164136.78,4335065.38,4615130.71,5214120.02,5131689.89,5669563.03,5759628.77",0
C11651,30,女,深圳,白领,1307927.32,197400.13,59936.95,132977.08,89802.82,135655.41,5,20550.07,金卡客户,5,存款|理财产品|基金|保险|信托,"978340.33,953673.26,947532.31,1030445.31,1022795.88,1035822.92,1028209.82,1056825.32,1001161.86,1059025.95,1102435.88,1064472.76",0
C11652,39,女,南京,白领,3306104.51,1321116.4,499914.24,58924.09,391918.06,575768.7,4,460868.8,金卡客户,6,存款|理财产品|基金|保险|信托|贵金属,"2910430.26,3248087.64,3202751.27,2705253.37,2530561.25,2767039.96,2663388.05,2474652.61,2658656.33,2936978.55,2728155.58,2754076.12",0
C11653,64,男,苏州,专业人士,1969388.76,186962.48,559551.23,382077.52,182146.3,147073.44,8,269012.91,金卡客户,6,存款|理财产品|基金|保险|信托|贵金属,"1812309.39,1842178.68,1825473.48,1833161.63,1759280.09,1765632.59,1752968.26,1810671.98,1737504.83,1757828.95,1742149.09,1704966.25",0
C11654,45,男,重庆,白领,4500596.91,728122.77,778005.12,173404.6,429047.75,750689.68,4,327872.08,金卡客户,5,存款|理财产品|基金|保险|信托,"3000921.11,3464747.34,3469565.61,3699799.84,3661268.24,3652036.97,3567191.41,3588607.99,3868030.89,4074060.75,4479085.75,4252691.16",0
C11655,47,男,北京,白领,3002515.32,798497.05,41817.64,378152.77,237291.29,23404.3,16,358903.27,金卡客户,5,存款|理财产品|基金|保险|信托,"2940015.74,3043653.85,3016266.15,3023564.97,2932710.76,2973882.16,2798163.21,2913812.78,2919686.75,2832262.75,2891126.4,2824346.42",0
C11656,43,男,武汉,高管,3334528.49,1011556.23,76871.21,167663.67,376818.34,583895.05,9,79590.47,金卡客户,6,存款|理财产品|基金|保险|信托|外汇,"2231636.31,2133634.66,2317879.07,2390033.64,2201304.21,2366464.07,2597259.48,2554842.37,2602324.02,2760946.75,2870509.13,2850097.79",0
C11657,40,男,广州,企业主,2022960.1,160395.95,456636.79,339431.11,285217.08,153716.17,6,242893.04,金卡客户,5,存款|理财产品|基金|保险|信托,"1836148.68,1797284.93,1832395.93,1783089.26,1692520.09,1720404.33,1639548.05,1644318.8,1630889.34,1621695.69,1559556.5,1522353.58",0
C11658,45,女,上海,公务员,8645906.9,3240249.18,1198639.48,1018073.32,102963.16,365456.26,9,471969.86,白金客户,6,存款|理财产品|基金|保险|信托|贵金属,"7335112.2,8569086.55,8025581.98,8288799.2,8245710.17,9108747.89,9578540.91,9532783.75,10190534.33,11128919.99,11388127.76,11478240.2",1
C11659,63,女,上海,白领,733789.63,260580.74,193214.46,156446.85,85226.21,0.0,8,76981.55,银卡客户,5,存款|理财产品|基金|保险|外汇,"526449.18,530142.31,541946.22,519677.37,533397.6,606157.77,551801.13,537914.8,570839.98,569402.32,621988.1,565785.82",0
C11660,52,男,上海,退休,598569.22,74271.97,129529.34,140265.21,35339.72,0.0,2,38700.79,银卡客户,4,存款|理财产品|基金|保险,"501648.95,576982.98,536867.11,472543.87,537031.14,489616.2,518429.57,520482.88,445541.99,455485.23,461089.64,450398.5",0
C11661,29,男,南京,高管,40645869.86,5390525.22,10735027.68,7768800.79,3664667.15,5678555.33,4,2769838.23,钻石客户,8,存款|理财产品|基金|保险|信托|贵金属|外汇|国债,"30407804.66,31584252.33,33472154.57,33725829.87,35426809.38,36179261.7,38674637.94,38314816.37,38397583.05,39428687.23,42136573.0,41948432.55",1
C11662,52,男,广州,专业人士,10921889.69,3809407.37,1461915.73,1461620.98,1580654.05,1827633.64,4,144033.28,钻石客户,6,存款|理财产品|基金|保险|信托|贵金属,"7126658.5,7545756.62,7615972.18,7458437.69,7901129.04,8263923.67,8283537.72,8798678.09,9150835.32,9595539.38,9960966.1,9764962.06",1
C11663,43,男,深圳,高管,8137290.17,541896.26,1519017.45,1263455.07,536098.42,1070465.39,11,1058726.83,白金客户,6,存款|理财产品|基金|保险|信托|国债,"6552687.91,6202493.11,7163133.93,7955408.39,6987231.38,7679052.93,8817551.02,8615821.09,9420898.19,9848919.93,10500657.53,10301605.17",1
C11664,18,男,北京,退休,2553802.57,407889.39,12228.93,275104.95,117513.4,294508.27,6,382046.6,金卡客户,7,存款|理财产品|基金|保险|信托|贵金属|外汇,"2327912.03,2370775.86,2379865.02,2401973.7,2459366.73,2501347.53,2316447.93,2431008.99,2528206.28,2561253.26,2651379.79,2658158.89",0
C11665,63,女,广州,退休,2756169.77,264648.18,627507.98,396303.59,349501.22,458600.04,7,32203.76,金卡客户,6,存款|理财产品|基金|保险|信托|外汇,"2770193.04,2656145.12,2409507.2,2384187.36,2449927.1,2325938.58,2101000.58,2220551.97,2229849.09,2171162.73,2258862.56,1869960.6",0
C11666,33,男,武汉,自由职业,5393244.13,1513194.95,1335190.85,1269181.88,184917.98,377964.97,3,123933.06,白金客户,7,存款|理财产品|基金|保险|信托|外汇|国债,"3484427.74,3539929.71,3878455.98,3927512.31,3764487.18,4078247.68,4293551.9,4468607.44,4516126.16,4763310.82,5282660.76,5079652.92",1
C11667,40,女,苏州,专业人士,2272898.09,777183.92,364033.3,312501.2,152636.34,179576.62,6,31446.79,金卡客户,5,存款|理财产品|基金|保险|信托,"1927946.37,1959707.05,1918486.15,1963600.53,1974429.77,1995131.57,1992987.26,1989415.58,1985454.36,1992955.17,2000924.49,1986862.51",0
C11668,71,女,成都,高管,13446727.83,4295715.49,2562991.87,919653.53,806637.97,1265585.6,6,437928.18,钻石客户,6,存款|理财产品|基金|保险|信托|外汇,"9260715.24,9581826.6,9522354.18,9787713.93,9780626.9,10003743.31,10121921.94,10301007.9,10411477.85,10665069.32,10652546.97,10718330.96",1
C11669,58,女,成都,企业主,383035.45,108297.48,26763.59,33749.49,8307.48,0.0,1,10587.94,银卡客户,4,存款|理财产品|基金|保险,"242749.27,248543.77,266753.86,244219.63,267197.79,254541.56,256757.8,272698.9,262700.64,264338.21,278674.69,280808.01",0
C11670,37,男,深圳,自由职业,18967962.85,6678969.48,1840136.37,1555092.3,2219177.82,1618248.16,1,833213.95,钻石客户,8,存款|理财产品|基金|保险|信托|贵金属|外汇|国债,"14154318.39,13318261.68,13070960.63,13446638.99,13094241.48,12894128.44,12846780.31,13193416.93,12485688.13,12084883.2,12096531.17,12278913.76",1
C11671,52,女,重庆,白领,482166.5,147369.11,50213.51,58540.1,7526.77,0.0,12,24813.05,银卡客户,4,存款|理财产品|基金|保险,"410893.13,393480.5,406708.09,437835.04,429216.52,452883.16,473284.67,457356.85,514498.6,491505.65,511700.45,540236.53",0
C11672,59,女,深圳,退休,5809086.56,2069217.36,469137.15,274686.48,115813.09,1136550.36,18,423792.62,白金客户,6,存款|理财产品|基金|保险|信托|贵金属,"4673216.17,4656554.76,4951801.97,4577183.98,4718580.3,4767279.44,4780608.99,4547956.09,4718915.57,4538004.47,4591495.99,4400887.58",1
C11673,25,女,苏州,退休,56409.77,3181.72,13540.32,9474.39,5493.91,0.0,16,6953.41,普通客户,4,存款|理财产品|基金|保险,"53128.99,53189.5,52665.97,56748.13,62129.98,67638.33,64889.94,68221.92,71190.01,65952.23,70871.12,69953.06",0
C11674,39,男,杭州,白领,3096632.6,1142142.2,614969.56,732492.09,113581.1,211698.98,10,319215.29,金卡客户,6,存款|理财产品|基金|保险|信托|外汇,"2110126.19,1974175.81,1867737.99,1946267.96,1966208.3,1947478.01,1753062.92,1749238.02,1911751.31,1689345.56,1849623.42,1615361.43",0
C11675,50,男,杭州,白领,7776690.91,890445.68,1542693.01,248368.26,557681.97,815864.36,11,107449.6,白金客户,7,存款|理财产品|基金|保险|信托|贵金属|国债,"5693921.41,5694158.78,6019596.75,6282079.35,6313121.86,6278852.82,6621505.58,6694450.97,7017289.37,7099794.17,7362866.05,7261205.93",1
C11676,45,男,苏州,退休,1630857.73,138660.86,166863.55,18782.24,129872.24,39904.88,1,190193.36,金卡客户,5,存款|理财产品|基金|保险|信托,"1583786.46,1406169.22,1435948.56,1859326.24,1538108.92,1709180.29,1460551.59,1609304.32,1623869.99,1876469.94,1549797.83,1506580.94",0
C11677,50,女,北京,企业主,129091357.14,38019844.45,22903030.8,6924618.56,2944142.05,15678744.95,3,5320224.74,钻石客户,8,存款|理财产品|基金|保险|信托|贵金属|外汇|国债,"120211328.37,124266962.2,124936756.88,125576328.4,133494153.46,137505286.29,149289269.34,153707840.76,155990051.51,162720961.63,172621361.92,175949831.96",1
C11678,36,女,上海,高管,54719693.73,17867181.92,4260888.77,2873253.67,3890362.56,1468727.91,11,4473650.66,钻石客户,8,存款|理财产品|基金|保险|信托|贵金属|外汇|国债,"46331806.83,41501592.73,47230158.03,41409875.7,45833254.49,43637212.02,41128034.48,43721240.88,40886569.44,45500637.35,46559527.93,43335687.67",1
C11679,65,女,杭州,退休,4552963.31,615986.85,949341.26,276155.2,62950.39,868472.18,7,128218.52,金卡客户,5,存款|理财产品|基金|保险|信托,"4128767.36,4024004.6,3878261.01,4152141.31,3930706.05,3623241.8,3899297.24,3863833.14,3955495.69,3805346.34,3638036.88,3797372.99",0
C11680,35,男,杭州,白领,4981128.21,510827.67,113823.54,1078567.84,617753.91,521290.35,25,382124.21,金卡客户,5,存款|理财产品|基金|保险|信托,"4769277.14,4751689.39,4874771.38,4725832.84,4869969.1,4861409.97,5154890.4,5238364.66,5383558.35,5255346.37,5502823.03,5261950.1",0
C11681,48,女,上海,专业人士,26433809.71,8190504.57,5590137.55,628499.9,1534101.89,1483809.42,8,1738789.92,钻石客户,8,存款|理财产品|基金|保险|信托|贵金属|外汇|国债,"24735016.38,27669137.15,26564274.93,26992343.16,28643640.9,27240436.94,30260990.11,27724753.2,33272229.6,31259082.51,34268812.01,37622357.05",1
C11682,46,男,南京,公务员,249961.07,91081.31,69232.99,7842.83,37348.35,0.0,8,31385.78,普通客户,5,存款|理财产品|基金|保险|贵金属,"245906.29,213829.9,227097.3,247892.07,251960.65,251872.72,270305.34,255884.34,259850.65,271837.89,231907.19,271382.07",0
C11683,64,女,重庆,专业人士,340202.86,72680.97,15312.84,53886.9,16546.69,0.0,8,44315.51,银卡客户,4,存款|理财产品|基金|保险,"206421.32,226469.8,224846.2,216707.67,211198.22,240430.7,211493.77,197690.35,216426.82,224275.23,222050.24,190371.58",0
C11684,63,男,苏州,退休,2041785.06,471354.77,590276.91,66180.23,226681.38,334269.33,5,170299.39,金卡客户,6,存款|理财产品|基金|保险|信托|贵金属,"1658654.4,1698201.54,1738506.36,1780018.95,1845458.07,1837602.43,1933957.65,1962443.22,1957303.39,2067205.67,2109257.79,2131883.2",0
C11685,47,男,上海,专业人士,221275.39,33469.7,64259.63,32303.92,8688.78,0.0,7,10758.79,普通客户,4,存款|理财产品|基金|保险,"173336.26,174483.32,177614.53,201767.49,202098.31,179128.46,199353.47,209556.46,222395.48,238116.79,223886.14,244661.79",0
C11686,70,男,广州,高管,3338564.12,1173333.49,237432.07,24656.63,268532.32,386934.41,23,51101.01,金卡客户,6,存款|理财产品|基金|保险|信托|外汇,"2456317.61,2562937.86,2559205.14,2575275.79,2648597.96,2734513.87,2702399.5,2781804.66,2794270.37,2909609.17,2883305.3,2974076.19",0
C11687,60,男,成都,退休,4082554.19,1611384.69,385115.47,817763.47,306747.77,378577.21,5,261768.5,金卡客户,5,存款|理财产品|基金|保险|信托,"3021569.23,3166493.13,3455874.11,3572193.88,3956798.12,3791671.57,4159128.76,4091729.72,4052967.29,4081771.97,4521929.7,4440476.12",0
C11688,43,女,杭州,企业主,1696254.38,456931.95,6101.16,410536.1,144260.54,238879.83,13,156888.17,金卡客户,5,存款|理财产品|基金|保险|信托,"1036828.94,1005491.82,999239.12,1044058.48,1071201.01,1056271.39,1055717.09,1006670.85,1049395.1,1050247.04,1082445.67,1044465.81",0
C11689,71,女,成都,退休,1010994.18,162292.65,152610.23,147723.31,33435.92,137956.53,21,123677.4,金卡客户,5,存款|理财产品|基金|保险|信托,"920483.26,1059024.77,1040118.05,1038193.71,1047129.77,1208084.33,1146288.35,1224192.23,1220194.94,1386584.95,1349958.27,1332719.93",0
C11690,38,男,北京,退休,11838811.31,4022884.91,1993685.01,488610.12,1174222.73,71368.53,19,258450.5,钻石客户,7,存款|理财产品|基金|保险|信托|贵金属|外汇,"9444036.54,9201922.94,9329884.54,9494708.97,9533059.57,9059342.6,9600615.1,10037926.41,9759283.5,9725324.25,9704096.07,9676795.81",1
C11691,46,女,杭州,白领,590772.45,196520.48,47322.55,56332.65,1195.69,0.0,1,51837.27,银卡客户,5,存款|理财产品|基金|保险|外汇,"559673.78,558252.4,586277.9,568857.54,605625.75,586027.0,598681.33,647790.81,598960.69,633001.02,646699.72,638979.72",0
C11692,52,女,重庆,白领,6112946.34,2227217.9,306668.68,1117692.74,691077.7,188250.11,5,509025.64,白金客户,5,存款|理财产品|基金|保险|信托,"5542280.71,5836583.11,5859875.55,6195919.56,6363022.51,6380478.47,6539657.76,6863716.83,6939375.38,6996846.01,7448595.57,7930738.27",1
C11693,38,女,重庆,自由职业,4221243.59,1455788.54,1168662.34,476521.29,190247.0,284811.28,1,384186.84,金卡客户,5,存款|理财产品|基金|保险|信托,"4311964.57,4155992.33,4200434.28,4007941.98,4109656.71,3928516.45,3880921.93,3681710.3,3719206.13,3691846.56,3537654.18,3583935.44",0
C11694,55,男,苏州,自由职业,6651293.02,2469237.44,1170310.96,685599.89,312301.1,19996.54,17,653037.33,白金客户,6,存款|理财产品|基金|保险|信托|外汇,"5316246.84,5075471.82,4914761.01,5145159.32,5343275.3,5048998.17,5223391.29,5509454.78,5479373.97,5635361.35,5805697.96,5742586.86",1
C11695,44,女,成都,企业主,2532542.53,351700.32,454124.32,51634.07,22316.18,317840.7,21,373467.27,金卡客户,5,存款|理财产品|基金|保险|信托,"1702291.17,1778281.58,1880458.5,1816527.58,1643660.08,1547182.77,1797662.87,1572609.4,1651212.4,1740089.11,1857006.64,1869624.35",0
C11696,45,女,深圳,自由职业,1304056.89,215077.14,26281.33,219033.63,118386.25,257957.71,4,97237.23,金卡客户,5,存款|理财产品|基金|保险|信托,"839376.13,857594.43,876623.9,890672.64,907168.25,894930.74,889848.05,890832.21,945712.58,919566.12,951656.64,921867.73",0
C11697,68,男,杭州,企业主,20193574.68,4529046.57,2582652.84,1890549.05,2469731.13,734740.69,1,700382.53,钻石客户,7,存款|理财产品|基金|保险|信托|贵金属|国债,"17834179.14,16418180.59,17774362.34,16186229.2,17436949.67,17162092.12,16553281.88,18055200.48,17994439.22,15989805.26,15929765.74,16439458.48",1
C11698,40,男,成都,自由职业,7937406.45,2788711.97,1320260.93,174764.06,829383.27,966504.17,8,175682.45,白金客户,6,存款|理财产品|基金|保险|信托|外汇,"4832187.13,4770286.34,4874979.25,4932963.41,4728977.47,5693496.05,4980332.35,5488220.62,4921341.92,5510543.47,5432390.4,5435601.25",1
C11699,47,男,苏州,白领,435386.74,74078.56,41799.52,56167.63,37863.87,0.0,2,30298.11,银卡客户,5,存款|理财产品|基金|保险|国债,"438082.89,436923.86,467983.32,485900.91,495922.84,454745.49,560415.64,585075.93,491446.59,569019.45,624626.03,615354.46",0
C11700,60,女,苏州,高管,718787.51,149339.95,28014.53,56817.04,6175.5,0.0,4,100315.64,银卡客户,5,存款|理财产品|基金|保险|贵金属,"559854.8,537438.55,531844.01,481760.66,556344.69,539355.38,558418.78,515661.56,452272.18,492730.11,485757.52,494267.62",0
C11701,71,女,上海,退休,87365.46,31513.22,21738.69,1676.01,12917.81,0.0,6,3686.63,普通客户,4,存款|理财产品|基金|保险,"80991.42,87874.67,78489.94,63213.22,76287.91,89132.07,89730.79,76558.15,71544.56,78011.54,86239.94,79462.39",0
C11702,18,女,成都,退休,3133191.5,585609.3,67865.22,486217.66,197291.79,268680.0,3,376749.3,金卡客户,7,存款|理财产品|基金|保险|信托|外汇|国债,"2067788.22,2168253.11,2094721.61,2298703.74,2387885.56,2248800.77,2412886.63,2315637.05,2200347.26,2504893.16,2725495.79,2384497.11",0
C11703,47,男,重庆,退休,1549717.21,486894.84,62760.02,224888.52,224394.72,117872.08,1,24965.59,金卡客户,6,存款|理财产品|基金|保险|信托|外汇,"903355.12,1035968.05,964410.19,984858.06,879531.74,915772.33,863215.29,1001823.37,827124.11,824866.99,889818.74,799893.6",0
C11704,66,男,上海,企业主,721348.52,63474.14,133543.73,24289.69,102073.12,0.0,2,11435.87,银卡客户,5,存款|理财产品|基金|保险|国债,"651104.12,658257.08,652719.33,647359.26,774698.24,713306.64,701377.96,683994.86,760041.68,694008.39,729787.76,827583.08",0
C11705,30,女,苏州,专业人士,2224515.26,171679.2,253816.89,265048.28,117617.0,51581.91,14,194026.31,金卡客户,6,存款|理财产品|基金|保险|信托|贵金属,"1836503.7,1749489.42,1720622.31,1641666.35,1544967.54,1648317.02,1634112.7,1516911.42,1567475.93,1610366.12,1420177.36,1520193.34",0
C11706,43,男,重庆,企业主,16717166.08,4503075.08,798963.54,285447.3,1341387.42,1830626.84,15,871831.01,钻石客户,7,存款|理财产品|基金|保险|信托|外汇|国债,"12598427.2,11680410.61,12989856.01,12222537.43,14929310.87,14205347.81,14109421.04,13326601.88,14866702.96,15832215.16,15710809.66,15935742.15",1
C11707,66,男,武汉,白领,15065026.32,1642374.79,90089.78,3506897.47,2113513.28,2374160.11,17,935878.43,钻石客户,7,存款|理财产品|基金|保险|信托|贵金属|外汇,"11453732.95,11573165.37,12063806.89,12659944.66,12344906.98,12364970.49,13344220.09,14481789.38,14233891.49,16511053.35,15986350.61,16344103.27",1
C11708,35,男,苏州,退休,6411880.66,709069.36,1206283.8,67671.72,180355.3,811270.15,1,652532.29,白金客户,5,存款|理财产品|基金|保险|信托,"5205497.98,5450922.43,5736718.65,5760130.39,6328678.93,5828501.81,6483782.1,6622435.88,6216259.91,7252296.82,7588502.57,7042734.91",1
C11709,45,男,上海,专业人士,4723167.94,1026248.42,320853.31,333183.38,693056.23,323949.58,21,454642.02,金卡客户,6,存款|理财产品|基金|保险|信托|外汇,"3150066.74,3199034.59,3083981.77,3570400.84,3191431.07,2856099.3,3141085.85,3569778.39,3620596.3,3675833.65,3912144.41,4223880.33",0
C11710,51,男,上海,退休,5471976.49,2065943.89,1377978.08,1044922.46,627231.39,577570.72,4,497430.01,白金客户,5,存款|理财产品|基金|保险|信托,"3362148.02,4001600.78,3596700.97,3990301.12,4191940.11,4291790.76,4133034.85,4540932.3,4710487.6,4674501.16,5072760.66,5188550.89",1
C11711,24,女,苏州,公务员,514851.94,35504.1,10603.93,73902.74,13612.32,0.0,4,66532.46,银卡客户,4,存款|理财产品|基金|保险,"445959.02,483505.27,397318.05,474445.84,472811.95,438008.41,517491.33,486997.08,467715.47,515965.61,542368.72,529140.73",0
C11712,38,女,上海,白领,857774.55,115296.67,102538.62,188861.42,3659.13,0.0,6,83692.43,银卡客户,5,存款|理财产品|基金|保险|贵金属,"447198.71,550335.73,466076.58,506992.66,521552.41,526733.07,467149.96,577294.09,486787.55,522433.78,548888.65,633144.86",0
C11713,44,男,杭州,专业人士,4816293.1,802007.53,1176109.25,261174.83,257092.93,98886.99,4,382943.73,金卡客户,6,存款|理财产品|基金|保险|信托|外汇,"3158967.98,3224644.12,3251925.49,3343374.44,3525501.53,3590089.77,3711971.9,3942944.03,3987434.7,4154184.59,4558204.57,4413592.13",0
C11714,29,女,深圳,退休,7310228.14,737911.68,510755.65,1329648.69,1071360.25,1030235.65,39,242922.86,白金客户,5,存款|理财产品|基金|保险|信托,"5952338.94,6275094.26,6366511.6,6227928.92,6620817.92,6654576.26,6958430.03,7000891.79,7076957.68,7706133.57,7369772.4,7704608.58",1
C11715,53,女,深圳,专业人士,18453628.33,4592880.29,1464413.18,1705686.81,1240927.26,52230.8,16,2457606.79,钻石客户,7,存款|理财产品|基金|保险|信托|贵金属|国债,"14743381.31,15257516.2,17110393.87,16691896.98,18705404.59,18528357.47,19284249.61,20614622.14,21301047.21,22564189.98,23204248.79,24473322.84",1
C11716,33,女,苏州,退休,5834699.16,2050506.58,393226.84,1328022.39,198360.42,263495.15,8,711377.18,白金客户,6,存款|理财产品|基金|保险|信托|国债,"5241311.93,5125243.74,4989336.34,4794656.93,4945598.53,4603928.32,4589085.54,4532941.41,4356443.55,4440991.27,4292515.58,4334004.31",1
C11717,70,女,深圳,企业主,6563778.38,840417.06,1409031.73,482602.93,753430.77,550470.27,7,797166.93,白金客户,6,存款|理财产品|基金|保险|信托|外汇,"4661196.49,5319724.59,5066214.56,5410038.5,5609087.63,6159806.07,6204165.81,6142161.6,7052074.38,6643199.9,6906202.65,7241587.66",1
C11718,38,男,重庆,自由职业,11711467.99,2366111.31,1769496.01,1241819.36,1751284.58,2115936.81,5,846267.38,钻石客户,7,存款|理财产品|基金|保险|信托|贵金属|国债,"11129013.99,11691965.46,12452882.47,12796477.9,13336892.86,13845243.13,14369141.99,15219901.59,15920738.61,16319013.05,17284716.65,18399694.61",1
C11719,41,男,深圳,专业人士,2662107.87,425535.85,792833.74,412074.1,117860.48,451468.55,35,82586.52,金卡客户,5,存款|理财产品|基金|保险|信托,"2021292.69,2027690.96,1803180.91,2029762.88,2014739.3,1928893.94,1750068.43,1799914.44,1613591.77,1790587.41,1716346.84,1781909.27",0
C11720,60,男,苏州,白领,868102.16,154620.11,65540.94,148742.36,39383.17,0.0,22,29357.42,银卡客户,5,存款|理财产品|基金|保险|外汇,"536006.29,539128.16,542832.33,605240.03,596302.39,622895.86,596205.79,621630.34,614250.97,626127.26,639351.46,658979.93",0
C11721,46,男,上海,退休,5624632.89,2021188.67,284217.24,520331.04,602612.69,804671.27,13,298823.56,白金客户,5,存款|理财产品|基金|保险|信托,"5458084.56,5309961.24,5244988.66,5213944.11,5117878.57,4912373.84,4841338.23,4729256.19,4657509.89,4316714.54,4610818.49,4577891.79",1
C11722,54,男,广州,白领,4993308.27,317200.35,770649.27,1148965.99,662864.66,803227.5,9,258892.78,金卡客户,5,存款|理财产品|基金|保险|信托,"3828226.55,3723910.78,4151019.38,4125661.9,3514175.08,3418815.69,3824117.55,3916701.4,3928743.85,3899931.11,3851338.76,3701624.23",0
C11723,35,男,武汉,退休,1049188.89,380389.43,217852.23,138630.64,151944.2,178276.28,4,36655.5,金卡客户,5,存款|理财产品|基金|保险|信托,"780139.21,728055.92,725127.12,740812.71,693056.19,670993.45,697207.16,791462.12,723800.6,705494.98,773883.83,807609.84",0
C11724,45,女,武汉,企业主,10256889.53,2818455.35,2763985.86,1863752.63,538581.27,1866717.62,19,656144.05,钻石客户,7,存款|理财产品|基金|保险|信托|贵金属|外汇,"6409567.29,5955454.55,6231700.93,6770117.7,6725653.82,6923752.85,7026610.77,7120809.48,7546984.27,7620411.33,8013056.62,7986885.55",1
C11725,38,男,杭州,公务员,9032314.62,1058062.51,1353857.92,939370.34,912854.61,90562.8,6,759788.03,白金客户,5,存款|理财产品|基金|保险|信托,"5129657.58,6218539.47,5595195.02,5733250.16,5790970.23,6735814.12,5999761.84,7048577.57,7084470.46,6541222.76,7169279.14,7549629.72",1
C11726,36,男,成都,专业人士,9503641.21,3061291.73,1020997.72,1593458.98,788136.18,1553816.42,15,632548.56,白金客户,6,存款|理财产品|基金|保险|信托|外汇,"6644709.2,6843702.37,7186853.34,7605142.28,7809016.19,8333627.11,8315094.19,8620478.32,9242704.69,9328358.69,9678103.26,10177147.3",1
C11727,42,男,广州,白领,2942048.8,731003.95,84342.61,309447.91,226818.45,410563.76,5,350479.78,金卡客户,7,存款|理财产品|基金|保险|信托|贵金属|国债,"2654819.14,2591294.83,2871307.66,2991556.22,2885097.45,3081449.54,3016692.6,2894421.8,2989776.89,3366929.63,3673669.96,3362694.86",0
C11728,32,女,杭州,公务员,2932339.51,1139320.97,123448.07,398558.71,354114.12,233944.21,11,136739.19,金卡客户,5,存款|理财产品|基金|保险|信托,"1927156.84,1662052.27,1938493.4,2039282.06,1772320.47,2077413.69,1963645.53,1698147.68,1745739.5,1783772.5,1793980.22,1484226.25",0
C11729,33,男,重庆,白领,3754705.34,1423745.08,107118.28,577416.65,460151.8,129876.65,6,104811.44,金卡客户,5,存款|理财产品|基金|保险|信托,"3323645.28,3136263.43,3061253.3,3060718.62,3452850.55,2982397.65,3296312.85,2920623.6,3057033.98,2785806.14,2963915.17,3381486.41",0
C11730,34,女,广州,专业人士,1480799.43,445953.79,419963.71,123512.53,165864.29,283309.22,7,17122.49,金卡客户,5,存款|理财产品|基金|保险|信托,"1250028.11,1357142.31,1394271.61,1454235.11,1520384.51,1559697.67,1605346.83,1651508.73,1775598.46,1756352.24,1831882.95,1972786.24",0
C11731,49,女,深圳,企业主,2318177.1,544096.09,495313.61,203396.6,50024.57,109515.55,9,245051.74,金卡客户,5,存款|理财产品|基金|保险|信托,"2110927.21,2312125.6,2357342.22,2617867.5,2536604.27,2803697.08,2884031.06,3068517.15,3235838.09,3240732.91,3544286.24,3779574.36",0
C11732,51,女,上海,退休,1614225.12,462241.02,329557.35,292176.61,216888.43,266289.69,4,185527.95,金卡客户,5,存款|理财产品|基金|保险|信托,"1474740.96,1765360.58,1316992.08,1505649.14,1529931.18,1886599.88,1673997.79,1521377.23,1694325.86,1887983.49,1875813.11,1907479.95",0
C11733,48,女,南京,白领,2783775.24,882841.09,167702.6,242333.78,85100.19,493801.95,2,362432.02,金卡客户,6,存款|理财产品|基金|保险|信托|贵金属,"2466815.0,2560159.04,2462820.59,2512982.95,2575742.65,2798965.66,2694180.86,2641455.89,2947192.42,2773118.97,2594806.74,2707817.66",0
C11734,53,男,南京,退休,300813.37,104271.63,83116.01,67727.13,27128.74,0.0,2,30488.95,银卡客户,4,存款|理财产品|基金|保险,"180820.24,205903.45,224128.94,206950.37,214925.18,210997.58,216276.27,227359.43,225787.03,212905.85,235532.81,256876.15",0
C11735,46,男,杭州,白领,15391261.46,6140657.43,4103622.85,342826.04,1327099.09,2420965.87,9,1601654.19,钻石客户,7,存款|理财产品|基金|保险|信托|贵金属|外汇,"12641866.95,10756537.65,12195262.29,12792393.15,11691299.08,12211261.42,12715059.41,13332053.34,11261100.19,12447857.83,11937102.56,13215558.64",1
C11736,40,男,上海,公务员,6060824.98,1746481.7,550527.47,1063428.71,564186.03,451396.03,16,70735.29,白金客户,5,存款|理财产品|基金|保险|信托,"4706870.44,5038565.19,4687226.37,4883387.17,3934818.19,3745359.0,4567927.73,4410950.53,5084214.36,3753352.89,4364051.37,4428123.65",1
C11737,50,男,北京,专业人士,5653347.42,1909446.24,674159.21,1404516.25,310458.75,910622.21,18,334185.76,白金客户,7,存款|理财产品|基金|保险|信托|贵金属|国债,"3643486.17,3704353.09,3765331.4,3738708.83,3695566.46,3758792.19,3880752.81,3778049.76,3776726.03,3754763.65,3839697.55,3973761.61",1
C11738,34,男,上海,公务员,2016605.76,680288.11,214472.17,191823.45,91051.34,129260.82,17,27048.04,金卡客户,5,存款|理财产品|基金|保险|信托,"1722849.79,1750352.46,1781366.92,1933066.79,1895342.29,1977883.81,1929023.21,1964303.59,2027483.01,2131076.25,2138780.87,2208021.44",0
C11739,18,男,深圳,高管,3642306.05,360373.92,624597.85,602977.51,209137.2,400044.94,1,398846.67,金卡客户,5,存款|理财产品|基金|保险|信托,"3070514.5,4093065.74,3372125.28,3222275.55,3548295.89,3849471.57,3656488.91,3160336.69,3100169.16,2897019.27,3378040.85,3313786.14",0
C11740,52,女,武汉,白领,1109698.83,105475.37,325782.71,52299.22,58334.04,156884.17,5,147279.81,金卡客户,5,存款|理财产品|基金|保险|信托,"1093048.58,1076217.6,1098431.68,1100901.37,1124901.04,1109462.7,1079617.12,1048475.58,1066719.39,1006795.24,1054703.53,1043168.07",0
C11741,46,女,上海,白领,8311882.56,2902728.22,833672.15,4544.1,380290.41,342210.81,3,802978.07,白金客户,7,存款|理财产品|基金|保险|信托|贵金属|外汇,"7777713.48,7651272.54,8464625.9,8065519.7,8399837.0,8422930.19,8663114.32,9038743.38,8851811.45,9258307.75,9061348.96,9000317.02",1
C11742,49,男,北京,公务员,106295.84,41614.16,2302.73,21702.38,3119.56,0.0,1,6256.7,普通客户,4,存款|理财产品|基金|保险,"92801.33,90504.14,93268.4,97227.84,97491.37,102320.74,99479.7,103304.09,105141.71,107746.08,108082.89,111068.37",0
C11743,56,男,深圳,自由职业,2572120.2,731199.36,622494.82,479823.13,28715.53,237597.26,5,54078.68,金卡客户,7,存款|理财产品|基金|保险|信托|外汇|国债,"1979083.67,2029445.62,2137416.78,2085758.88,2253866.39,2515985.26,2419018.14,2555193.6,2672840.85,2766951.74,3048406.05,2989302.55",0
C11744,61,男,深圳,自由职业,3993840.46,884531.72,826885.43,754787.82,72343.46,124404.59,6,231104.95,金卡客户,5,存款|理财产品|基金|保险|信托,"2894395.69,2922197.67,2993396.28,3143697.0,3224632.46,3253743.19,3266409.95,3384116.2,3518233.37,3638752.39,3612972.15,3719368.6",0
C11745,48,女,上海,自由职业,2407916.7,467589.2,200919.26,486027.15,71005.34,299604.83,16,215264.78,金卡客户,5,存款|理财产品|基金|保险|信托,"1446921.1,1507130.27,1531976.61,1446272.86,1540682.66,1404165.28,1565557.48,1564014.22,1575193.91,1575265.89,1606059.04,1642612.69",0
C11746,69,女,上海,自由职业,339272.11,50516.46,82992.18,23396.05,3714.2,0.0,5,21952.55,银卡客户,4,存款|理财产品|基金|保险,"239700.67,242205.06,243741.32,244993.57,254242.0,251308.14,256202.09,259927.47,265663.91,263420.53,267488.37,277025.1",0
C11747,71,男,深圳,白领,1760901.77,245131.16,37867.23,170915.67,193367.42,75313.92,1,203613.91,金卡客户,5,存款|理财产品|基金|保险|信托,"1711517.77,1694077.44,1768088.06,1816885.6,1845110.61,1789697.88,1822287.92,1871669.68,2046193.12,2093175.01,2296976.42,2109435.12",0
C11748,33,女,深圳,专业人士,1168456.61,317204.86,73423.21,142778.48,33339.59,177528.61,4,135171.0,金卡客户,6,存款|理财产品|基金|保险|信托|国债,"1001211.43,1100329.2,1110067.47,1058635.09,1032024.11,991710.22,874701.7,1109332.03,981040.35,942802.54,994547.1,873045.62",0
C11749,50,男,北京,白领,644620.16,94061.43,55566.51,13254.32,12893.45,0.0,3,25802.67,银卡客户,6,存款|理财产品|基金|保险|贵金属|外汇,"531148.67,569726.68,607754.7,608196.98,670238.17,669697.59,737748.05,767256.17,807412.34,841713.48,898531.61,908475.27",0
C11750,23,男,深圳,企业主,5246952.67,755000.66,81125.33,556735.27,641910.54,416978.21,10,474394.13,白金客户,5,存款|理财产品|基金|保险|信托,"2742598.47,2871291.3,2791190.88,3111506.84,3307641.61,2604724.46,2775804.52,2802135.41,2570419.25,2592690.24,2329197.07,2609055.6",1
C11751,47,女,重庆,专业人士,3156629.75,1137241.18,84210.58,31217.62,203435.18,522747.42,12,212108.42,金卡客户,6,存款|理财产品|基金|保险|信托|国债,"2892369.84,2962830.89,3100850.56,3008226.14,3276367.22,3035383.34,3217011.67,3273619.75,3228102.25,3467768.15,3607423.92,3572605.0",0
C11752,26,男,北京,企业主,3395934.37,344104.32,936352.47,169299.36,33600.18,274506.88,10,61064.03,金卡客户,6,存款|理财产品|基金|保险|信托|外汇,"2777131.88,2565128.01,2729298.23,2757514.79,3104530.27,3012559.19,3081028.88,3427777.86,3280265.2,3552961.91,3498177.36,3902391.08",0
C11753,57,女,北京,专业人士,1707089.98,573656.17,352799.51,225371.04,103710.57,305711.03,6,80276.13,金卡客户,6,存款|理财产品|基金|保险|信托|国债,"1552994.79,1591961.65,1540533.39,1704628.97,1527803.01,1840424.87,1947653.62,1753711.72,1945243.06,2198256.3,2346830.54,2150733.54",0
C11754,45,女,杭州,高管,4966464.26,432473.49,1137255.0,386333.67,231756.07,938710.23,29,492687.04,金卡客户,6,存款|理财产品|基金|保险|信托|外汇,"4448719.86,4516097.14,4530053.89,4356251.61,4406424.07,4314626.33,4198721.51,4334837.77,4181503.58,3988290.64,4059980.77,3829986.85",0
C11755,80,男,成都,白领,1936576.23,578566.28,44089.14,319114.18,233544.48,322224.59,3,30657.23,金卡客户,5,存款|理财产品|基金|保险|信托,"1522225.6,1580444.57,1505247.18,1528243.48,1568385.43,1490585.3,1544404.62,1598607.17,1502780.59,1601995.54,1519314.7,1571161.87",0
C11756,28,女,上海,白领,2732938.94,327182.89,457732.01,623334.64,121343.56,44490.79,2,306002.41,金卡客户,5,存款|理财产品|基金|保险|信托,"1913737.23,1933354.69,2127907.13,2128262.77,2241564.23,2218812.78,2357945.27,2621775.78,2642635.63,2676963.6,2888058.64,3093214.53",0
C11757,27,男,武汉,自由职业,912827.28,146446.0,127917.71,68682.68,132880.29,0.0,5,108706.98,银卡客户,4,存款|理财产品|基金|保险,"692152.89,752338.99,676686.28,681580.56,770027.51,832529.85,706674.35,778677.39,807546.61,825128.1,805651.94,792931.35",0
C11758,18,男,南京,企业主,36719696.49,5205516.06,932148.43,4267628.84,943890.95,1896383.45,11,3884786.03,钻石客户,8,存款|理财产品|基金|保险|信托|贵金属|外汇|国债,"24291830.33,25081336.25,23990099.92,23818270.78,23479818.34,22502545.67,22952479.14,22814552.36,22977851.87,21865607.38,21937383.61,21485626.52",1
C11759,34,男,深圳,高管,1661470.6,568063.35,142318.1,312996.19,213718.09,196097.67,16,101825.78,金卡客户,5,存款|理财产品|基金|保险|信托,"1207306.31,1181108.61,1134474.92,1154621.82,1179453.03,1122961.75,1138675.45,1186218.59,1100075.09,1081978.05,1120655.29,1159075.46",0
C11760,50,男,北京,专业人士,1072341.85,116704.64,194629.23,129905.21,116466.71,109715.81,16,75951.89,金卡客户,6,存款|理财产品|基金|保险|信托|贵金属,"796870.73,832759.18,808151.6,854101.74,864137.41,869032.93,876620.52,898281.78,888943.45,897920.09,899610.9,894646.66",0
C11761,50,男,深圳,企业主,5506451.81,1431293.99,526830.64,1145626.13,495586.04,779814.01,2,143275.26,白金客户,5,存款|理财产品|基金|保险|信托,"4020828.14,4271680.29,4378390.04,4594752.49,4806855.3,4984592.6,5145010.92,5509102.86,5655489.34,5965897.43,6072773.63,6358189.72",1
C11762,45,女,武汉,公务员,13651635.91,4222417.05,1856860.68,272574.46,1058031.24,2363722.38,9,862828.37,钻石客户,7,存款|理财产品|基金|保险|信托|贵金属|外汇,"13009057.45,13513850.62,14286774.27,11648533.78,12334764.85,13894108.41,15289794.96,15198533.4,15652970.8,15552971.45,15725177.21,16796399.49",1
C11763,41,女,上海,自由职业,5545560.18,1109606.91,538693.93,502441.86,735591.31,366771.58,7,575121.57,白金客户,6,存款|理财产品|基金|保险|信托|国债,"4140855.15,4199580.76,4103291.1,4357020.36,3529210.58,4003859.91,3918463.38,3949890.22,3789650.23,4084189.62,3763909.63,3805192.59",1
C11764,58,男,上海,企业主,7641110.21,1020716.16,2235187.75,473410.3,551295.78,699916.73,7,795972.44,白金客户,5,存款|理财产品|基金|保险|信托,"6694893.65,6907847.18,7273324.35,7148579.1,6880869.37,6485086.5,6215613.21,6364171.38,6594740.92,6372077.15,6716809.77,6021807.73",1
C11765,43,男,北京,白领,843880.07,252989.85,78262.28,126680.94,52889.28,0.0,4,47916.68,银卡客户,4,存款|理财产品|基金|保险,"541984.89,506716.04,485663.9,486717.57,469080.93,472668.68,488646.25,432097.49,452648.63,470911.52,465166.19,421433.64",0
C11766,78,男,深圳,退休,449066.43,102651.04,77403.48,74365.21,25554.53,0.0,11,52534.42,银卡客户,4,存款|理财产品|基金|保险,"412457.95,341742.44,392531.78,402270.31,368427.75,421708.61,374234.35,421080.66,370400.7,388395.22,387012.59,428796.47",0
C11767,56,男,北京,退休,2506100.64,214854.94,81513.65,545567.72,240780.46,323404.42,5,166973.3,金卡客户,5,存款|理财产品|基金|保险|信托,"1948859.9,2071173.53,2089587.06,2075090.49,1999501.66,1903142.11,1964967.56,1938809.41,1993496.44,1930847.85,1974541.87,1822633.66",0
C11768,54,男,上海,白领,4559714.51,836455.84,1124423.05,170719.3,623706.99,440583.01,8,600980.57,金卡客户,6,存款|理财产品|基金|保险|信托|外汇,"4187838.5,4207777.55,4153228.78,4171831.16,4120934.31,3941485.82,4023825.38,3954865.48,3968814.54,3832876.13,3854877.5,3774650.62",0
C11769,28,男,苏州,白领,4069061.59,342394.64,568000.09,662662.19,139989.48,552987.18,22,507753.65,金卡客户,6,存款|理财产品|基金|保险|信托|外汇,"2497203.04,2431134.74,2574371.55,2342695.05,2415486.49,2306709.66,2383174.04,2488486.16,2414322.83,2312878.4,2257669.37,2362357.56",0
C11770,48,男,苏州,企业主,18274235.71,2388784.84,1313041.43,2275883.36,1814472.54,2523537.08,15,1896586.52,钻石客户,7,存款|理财产品|基金|保险|信托|贵金属|外汇,"12115729.41,12756780.03,11616588.97,12751348.3,12884265.01,13638276.02,12031648.23,13644484.86,13185031.59,14279264.0,13749304.47,15272231.78",1
C11771,49,男,深圳,高管,1391657.97,397578.56,295074.09,51692.4,139614.07,192297.55,5,14430.37,金卡客户,6,存款|理财产品|基金|保险|信托|外汇,"945390.76,951396.97,952850.01,940775.65,943970.07,939193.34,937836.5,943582.22,904144.02,961197.03,950372.1,940097.89",0
C11772,57,男,深圳,退休,504562.72,193231.24,130636.06,80669.8,34931.24,0.0,29,20460.47,银卡客户,4,存款|理财产品|基金|保险,"333785.28,346574.68,336494.44,382780.05,386735.93,402890.4,428374.75,410812.05,408028.18,449747.63,457612.81,459106.93",0
C11773,29,女,成都,白领,1617327.74,213748.46,336585.43,227832.83,187444.05,165521.77,18,199829.89,金卡客户,5,存款|理财产品|基金|保险|信托,"1456703.2,1413220.6,1697246.86,1434402.11,1552434.08,1533451.42,1243078.87,1400512.03,1451101.82,1358810.59,1494990.0,1412097.0",0
C11774,28,男,成都,专业人士,2119636.35,258181.59,144235.49,251139.23,68812.52,105779.47,10,37610.44,金卡客户,6,存款|理财产品|基金|保险|信托|国债,"1880794.12,1803665.27,1791703.71,1913951.87,1933164.51,1927889.57,1955437.56,1832546.98,1991408.64,2016033.61,2002156.71,1989830.44",0
C11775,33,男,武汉,退休,809262.24,81642.41,41677.79,97155.55,95213.22,0.0,4,109864.49,银卡客户,6,存款|理财产品|基金|保险|外汇|国债,"625762.66,670801.33,732641.88,637148.55,801931.68,764175.62,813089.34,754712.14,793644.9,835665.83,861678.74,847914.37",0
C11776,27,女,广州,高管,1543372.44,468119.61,410606.13,214150.26,64691.31,266604.53,18,56572.36,金卡客户,5,存款|理财产品|基金|保险|信托,"1198644.79,1285382.82,1336905.15,1415450.52,1506103.79,1529607.9,1641665.0,1704504.0,1786941.22,1876534.77,1943862.02,2077839.52",0
C11777,18,男,上海,专业人士,127089.9,32000.83,11819.59,5629.1,16448.51,0.0,5,4840.13,普通客户,4,存款|理财产品|基金|保险,"97605.99,107599.84,105629.5,109591.44,140046.12,132439.72,119310.65,134778.57,136677.82,134731.29,159593.84,148211.09",0
C11778,65,女,成都,企业主,2005762.56,364672.62,81603.77,378882.79,146362.98,12839.04,5,232045.93,金卡客户,6,存款|理财产品|基金|保险|信托|外汇,"1527251.14,1553508.85,1558125.37,1565984.29,1579625.72,1632298.46,1656442.55,1757241.74,1705231.54,1743311.75,1763989.23,1814583.49",0
C11779,52,女,北京,白领,826794.38,77270.4,11614.24,200055.24,51332.11,0.0,3,98277.88,银卡客户,4,存款|理财产品|基金|保险,"714809.48,719770.88,775737.08,739041.98,818137.17,817832.74,767801.77,781670.19,862689.79,862257.18,933850.13,867815.03",0
C11780,55,男,上海,退休,6366647.7,2076566.99,1742287.26,720456.74,234619.31,151300.17,8,664587.44,白金客户,7,存款|理财产品|基金|保险|信托|贵金属|外汇,"6236263.99,5990224.97,6224047.32,6488126.17,6025651.42,6549932.24,5837413.29,6137697.49,6021763.13,6518473.93,6051688.09,6523580.49",1
C11781,26,男,南京,专业人士,111809.72,16597.31,24462.73,22247.16,5517.0,0.0,17,10869.7,普通客户,4,存款|理财产品|基金|保险,"78052.2,79695.13,83606.19,90868.03,91452.64,92852.58,99484.91,107294.0,104352.23,110548.73,121233.03,121441.08",0
C11782,56,女,苏州,公务员,12045640.32,1414001.82,1676168.69,2543366.52,828552.9,809423.58,16,1754058.12,钻石客户,6,存款|理财产品|基金|保险|信托|国债,"12364135.3,11592594.7,12004326.19,11716187.52,9824350.75,11884025.69,12233733.49,11989806.42,12532278.67,12761418.71,11397403.39,10677528.59",1
C11783,27,女,杭州,高管,42784450.81,12894242.53,6666700.47,4620621.87,5875342.33,5527246.84,1,2560741.38,钻石客户,8,存款|理财产品|基金|保险|信托|贵金属|外汇|国债,"37605632.99,36833319.21,36141421.46,37702308.61,37656443.87,38287446.45,39159037.05,41005019.33,39477342.35,39834856.84,40501472.2,41463582.96",1
C11784,53,女,广州,自由职业,253805.09,80230.12,62877.58,20535.73,14503.48,0.0,1,11772.71,普通客户,4,存款|理财产品|基金|保险,"247616.15,247735.11,253143.52,252304.2,263196.44,268738.39,272448.4,279048.15,282589.58,294068.27,296180.64,305215.61",0
C11785,37,女,深圳,公务员,2668150.17,1007869.66,233418.1,262313.61,235394.12,49740.27,3,381651.35,金卡客户,6,存款|理财产品|基金|保险|信托|外汇,"1846633.42,1873833.88,2143712.79,1943636.74,1871306.73,1943641.24,2044866.76,2163444.52,2162212.13,1985270.89,2022810.57,2339811.61",0
C11786,59,男,广州,专业人士,1904846.0,279162.42,233705.15,57106.32,18607.4,206282.45,2,47529.51,金卡客户,6,存款|理财产品|基金|保险|信托|贵金属,"1284795.66,1294587.72,1370471.31,1414442.0,1479323.95,1505811.05,1578712.22,1621765.09,1692042.08,1738892.64,1772153.5,1886756.07",0
C11787,34,女,南京,专业人士,2358166.58,181923.62,47210.97,435217.11,300657.2,327917.04,14,115195.55,金卡客户,6,存款|理财产品|基金|保险|信托|国债,"1693974.15,1744928.24,1963617.57,1879474.06,1983844.95,2055431.0,2084736.17,2100647.88,2140974.06,2222934.2,2235160.7,2337914.79",0
C11788,41,男,南京,自由职业,1937087.87,450292.05,426822.69,433978.94,157829.65,64607.8,9,225073.29,金卡客户,7,存款|理财产品|基金|保险|信托|外汇|国债,"1492510.44,1310947.82,1401068.24,1483542.41,1183839.35,1314650.22,1170865.37,1061341.48,1387815.92,1257771.91,1455917.17,1268740.85",0
C11789,53,男,成都,白领,401458.62,158220.38,1228.39,54683.86,9617.15,0.0,36,22524.47,银卡客户,5,存款|理财产品|基金|保险|贵金属,"376274.82,376676.11,450866.42,418446.65,483435.37,375745.79,470473.7,502443.79,491970.92,508277.75,531886.91,552706.59",0
C11790,54,女,深圳,白领,11133865.28,1635383.25,2120803.57,1457847.26,1500629.52,1499114.49,1,1456226.62,钻石客户,6,存款|理财产品|基金|保险|信托|贵金属,"7735374.55,7724121.24,7958817.49,8482602.83,9035257.63,9326716.84,9497277.94,10562238.42,10520150.62,10451523.74,11716652.58,11979825.49",1
C11791,42,男,苏州,自由职业,1365543.74,138744.14,230767.43,248345.22,185278.19,244168.61,10,43350.36,金卡客户,6,存款|理财产品|基金|保险|信托|外汇,"1160124.21,1225715.13,1192094.59,1247950.35,1305111.2,1275946.28,1344951.48,1301766.29,1489537.27,1530180.17,1422585.9,1604967.23",0
C11792,59,女,南京,退休,3782718.41,794625.33,510117.73,402007.58,397124.52,553191.13,40,317686.78,金卡客户,6,存款|理财产品|基金|保险|信托|贵金属,"2685593.22,2734480.11,2745461.13,2906603.89,3015915.91,3096042.57,3202248.38,3538979.47,3693220.2,3692319.54,3692885.36,3832844.31",0
C11793,18,男,南京,专业人士,446545.36,29965.02,94242.0,61679.99,29086.51,0.0,50,17065.75,银卡客户,4,存款|理财产品|基金|保险,"277308.21,283168.5,297841.86,304080.86,321948.95,329456.46,335798.94,363124.51,371840.62,387919.39,388243.49,399410.46",0
C11794,57,女,苏州,专业人士,9714719.83,2237659.88,2853651.46,1689273.88,945262.07,300665.22,3,729367.51,白金客户,6,存款|理财产品|基金|保险|信托|国债,"6223828.75,7101169.15,6501746.21,6113901.42,6780270.43,6099735.62,6368912.88,6725360.67,6292050.64,6254635.94,5964504.91,6156788.28",1
C11795,35,男,重庆,企业主,1223383.54,211651.77,68526.56,222013.85,149965.53,113137.41,5,77120.77,金卡客户,5,存款|理财产品|基金|保险|信托,"837802.16,890716.77,927350.71,1010177.75,1040528.33,1098511.31,1094951.69,1208781.28,1279677.88,1306536.64,1404095.26,1442373.03",0
C11796,72,女,北京,企业主,3043690.63,554549.92,257147.82,135895.68,261439.15,211556.22,13,353547.4,金卡客户,6,存款|理财产品|基金|保险|信托|外汇,"1956705.76,2046783.6,2103023.33,2281833.55,2166193.13,2335772.74,2471948.26,2687544.08,3045234.01,3042292.34,2925380.5,3291834.68",0
C11797,36,男,上海,专业人士,4539730.27,742839.41,383137.62,191578.87,266914.96,165283.51,7,132958.29,金卡客户,6,存款|理财产品|基金|保险|信托|外汇,"2884546.92,3285257.98,2929873.29,2783269.19,2970720.27,2813343.21,2906783.54,2293516.11,2752872.04,2491749.88,2554979.55,2480593.32",0
C11798,65,女,南京,高管,390779.63,77930.87,33081.19,48430.08,55804.21,0.0,13,51501.24,银卡客户,4,存款|理财产品|基金|保险,"235297.32,256482.24,223773.14,282283.8,256960.96,253455.41,252116.91,212309.63,259821.65,232940.16,240092.36,225195.47",0
C11799,25,男,北京,企业主,1246363.5,269450.05,78506.42,24782.36,80789.27,111792.95,6,172229.99,金卡客户,6,存款|理财产品|基金|保险|信托|贵金属,"850736.54,794320.08,814501.85,834746.4,824836.53,801445.5,878045.95,835358.23,877855.11,910989.68,829943.6,905009.39",0
C11800,46,女,苏州,白领,811485.99,166589.56,241985.4,75719.55,19787.09,0.0,1,112884.74,银卡客户,6,存款|理财产品|基金|保险|外汇|国债,"715694.97,668906.76,718833.19,719686.06,690764.65,712222.81,689117.91,709611.45,713300.84,741208.61,767075.67,715005.4",0
C11801,32,男,杭州,白领,774525.22,234005.72,171312.13,40144.25,44403.8,0.0,2,102077.84,银卡客户,5,存款|理财产品|基金|保险|外汇,"711780.65,796701.02,758685.23,795845.32,852635.48,870791.15,708537.72,832767.48,850123.31,888027.75,862440.58,905057.33",0
C11802,43,女,深圳,退休,300898.05,32820.67,25733.95,38072.19,16469.72,0.0,6,37345.9,银卡客户,7,存款|理财产品|基金|保险|贵金属|外汇|国债,"261561.37,273580.94,285323.52,286443.38,303204.86,315383.5,324202.04,337093.0,350893.13,355815.13,374859.34,390993.4",0
C11803,38,男,上海,白领,20403184.17,5116808.25,770057.9,1783029.54,1753897.51,1010318.45,50,1643694.68,钻石客户,7,存款|理财产品|基金|保险|信托|贵金属|国债,"15609000.01,16788147.31,17392003.19,18690331.1,19555788.2,20472697.96,20857744.13,22187343.76,22802485.89,23822636.62,25897156.4,26272478.57",1
C11804,25,男,北京,公务员,1799627.1,464704.19,313659.91,432975.83,79894.27,274291.91,5,252309.0,金卡客户,5,存款|理财产品|基金|保险|信托,"1682332.6,1683410.14,1622455.4,1768543.98,1893129.47,1546896.14,1859829.68,1928665.04,1888949.99,1686662.86,1781558.3,1950688.72",0
C11805,19,男,杭州,高管,3821346.84,584542.06,1009246.51,363367.48,318908.61,92038.5,11,172887.64,金卡客户,5,存款|理财产品|基金|保险|信托,"4002961.56,3624585.38,3418276.55,3687556.37,3881821.1,3787351.97,3283373.92,3241213.54,3455351.11,3356244.69,3359799.23,3449947.85",0
C11806,53,男,上海,专业人士,1822045.78,703483.79,417929.45,91894.11,205677.52,279222.99,6,197544.57,金卡客户,6,存款|理财产品|基金|保险|信托|外汇,"1397223.38,1482824.51,1473031.79,1529542.19,1553641.14,1576445.83,1517804.5,1550365.53,1594187.7,1524525.08,1529848.32,1694791.27",0
C11807,18,女,苏州,自由职业,1987122.14,709196.05,198680.14,109080.11,223086.7,36101.14,5,281615.24,金卡客户,6,存款|理财产品|基金|保险|信托|贵金属,"2170237.65,2145811.68,2140128.93,2539141.4,2310783.66,2416799.76,2175459.59,2615125.44,2919218.68,2718526.16,2878110.8,3017460.03",0
C11808,72,男,上海,白领,3295510.03,1068230.41,844509.27,786042.32,369529.63,35953.88,6,95775.38,金卡客户,6,存款|理财产品|基金|保险|信托|国债,"3214211.36,3290770.5,3387634.58,3470544.51,3582485.12,3633266.61,3664310.44,3861605.7,3833460.14,3933233.3,4062376.07,4246640.93",0
C11809,51,男,深圳,退休,899726.28,234075.84,49570.81,124490.12,95309.9,0.0,3,33970.13,银卡客户,4,存款|理财产品|基金|保险,"960891.49,901613.87,1032193.95,992190.3,1008204.54,1055294.98,1090246.94,1184573.69,1223029.63,1265143.63,1230131.26,1320856.74",0
C11810,21,女,上海,专业人士,5337002.31,1089320.0,1184835.54,961661.87,269873.49,545176.95,15,200347.78,白金客户,5,存款|理财产品|基金|保险|信托,"4886326.22,5037437.83,4896200.42,5130182.5,4955261.7,5341822.55,4788194.6,5106952.01,4785066.92,4808465.04,4959654.89,4603571.14",1
C11811,62,女,武汉,白领,3175485.58,861845.09,4027.03,409381.38,283532.55,610103.44,15,320938.35,金卡客户,6,存款|理财产品|基金|保险|信托|国债,"2487416.2,2376824.15,2405482.48,2381658.48,2342725.22,2319836.36,2241481.36,2243429.85,2279861.85,2156215.15,2198178.86,2167264.51",0
C11812,18,女,上海,高管,23714009.22,2030043.32,1680814.84,515213.28,1429875.62,3374295.17,46,1536294.67,钻石客户,8,存款|理财产品|基金|保险|信托|贵金属|外汇|国债,"20994225.15,22087056.96,21074050.13,22172212.84,23307286.88,24805141.45,23219632.44,25351049.53,28282613.86,26198664.44,27654195.06,31706081.63",1
C11813,41,男,成都,公务员,3400638.95,954199.13,660126.46,130212.44,464806.63,279499.93,2,399646.62,金卡客户,6,存款|理财产品|基金|保险|信托|贵金属,"3008735.43,3114609.66,3112494.02,3169744.16,3434699.77,3387064.06,3371503.99,3749834.83,3778077.22,4016068.61,3852323.87,3992280.81",0
C11814,48,男,武汉,退休,2913141.84,436558.21,804799.77,12650.98,119755.72,516354.29,50,334916.69,金卡客户,6,存款|理财产品|基金|保险|信托|贵金属,"1994718.5,2078831.79,2031692.8,2163881.86,2200703.28,2117840.63,2229782.0,2378015.52,2290846.92,2372926.82,2423950.05,2455093.6",0
C11815,55,女,南京,自由职业,1557926.27,576070.18,273685.36,27794.04,45448.8,73912.7,1,232333.5,金卡客户,6,存款|理财产品|基金|保险|信托|国债,"1007587.34,1042574.87,1085442.65,1185849.94,1218966.98,1320117.22,1259913.13,1386802.6,1443140.5,1466298.07,1590430.92,1563037.24",0
C11816,62,男,苏州,企业主,5235921.74,683425.29,1564793.68,385071.09,304673.11,887610.72,50,308312.23,白金客户,5,存款|理财产品|基金|保险|信托,"3837364.48,4000145.43,4307122.56,4229455.61,4284794.08,4496146.82,4816781.03,5045714.81,5187989.28,5487914.98,5754993.79,5967875.26",1
C11817,44,女,上海,专业人士,2683724.48,433735.73,664939.75,568510.84,383774.93,51285.73,5,185709.93,金卡客户,5,存款|理财产品|基金|保险|信托,"1774792.51,1760453.77,1670422.86,1652566.78,1572670.34,1768371.91,1740508.05,1648673.91,1671253.88,1692742.16,1668033.28,1516660.89",0
C11818,40,女,成都,白领,3999102.69,1479985.96,631940.11,440548.71,379853.83,443119.39,4,565048.08,金卡客户,5,存款|理财产品|基金|保险|信托,"2367245.05,2534490.7,2423103.66,2653601.53,2419688.71,2432020.0,2234457.81,2388516.91,2218393.85,2365364.34,2082940.45,2208957.38",0
C11819,60,男,重庆,专业人士,537062.82,82909.29,103442.85,20987.27,69842.91,0.0,23,34515.61,银卡客户,5,存款|理财产品|基金|保险|贵金属,"526220.37,518464.7,512082.66,513414.52,563536.98,560505.05,548884.41,587140.99,592362.23,629044.95,603861.29,634296.96",0
C11820,62,男,上海,企业主,5216747.24,1671358.98,519664.97,899476.58,605118.57,852039.53,9,257131.26,白金客户,7,存款|理财产品|基金|保险|信托|贵金属|国债,"5382670.24,5353831.3,5298570.96,4873776.79,5521912.13,5073701.1,4775590.38,5695619.4,5561100.74,5589833.8,5881083.4,5261910.74",1
C11821,30,男,上海,白领,10056439.67,834070.66,1206488.64,603041.62,807310.17,941773.47,8,733508.29,钻石客户,6,存款|理财产品|基金|保险|信托|贵金属,"6563671.14,6682737.33,6818468.09,6908041.37,7555937.26,7378998.41,7240882.2,7301681.97,8733450.45,8324731.15,7907131.99,8790764.09",1
C11822,27,女,北京,退休,1345564.06,116636.45,182725.67,94293.09,182316.55,14288.76,28,180921.17,金卡客户,5,存款|理财产品|基金|保险|信托,"1001909.25,1024371.51,936148.78,1006193.85,1001456.07,975547.86,1013617.89,1010424.61,1050370.37,988366.43,1061864.1,951431.75",0
C11823,53,女,深圳,白领,952329.8,228582.69,154339.1,170397.84,45984.39,0.0,9,124270.75,银卡客户,5,存款|理财产品|基金|保险|外汇,"876845.33,953445.65,969448.01,1080373.52,1008688.22,1010581.81,1102810.1,1094205.29,1177672.42,1203133.47,1230096.8,1213882.71",0
C11824,57,男,北京,白领,40870907.58,2596506.23,725088.35,3013567.69,3512447.91,8110639.65,6,3851897.58,钻石客户,8,存款|理财产品|基金|保险|信托|贵金属|外汇|国债,"31499230.68,33611922.94,35367936.18,31225669.32,36334091.96,37823798.28,37440120.81,36314945.17,38624533.41,36913716.41,34334136.61,36120721.41",1
C11825,41,女,北京,退休,5378824.01,451352.97,1343724.41,363.24,718030.52,71886.0,3,748071.67,白金客户,5,存款|理财产品|基金|保险|信托,"3520954.67,3366167.11,3561245.56,3345393.02,3340471.44,3257713.9,3247313.72,3220177.01,3195397.98,2944470.11,2943416.56,3095988.88",1
C11826,46,女,杭州,自由职业,970274.27,284759.22,34223.95,226684.74,22251.49,0.0,4,145348.29,银卡客户,4,存款|理财产品|基金|保险,"627281.96,627008.57,656814.97,675048.38,658061.45,673174.73,693519.52,687942.94,703397.53,690491.3,725120.95,745271.0",0
C11827,28,女,广州,企业主,2443435.58,398415.41,278440.61,351297.76,213050.89,287515.8,6,192598.36,金卡客户,5,存款|理财产品|基金|保险|信托,"1980559.7,2167231.72,2175118.1,2351168.67,2366978.8,2499970.7,2671729.46,2814602.83,2931087.35,3046703.46,3174165.08,3480884.95",0
C11828,50,女,重庆,专业人士,9416109.68,3219865.36,2457421.84,2282759.22,17744.09,1647337.66,7,640793.53,白金客户,5,存款|理财产品|基金|保险|信托,"7929520.68,9172505.85,8155215.19,7890714.99,7578602.01,7133068.0,6545807.55,7880412.03,6769791.18,6887037.56,6792693.55,7317731.79",1
C11829,33,女,北京,白领,1644936.32,95086.42,449828.41,290655.72,91080.59,124178.41,4,163799.47,金卡客户,7,存款|理财产品|基金|保险|信托|贵金属|外汇,"1126397.13,1178751.2,1257315.83,1178801.74,1307244.3,1288825.45,1364561.26,1401939.87,1469362.63,1475664.73,1495620.79,1573261.86",0
C11830,70,男,北京,自由职业,2554590.31,166395.19,693381.6,33612.4,281704.7,472520.92,7,224999.93,金卡客户,5,存款|理财产品|基金|保险|信托,"2461007.75,2286577.05,2813465.78,2546345.34,2615433.76,2617809.37,2691154.46,2893486.37,2972972.63,3043032.57,2997388.52,2801521.25",0
C11831,18,女,杭州,企业主,1524505.72,217109.56,196845.52,285705.92,62679.21,213931.46,2,59535.7,金卡客户,5,存款|理财产品|基金|保险|信托,"1417128.69,1382375.61,1391668.9,1582661.04,1610530.19,1663429.83,1751255.52,1719644.54,1861987.82,1902004.28,2017716.18,2104070.84",0
C11832,59,女,武汉,企业主,13651534.79,4702359.58,760551.6,729666.15,1609468.8,939032.29,1,543283.99,钻石客户,6,存款|理财产品|基金|保险|信托|国债,"8305748.89,8866937.75,8920747.78,9144148.62,9264850.06,9174668.4,9134502.26,9450711.0,9694170.45,9030317.47,9582473.55,9161328.51",1
C11833,48,女,苏州,公务员,1506815.69,159407.98,125057.89,113705.05,142545.07,239929.67,18,58359.45,金卡客户,6,存款|理财产品|基金|保险|信托|贵金属,"1072311.75,1119757.08,1110807.7,1082377.55,1061884.87,1044501.63,1046030.53,999820.5,1008021.32,960267.5,1062866.52,1014903.38",0
C11834,72,女,深圳,公务员,837219.06,326966.66,207883.93,196698.95,49884.68,0.0,2,109855.77,银卡客户,5,存款|理财产品|基金|保险|国债,"583283.49,560400.31,618844.45,610523.07,640737.3,606083.42,657235.37,673588.08,677010.74,719738.3,714856.82,728622.0",0
C11835,40,女,重庆,高管,11170440.11,4039894.06,1404647.22,2506694.7,108785.65,1976738.32,13,1164772.12,钻石客户,6,存款|理财产品|基金|保险|信托|外汇,"8582911.77,9511722.17,10275550.52,9572351.62,10809131.39,10725436.52,11089266.11,11630527.91,12150463.69,12732095.51,12092386.97,13624553.09",1
C11836,54,女,北京,专业人士,1889730.1,490366.31,83907.71,46435.91,16833.21,238325.1,2,34781.71,金卡客户,5,存款|理财产品|基金|保险|信托,"1504755.87,1541683.04,1734456.84,1790336.74,1842142.86,1964359.64,2006775.61,2124744.67,2030279.39,2387859.84,2242973.27,2376181.45",0
C11837,41,男,杭州,自由职业,1767000.48,327066.7,330885.96,212210.2,186969.49,218321.6,50,158035.6,金卡客户,5,存款|理财产品|基金|保险|信托,"1537312.32,1366891.63,1511177.9,1475338.76,1609014.37,1718853.68,1713268.78,1766577.3,1705380.19,1841115.78,2108521.69,1955831.01",0
C11838,39,男,苏州,企业主,4572875.43,762650.6,1304807.12,22908.27,152764.8,551637.3,8,405454.67,金卡客户,6,存款|理财产品|基金|保险|信托|外汇,"3725293.99,4019377.9,3860597.11,3626464.43,3903997.01,3940116.52,3613046.31,3416787.26,3734568.4,3820874.93,3725477.74,3874641.28",0
C11839,19,女,北京,企业主,2379159.11,903510.17,630098.19,487618.97,119261.89,303934.06,16,273743.28,金卡客户,5,存款|理财产品|基金|保险|信托,"2099733.96,2218150.75,2118217.22,2185834.44,1982433.94,2165287.13,2047210.58,2050638.38,2236822.86,2269168.58,2002616.15,2063852.87",0
C11840,43,男,北京,高管,11108219.83,3005137.07,3235610.06,755546.89,1315997.92,2024775.96,1,874765.27,钻石客户,6,存款|理财产品|基金|保险|信托|外汇,"9746778.58,11202344.16,10906040.59,10222063.79,11565041.13,10392151.61,11496674.41,11479337.85,11630716.28,12314092.53,12755034.67,13108490.3",1
C11841,43,女,深圳,退休,1682239.12,324063.23,400212.05,293819.4,12276.24,39491.05,13,216128.94,金卡客户,6,存款|理财产品|基金|保险|信托|贵金属,"1359233.74,1552659.87,1421638.46,1486448.28,1545153.63,1441689.6,1738282.09,1595557.43,1603481.77,1618185.09,1732412.81,1762076.49",0
C11842,28,女,苏州,专业人士,305751.05,99691.44,43999.93,20158.78,31268.48,0.0,1,7647.49,银卡客户,5,存款|理财产品|基金|保险|国债,"260531.79,258805.7,265988.71,274429.16,247011.15,244633.65,273719.09,240961.32,246051.01,269786.4,243628.67,236929.96",0
C11843,42,男,北京,白领,4003061.88,528771.64,1191385.8,532202.46,24822.3,618616.27,3,269856.95,金卡客户,5,存款|理财产品|基金|保险|信托,"3549862.97,3482069.73,3810347.8,3360948.43,3777836.75,3602564.28,3745276.1,3716481.67,3848198.98,4224901.08,4181327.85,3919522.85",0
C11844,39,男,广州,公务员,2824998.29,448817.62,181227.7,653301.84,13814.47,530364.15,9,41117.4,金卡客户,5,存款|理财产品|基金|保险|信托,"2809610.31,2972134.14,3079159.8,3194863.92,3307274.59,3643239.51,3747830.02,3948257.57,4084571.72,4304768.23,4510843.64,4752303.2",0
C11845,72,男,上海,专业人士,1387702.01,356641.28,24291.27,22152.67,88310.72,167665.59,10,86214.8,金卡客户,6,存款|理财产品|基金|保险|信托|国债,"1227399.36,1238949.71,1361314.34,1381640.04,1418733.9,1600454.34,1526911.04,1680102.7,1810598.82,1731051.38,1989009.28,2081204.24",0
C11846,37,男,北京,白领,3107668.01,225923.77,209987.13,197939.81,301716.47,249626.25,5,329298.42,金卡客户,6,存款|理财产品|基金|保险|信托|外汇,"1724382.01,1809737.49,1976653.5,2071455.58,2144879.66,2266620.5,2328603.94,2313827.54,2503376.84,2557192.66,2624113.58,2552668.2",0
C11847,55,男,武汉,白领,138127.08,53725.2,17197.71,26381.78,8549.56,0.0,12,7372.82,普通客户,4,存款|理财产品|基金|保险,"91813.07,93922.7,102341.44,101246.94,109208.73,108170.14,111675.15,117279.01,125849.71,128410.14,133950.41,141579.31",0
C11848,43,女,苏州,退休,366472.86,70053.98,104967.48,88215.73,10467.14,0.0,27,45851.71,银卡客户,4,存款|理财产品|基金|保险,"339842.1,353234.04,338598.49,344981.64,303599.52,341567.95,322774.54,336180.86,333949.41,325250.29,314734.12,328193.93",0
C11849,32,男,武汉,企业主,1332517.51,349883.14,184744.3,93158.5,6461.62,176455.73,7,175708.24,金卡客户,5,存款|理财产品|基金|保险|信托,"1043850.6,1100614.14,1161791.82,1151011.01,1132520.04,1245895.11,1299198.14,1191624.71,1300708.98,1353817.77,1370728.99,1372002.64",0
C11850,31,女,成都,公务员,218956.82,73391.59,56315.12,32340.62,3861.45,0.0,41,4116.2,普通客户,5,存款|理财产品|基金|保险|贵金属,"140663.48,147782.04,148484.76,147178.43,153861.31,153939.06,147629.44,158031.16,156785.39,158200.61,158946.15,160161.19",0
C11851,48,女,苏州,白领,1805979.76,321213.43,178034.94,298196.68,140469.74,170599.86,27,43532.15,金卡客户,5,存款|理财产品|基金|保险|信托,"1670236.26,1695406.67,1820080.71,1842500.51,1926192.04,1996325.55,2077691.24,2168160.36,2262197.27,2296091.72,2442621.86,2615969.36",0
C11852,18,女,北京,退休,1182373.01,451454.58,160996.79,134267.52,87915.76,98304.44,1,177035.8,金卡客户,6,存款|理财产品|基金|保险|信托|贵金属,"797708.12,1016491.16,934293.5,842460.41,862330.84,865328.49,758039.06,888786.65,893354.18,815975.89,859253.26,966666.37",0
C11853,18,男,杭州,退休,684547.87,56324.24,122697.51,134848.79,99556.51,0.0,24,15495.18,银卡客户,5,存款|理财产品|基金|保险|国债,"645057.8,640717.94,580544.25,485951.67,568536.24,527975.35,575246.89,464384.57,557221.93,522450.02,519615.65,520885.79",0
C11854,44,女,武汉,公务员,1596542.21,605182.99,390347.51,41013.42,105414.49,317673.02,1,81697.06,金卡客户,6,存款|理财产品|基金|保险|信托|国债,"1358387.03,1484240.04,1617964.98,1729817.99,1594258.85,1766086.22,1790404.77,2160622.24,2097404.01,2185155.09,2282057.67,2293119.35",0
C11855,52,男,南京,公务员,3129268.84,455489.38,122426.25,699734.08,186304.62,239396.47,9,386153.56,金卡客户,6,存款|理财产品|基金|保险|信托|贵金属,"3004752.62,2966670.0,3192815.09,3303622.94,3341578.88,3582495.54,3904883.01,4057231.59,4198987.83,4353603.1,4460678.56,4545420.71",0
C11856,53,女,广州,白领,351978.6,47293.72,92327.51,22258.52,32598.59,0.0,1,20963.63,银卡客户,4,存款|理财产品|基金|保险,"253269.05,271807.82,294886.83,255786.57,301829.71,265615.89,257346.03,294794.85,287977.56,239802.53,271722.06,252528.17",0
C11857,56,女,南京,白领,1554799.47,196759.37,279458.76,15722.59,37049.77,309552.72,5,98770.81,金卡客户,6,存款|理财产品|基金|保险|信托|外汇,"1031448.77,1216304.21,1140829.98,1188586.35,1162713.48,1267991.55,1123818.09,1214585.98,1180173.87,1291756.58,1328470.1,1284485.95",0
C11858,52,女,成都,白领,4248885.61,402542.92,669523.42,123552.97,495759.6,442356.91,12,319812.48,金卡客户,6,存款|理财产品|基金|保险|信托|外汇,"3863308.97,4016412.59,4113757.04,3498952.15,3912948.36,3536428.71,4217358.0,4029701.37,3811662.3,3886716.79,3364544.38,4057547.8",0
C11859,31,男,南京,白领,11534842.54,4129926.73,2869762.5,367886.78,1287969.05,1037592.4,11,654526.81,钻石客户,5,存款|理财产品|基金|保险|信托,"10694654.03,10517478.23,10588391.63,10714831.61,10946875.3,11067924.07,12410428.05,12940342.47,11667501.91,11798019.87,12552898.66,12283734.3",1
C11860,29,女,重庆,企业主,1982591.03,609906.76,517436.45,35524.56,268354.7,24440.25,6,277477.7,金卡客户,6,存款|理财产品|基金|保险|信托|国债,"1449566.11,1491184.61,1463881.72,1599517.57,1699308.43,1835920.84,1772141.27,1826888.97,1911263.63,1665128.44,1991525.89,1924253.77",0
C11861,35,女,深圳,退休,2243733.02,555191.64,606877.16,397458.2,313746.7,215009.3,11,328989.82,金卡客户,6,存款|理财产品|基金|保险|信托|国债,"1703257.0,1963511.64,2023309.53,2132196.44,2184703.53,2354318.18,2320329.92,2385836.26,2544970.44,2673242.47,2694118.47,2808316.25",0
C11862,41,女,武汉,退休,2681335.09,145135.86,169824.95,645464.39,283428.37,369222.47,3,28345.97,金卡客户,5,存款|理财产品|基金|保险|信托,"1813659.51,1760894.81,1783913.44,1774720.9,1774277.08,1776314.66,1764919.19,1727295.79,1832258.89,1788268.63,1771013.62,1784864.14",0
C11863,49,男,上海,企业主,753936.42,231020.28,105987.58,105664.49,68846.04,0.0,14,36112.54,银卡客户,6,存款|理财产品|基金|保险|贵金属|国债,"504520.47,518906.25,548088.11,560526.22,569091.84,595305.84,599912.82,587612.13,607802.86,686988.95,649252.9,660217.82",0
C11864,22,女,苏州,白领,909814.83,303028.74,69633.46,151262.17,7915.21,0.0,8,49456.77,银卡客户,5,存款|理财产品|基金|保险|外汇,"884572.06,808891.0,789063.23,885612.07,877082.08,839143.92,825015.87,981742.12,848088.09,928235.49,850957.13,832070.46",0
C11865,66,男,上海,公务员,1828809.78,430937.48,397201.05,69629.62,40302.89,126332.41,15,273003.57,金卡客户,5,存款|理财产品|基金|保险|信托,"1418515.45,1486857.78,1549898.96,1395706.07,1459430.87,1537078.88,1555839.41,1555682.54,1599047.56,1618351.41,1531154.08,1517918.14",0
C11866,33,女,广州,自由职业,1036892.24,218874.85,50927.55,248213.51,80167.41,107537.95,22,52124.68,金卡客户,6,存款|理财产品|基金|保险|信托|贵金属,"718382.59,718888.83,800118.95,716102.93,748142.23,674515.83,651738.9,681330.44,696228.94,773694.89,777679.35,637235.47",0
C11867,36,男,苏州,退休,748175.72,62222.25,18671.08,88288.26,80431.1,0.0,15,88566.69,银卡客户,5,存款|理财产品|基金|保险|国债,"706911.24,754838.72,722054.67,750494.2,756928.3,798950.05,796086.88,863671.63,884386.8,887483.26,897426.01,913381.33",0
C11868,34,女,深圳,退休,4461302.0,1451743.6,1329199.01,927406.45,107435.27,200358.71,36,362757.22,金卡客户,6,存款|理财产品|基金|保险|信托|外汇,"2982378.77,2992560.88,3167785.69,3461196.04,3320057.53,3481111.92,3939944.18,4055150.15,4027176.78,4119762.18,4131097.87,4343363.95",0
C11869,33,男,武汉,企业主,4940611.77,523757.2,58572.23,946052.55,126656.36,45058.36,16,144850.25,金卡客户,6,存款|理财产品|基金|保险|信托|国债,"5113085.41,4589014.26,5153685.07,5664405.08,5297011.74,6053792.8,6153702.88,6584365.95,6552702.66,6902743.9,6954363.41,7384142.71",0
C11870,33,男,杭州,高管,3073603.77,708170.34,331114.1,701674.67,286189.17,78117.99,1,359975.83,金卡客户,5,存款|理财产品|基金|保险|信托,"2477275.9,2517861.83,2558206.95,2663566.11,2530685.99,2609909.38,2563773.16,2663019.88,2750707.84,2582473.47,2667504.27,2790296.44",0
C11871,57,女,上海,退休,3792394.66,1223586.07,972070.47,164864.93,174264.8,456080.7,31,191724.41,金卡客户,6,存款|理财产品|基金|保险|信托|外汇,"3936773.29,3666213.19,3598356.12,3629802.59,3652258.35,3729412.03,3495745.63,3766708.34,3659872.04,3479114.84,3510673.62,3445591.24",0
C11872,45,女,北京,白领,14890434.44,1640615.29,3612586.33,2100201.67,1650966.09,633834.25,26,2047622.79,钻石客户,7,存款|理财产品|基金|保险|信托|贵金属|国债,"11087809.54,11188915.79,12009367.02,13059383.64,12677986.09,14121832.77,14369317.8,15577570.42,17201305.06,17333288.75,17402734.48,18712051.82",1
C11873,53,女,苏州,公务员,1102732.96,426477.39,166667.58,244159.66,83895.68,147410.27,50,70640.86,金卡客户,6,存款|理财产品|基金|保险|信托|国债,"656891.25,700958.21,690063.86,726724.49,740007.88,746232.77,774690.93,812837.75,818708.6,844116.88,879953.22,910397.47",0
C11874,54,女,苏州,退休,2409941.22,236945.23,488321.89,121395.46,125064.6,245629.85,19,29288.48,金卡客户,6,存款|理财产品|基金|保险|信托|贵金属,"2269683.36,2517471.0,2498355.62,2001217.4,2179914.1,2162529.06,2491954.81,2293404.56,2639074.93,2324965.52,2537925.28,2370524.53",0
C11875,53,男,北京,企业主,2093502.03,144547.41,587351.69,62373.74,220434.42,224035.35,3,182952.05,金卡客户,6,存款|理财产品|基金|保险|信托|贵金属,"1750387.22,1641198.07,1618835.15,1792946.58,1731186.53,1853871.79,1841809.42,1813855.64,1937620.56,1818617.05,1765663.32,2026907.22",0
C11876,41,女,北京,高管,6812528.9,1074079.27,536435.53,1627919.68,373911.39,769463.52,3,711218.5,白金客户,6,存款|理财产品|基金|保险|信托|国债,"4892056.12,5019492.83,5236112.36,5561614.71,5827029.18,5995818.77,6335134.25,6651049.21,6774397.87,7201081.25,7261617.33,7704591.1",1
C11877,39,女,北京,企业主,2685280.13,590599.7,687298.92,95483.18,280976.73,294782.85,2,303854.15,金卡客户,6,存款|理财产品|基金|保险|信托|国债,"1745562.24,1791534.79,1811394.84,1703563.25,1731683.32,1783747.98,1760481.67,1687381.85,1777556.29,1866277.45,1812611.62,1841187.13",0
C11878,37,女,武汉,白领,36477022.62,3922644.22,2917678.71,4679450.68,73781.17,6347936.8,32,1276531.01,钻石客户,7,存款|理财产品|基金|保险|信托|贵金属|外汇,"34145258.26,34575297.11,35969726.36,33615309.45,37224988.76,38430983.76,42279907.71,45886231.07,45069736.7,47185650.74,45616216.93,46238276.13",1
C11879,41,男,上海,高管,13782993.01,2250954.26,3575319.37,3287322.95,608175.55,2495507.03,8,2062488.03,钻石客户,6,存款|理财产品|基金|保险|信托|外汇,"10225017.94,10928182.61,11355491.2,12016960.87,12461122.6,13135643.65,13917203.99,14448951.15,15353691.0,15958771.22,16585078.73,17472454.27",1
C11880,58,男,上海,专业人士,581497.9,207204.41,8897.64,7259.44,48129.06,0.0,4,20813.59,银卡客户,5,存款|理财产品|基金|保险|外汇,"360885.07,385646.77,423072.06,457475.05,466192.65,518064.23,546152.48,512288.38,515506.62,561859.95,598295.3,677342.44",0
C11881,39,男,南京,高管,37291601.29,6835903.63,9437929.62,2883245.29,3664986.82,6333252.49,2,1169870.56,钻石客户,8,存款|理财产品|基金|保险|信托|贵金属|外汇|国债,"35347309.67,37542547.83,30536458.1,36887791.93,33522447.68,30513778.49,33041648.48,36562369.47,32189643.57,33873357.1,29170171.07,28498533.19",1
C11882,28,女,深圳,专业人士,5347961.72,1688298.44,669884.37,985874.45,572840.45,773541.42,7,551081.54,白金客户,6,存款|理财产品|基金|保险|信托|外汇,"3541717.87,3172210.47,3042311.52,3270056.19,3278929.92,3412960.93,3388433.22,3811876.04,3515375.97,3187997.71,3672355.46,3275452.38",1
C11883,53,男,苏州,退休,2302128.17,725372.15,75926.53,491549.91,58945.92,31621.61,10,54526.96,金卡客户,5,存款|理财产品|基金|保险|信托,"2023830.73,2142382.35,2200831.71,2458248.49,2593002.0,2487808.65,2872246.87,2967516.96,2900018.76,3038014.85,2849963.48,3128201.56",0
C11884,26,男,上海,白领,532252.24,162273.14,99292.44,120050.21,21087.17,0.0,4,71790.67,银卡客户,4,存款|理财产品|基金|保险,"502706.87,442888.08,461780.18,446706.45,411176.6,552886.95,510008.99,384336.18,380665.99,416778.25,385702.08,524961.31",0
C11885,32,男,武汉,白领,1305974.26,498131.42,8022.88,264901.08,100244.89,161630.64,1,138217.21,金卡客户,5,存款|理财产品|基金|保险|信托,"1234169.13,1192555.78,1221742.61,1214654.7,1322479.95,1230756.19,1316986.19,1296065.09,1361395.9,1444991.85,1383832.82,1450881.2",0
C11886,43,男,上海,公务员,976398.62,144780.98,64227.45,125568.4,42602.77,0.0,9,89814.15,银卡客户,4,存款|理财产品|基金|保险,"950595.08,968617.05,992111.24,1023268.9,1024500.28,1084564.4,1037468.36,1090033.33,1072963.7,1105116.1,1151809.52,1124470.04",0
C11887,49,男,上海,退休,4846833.49,1259721.93,264878.6,586528.36,483250.21,362759.64,8,423472.47,金卡客户,6,存款|理财产品|基金|保险|信托|贵金属,"3504480.87,3550048.33,3861377.71,3823257.03,3997405.49,4197132.39,4346545.34,4517511.95,4660110.9,4884133.63,5017262.28,5097608.18",0
C11888,18,男,成都,退休,1901515.61,195947.54,465617.69,302384.36,152827.22,284815.67,2,235952.15,金卡客户,5,存款|理财产品|基金|保险|信托,"1474215.9,1506057.07,1332343.11,1520405.42,1662751.15,1380496.14,1542735.93,1323561.68,1498151.0,1588613.42,1490522.08,1569634.93",0
C11889,37,女,武汉,退休,10234925.66,671158.16,2259656.62,1353229.86,609700.83,1569889.56,9,483852.14,钻石客户,5,存款|理财产品|基金|保险|信托,"8754528.11,8050676.99,8790795.99,8836015.16,8388625.32,7510426.81,7829239.83,8581626.83,8830789.37,7936868.51,7748140.43,7309138.28",1
C11890,27,男,成都,白领,2097370.58,571738.38,449026.62,304907.6,262957.7,346794.34,10,312882.03,金卡客户,6,存款|理财产品|基金|保险|信托|贵金属,"2140248.03,2123226.98,2082297.2,2008989.45,2288194.53,2219349.39,2575512.13,2440692.9,2546815.54,2771419.59,2813494.1,3084205.63",0
C11891,41,女,北京,企业主,18129930.13,3233604.63,1087273.83,3636505.38,1623302.97,114582.85,5,2222552.32,钻石客户,7,存款|理财产品|基金|保险|信托|外汇|国债,"18365368.17,18926359.19,14936748.33,19756379.68,16181034.16,19019905.44,16260040.98,20798650.74,19400345.2,21168945.96,20306965.47,22419147.97",1
C11892,19,女,重庆,白领,3297703.75,903382.08,301526.3,524737.46,474627.79,427636.56,6,423557.56,金卡客户,5,存款|理财产品|基金|保险|信托,"2642675.23,2798380.08,2740324.82,3074482.01,2913838.06,3160986.18,2874111.21,2817644.25,3338747.53,3275627.93,3407231.51,3081539.31",0
C11893,70,男,苏州,白领,21268728.03,2504692.4,4141833.2,5070653.49,2865821.29,360594.38,50,370790.64,钻石客户,7,存款|理财产品|基金|保险|信托|外汇|国债,"13273569.14,13959684.76,14473604.34,14728140.72,15602080.3,16336688.59,16765283.24,17746081.59,18211870.93,18876682.71,19661694.7,20281062.11",1
C11894,51,女,苏州,退休,898063.83,212343.87,10313.11,172849.48,128810.43,0.0,29,109243.99,银卡客户,4,存款|理财产品|基金|保险,"794528.61,826105.22,838183.59,803165.51,813483.92,780191.73,851484.24,774284.45,702452.85,715998.29,753272.91,788551.77",0
C11895,51,男,杭州,公务员,506807.16,69847.73,38589.95,109559.06,11893.83,0.0,48,13803.4,银卡客户,7,存款|理财产品|基金|保险|贵金属|外汇|国债,"353786.65,337670.5,340945.55,350070.84,347610.67,317055.47,326095.54,329216.45,320522.04,310819.93,289401.01,326354.08",0
C11896,72,男,深圳,白领,3839515.08,905250.23,78162.3,743973.23,542138.51,654133.54,12,356244.42,金卡客户,6,存款|理财产品|基金|保险|信托|国债,"3298444.57,3780211.79,3752522.16,4221712.63,4093963.53,4210956.08,4417703.45,4759817.69,5037738.56,5132182.03,5221361.87,5395727.66",0
C11897,56,女,广州,自由职业,6829359.55,1578602.72,2032742.23,697201.82,183666.06,1138056.58,1,108492.45,白金客户,6,存款|理财产品|基金|保险|信托|外汇,"5344417.44,6695379.39,5783146.25,5973126.86,5568846.25,6736395.75,6314363.39,6142910.48,6476376.28,6087328.94,6011368.06,5792610.28",1
C11898,25,男,成都,自由职业,5734323.95,853608.3,425543.05,37666.71,173843.6,300951.72,8,159110.35,白金客户,6,存款|理财产品|基金|保险|信托|外汇,"3947091.62,4433132.02,3928580.32,3979550.76,3363103.4,4432843.51,3291974.69,3745396.91,2994119.75,3433362.55,4111371.75,3894736.57",1
C11899,59,女,深圳,企业主,9516287.71,2222923.53,1597569.62,1524537.27,1425337.17,118108.43,9,123384.43,白金客户,5,存款|理财产品|基金|保险|信托,"9778006.37,8408334.8,9467627.0,9644413.02,9544571.71,9731193.65,11142693.2,10204994.97,10363009.18,11116783.22,10902229.75,11721554.93",1
C11900,29,男,武汉,白领,1758746.59,563086.86,246620.47,162206.44,219343.97,60955.0,13,88045.17,金卡客户,5,存款|理财产品|基金|保险|信托,"1685476.5,1652705.13,1671801.74,1641093.42,1664961.35,1629901.04,1670644.71,1626533.05,1542418.99,1560973.08,1592193.46,1682768.41",0
C11901,30,女,重庆,白领,1582799.69,172747.17,34889.25,291188.47,188387.95,257875.0,7,213113.71,金卡客户,5,存款|理财产品|基金|保险|信托,"1478638.77,1498097.94,1454937.52,1475091.45,1446222.54,1421554.01,1390712.31,1416672.07,1397545.27,1335236.29,1298293.23,1325525.13",0
C11902,62,男,南京,白领,348959.06,50515.74,41668.91,81608.5,39214.75,0.0,8,13902.39,银卡客户,5,存款|理财产品|基金|保险|国债,"238809.98,237337.87,226147.05,244551.64,256102.61,238345.75,238046.19,237711.53,257108.57,247963.64,253142.98,250072.86",0
C11903,38,男,深圳,白领,1877477.64,629657.78,555570.34,261582.47,121750.77,237137.87,1,146596.07,金卡客户,6,存款|理财产品|基金|保险|信托|贵金属,"1421802.78,1418944.64,1749643.86,1847930.4,1571168.43,1381777.31,1753517.35,1501669.92,1648015.4,1540833.55,1544260.61,1498760.31",0
C11904,65,女,苏州,高管,6568380.64,2161547.16,1238578.8,1472854.57,591851.8,1085672.59,4,474037.41,白金客户,5,存款|理财产品|基金|保险|信托,"4890937.39,5343919.5,5568860.1,5737353.24,5656005.59,6092810.34,6101746.68,6285069.32,6560122.42,7022951.75,7065568.29,7287857.72",1
C11905,69,女,深圳,专业人士,683132.31,144770.93,176250.09,81312.67,49245.06,0.0,5,31070.01,银卡客户,4,存款|理财产品|基金|保险,"604558.55,577660.82,541318.0,544021.92,563453.24,596641.18,548066.49,563325.82,538134.45,558693.11,510570.36,557245.29",0
C11906,48,男,深圳,退休,915469.21,165107.64,184055.33,29945.85,98180.16,0.0,4,25515.09,银卡客户,4,存款|理财产品|基金|保险,"1014016.31,1046073.53,970155.85,1019852.7,1067774.31,1122178.35,1175172.95,1165524.05,1149822.77,1313463.43,1468582.34,1447757.06",0
C11907,43,男,深圳,自由职业,3609391.22,238995.02,1075302.2,615479.15,524619.39,482376.34,3,158523.16,金卡客户,5,存款|理财产品|基金|保险|信托,"2914645.18,2735962.66,2788733.45,2721837.78,2771450.69,2777841.41,2564752.67,2897222.8,2798228.61,2841740.37,2890032.94,2798622.18",0
C11908,49,男,北京,自由职业,425030.78,125419.0,113241.7,104402.16,30580.15,0.0,10,62393.34,银卡客户,5,存款|理财产品|基金|保险|外汇,"282435.21,278779.35,282027.32,278233.45,288269.28,288004.85,294572.48,293285.69,301325.22,303032.57,304848.7,312011.86",0
C11909,50,女,深圳,专业人士,2259781.02,120189.15,555979.76,95594.69,243348.73,6834.43,10,57711.7,金卡客户,6,存款|理财产品|基金|保险|信托|外汇,"2135943.04,2126024.72,2135398.85,2028436.83,2084834.31,2116026.6,2050791.69,2176663.79,1958027.98,2164611.3,2147091.39,2261344.83",0
C11910,74,女,武汉,自由职业,1260227.48,416142.5,116258.49,307533.06,122823.27,81528.27,1,99252.15,金卡客户,5,存款|理财产品|基金|保险|信托,"1019306.26,1058808.06,1047312.61,1104092.68,1192093.71,1168760.05,1193659.45,1311135.37,1365472.01,1348295.74,1437968.97,1468798.0",0
C11911,36,男,武汉,退休,514188.56,48365.25,89934.03,5167.91,54971.27,0.0,1,7837.28,银卡客户,5,存款|理财产品|基金|保险|外汇,"355731.51,354330.87,308378.06,314059.8,298552.48,331385.44,321859.6,282843.56,299015.09,315455.06,308130.01,327458.8",0
C11912,27,男,北京,自由职业,1569362.94,204839.08,407422.32,119233.35,52235.91,95491.38,9,39306.5,金卡客户,6,存款|理财产品|基金|保险|信托|贵金属,"1539429.84,1533641.8,1552123.56,1589336.4,1620197.71,1621294.15,1647305.56,1673593.71,1730258.1,1709489.3,1761271.48,1881971.2",0
C11913,58,男,北京,白领,46919560.37,18451156.29,6161592.07,2301316.71,4790307.45,7654251.21,50,3769072.16,钻石客户,8,存款|理财产品|基金|保险|信托|贵金属|外汇|国债,"30183047.64,28150510.96,28669369.19,27372303.07,30067904.96,29231107.34,27540370.64,25715493.88,27971908.49,28185455.6,25452285.11,26227484.22",1
C11914,46,女,深圳,高管,17525177.09,3441108.21,3229310.75,3368825.31,637848.01,657971.98,4,1367340.02,钻石客户,6,存款|理财产品|基金|保险|信托|国债,"10834201.46,10697439.31,10621258.64,11444819.21,11473575.65,11662504.78,11739826.13,11718543.51,12142264.66,12016583.66,11937356.58,11645484.29",1
C11915,55,男,北京,公务员,750976.97,69110.73,225009.76,78641.25,24367.11,0.0,19,24810.65,银卡客户,4,存款|理财产品|基金|保险,"609071.15,642565.65,644243.24,684350.81,735513.93,779640.19,816070.99,855742.79,905392.28,953808.74,965848.95,1002113.29",0
C11916,54,男,武汉,公务员,7815300.87,480021.81,524781.34,1534115.28,859643.71,294404.14,3,627506.62,白金客户,5,存款|理财产品|基金|保险|信托,"6951007.54,7093879.31,7301752.08,7834557.09,7251704.61,6214889.5,7381942.1,7503027.09,6603284.6,8242351.34,6261733.67,7945375.61",1
C11917,22,女,武汉,退休,711258.44,65700.32,38331.37,150478.3,59334.95,0.0,12,52451.14,银卡客户,6,存款|理财产品|基金|保险|外汇|国债,"516192.18,520654.41,541107.31,527586.24,514499.52,507645.25,512905.44,501757.83,508902.99,490475.69,493104.48,499969.87",0
C11918,49,男,成都,公务员,2152469.07,222058.44,572499.19,72190.82,191367.51,136974.9,1,209766.01,金卡客户,5,存款|理财产品|基金|保险|信托,"1910024.93,2095458.33,2109325.94,2113136.37,2296405.39,2383561.79,2481612.34,2541666.03,2660664.5,2760611.9,2955311.28,2844792.6",0
C11919,29,男,杭州,企业主,36662152.16,3839029.39,4759195.11,8053501.4,2518952.68,2513039.91,21,3599011.81,钻石客户,8,存款|理财产品|基金|保险|信托|贵金属|外汇|国债,"27569687.13,28978299.12,30710527.09,29114705.41,30938952.08,30110421.28,30078281.09,28844411.32,31702884.79,30877409.73,29424758.45,31477139.63",1
C11920,36,女,杭州,白领,2332012.54,280608.03,390472.98,309362.97,216748.07,395238.84,9,314999.93,金卡客户,5,存款|理财产品|基金|保险|信托,"1860562.31,1782659.22,1846081.46,1831009.57,1839612.8,1832936.51,1882184.65,1926198.63,1833798.24,1888735.02,1903366.75,1894024.59",0
C11921,62,女,重庆,白领,4390654.11,817089.62,658629.49,672273.54,46747.83,524387.97,5,398840.05,金卡客户,5,存款|理财产品|基金|保险|信托,"3405956.67,3413500.29,3680734.4,3751322.93,4325365.61,4159688.89,4121695.31,3718972.02,4308740.63,4772290.94,4594057.68,4849857.46",0
C11922,50,男,武汉,退休,1392992.07,98400.36,156680.65,216152.66,131404.19,271088.64,1,22398.71,金卡客户,5,存款|理财产品|基金|保险|信托,"1127293.56,1154694.96,1120720.59,1246950.73,1285192.44,1329132.11,1369028.02,1509596.86,1481840.55,1570146.43,1623789.28,1673952.89",0
C11923,56,男,武汉,企业主,6444435.79,1111897.56,1836631.59,997026.04,588426.26,841734.94,13,481936.08,白金客户,7,存款|理财产品|基金|保险|信托|贵金属|外汇,"5701560.43,5794575.33,6160674.72,6019903.28,6065273.34,6094168.15,6454541.64,6404220.17,6079714.8,6116978.88,5967948.27,6120710.41",1
C11924,64,男,成都,企业主,10281319.23,1540847.63,3079753.37,2371860.81,227575.13,1886356.39,39,871105.54,钻石客户,7,存款|理财产品|基金|保险|信托|外汇|国债,"7200330.2,7920901.91,7896317.42,7644893.09,8956693.21,7838548.2,8727193.43,8598187.79,9641253.99,9979876.97,8780839.44,9639573.84",1
C11925,49,男,广州,公务员,1603767.42,450155.83,403906.3,41833.3,184210.23,239147.32,38,200085.6,金卡客户,5,存款|理财产品|基金|保险|信托,"1148367.97,1086733.97,1166072.77,1179242.27,1141626.37,1124594.19,1189149.02,1174573.94,1201967.89,1120139.05,1154225.32,1159161.12",0
C11926,48,女,杭州,高管,10770016.1,3861911.66,50424.93,557826.61,409185.11,566493.75,10,643063.11,钻石客户,5,存款|理财产品|基金|保险|信托,"9407408.78,9852865.25,9936701.31,9358810.82,10695144.08,9981379.64,12658624.56,10777806.02,11651444.65,12917754.0,12060782.51,12370242.06",1
C11927,18,女,重庆,自由职业,2005858.81,257139.38,243256.71,340870.72,174183.23,202885.52,3,248772.19,金卡客户,5,存款|理财产品|基金|保险|信托,"1744618.13,1721586.19,1827604.94,1846984.83,1717912.78,1843293.8,1843122.46,1844780.27,1813942.78,1903913.96,1916653.07,1913879.07",0
C11928,57,男,苏州,退休,6435573.22,1069608.12,758382.91,200205.61,476254.15,969577.59,20,493900.21,白金客户,6,存款|理财产品|基金|保险|信托|国债,"3998061.18,4222967.67,4292284.68,4529269.76,4546081.77,4772888.43,4979878.57,5093098.52,5573258.56,5487510.38,6039624.47,5962173.55",1
C11929,41,女,上海,自由职业,1597403.78,374615.88,150411.1,199858.06,172125.78,228254.69,2,222230.15,金卡客户,5,存款|理财产品|基金|保险|信托,"1229694.17,1186856.31,1163755.41,1234586.0,1203125.69,1226637.02,1179175.07,1172518.31,1191986.37,1191458.19,1155018.21,1147336.49",0
C11930,58,男,杭州,自由职业,3842897.37,1228655.45,1027793.81,267152.32,398278.35,87627.74,1,415829.33,金卡客户,6,存款|理财产品|基金|保险|信托|贵金属,"3776024.35,3606501.56,3986147.03,4135273.07,4204416.65,4047363.01,4239046.32,4296552.11,4472257.35,4507485.65,4718812.87,5162252.81",0
C11931,40,男,杭州,企业主,35952555.3,6084323.1,2644031.43,6818364.51,2318833.13,6616984.81,7,5270532.17,钻石客户,8,存款|理财产品|基金|保险|信托|贵金属|外汇|国债,"32307263.11,37853391.48,35882630.57,36296766.39,38364369.78,37035499.94,40243787.77,40988063.99,40919348.8,42649594.01,47083882.95,46008575.75",1
C11932,30,男,苏州,公务员,2715937.3,583087.79,767000.51,92211.63,299448.99,162500.72,19,378101.29,金卡客户,6,存款|理财产品|基金|保险|信托|贵金属,"1542862.35,1679560.91,1589153.84,1468032.23,1532148.3,1364338.43,1659051.82,1371991.59,1713156.55,1373442.97,1521110.45,1652059.29",0
C11933,48,男,北京,专业人士,234640.15,56593.4,36121.94,10995.84,26466.5,0.0,3,7640.57,普通客户,4,存款|理财产品|基金|保险,"190531.49,185054.04,190260.94,190853.41,216183.16,219808.42,230236.62,210725.61,249335.91,242643.98,233530.65,251267.22",0
C11934,37,女,杭州,企业主,1463067.5,94628.65,170748.33,316614.16,182791.98,107648.53,15,113562.37,金卡客户,5,存款|理财产品|基金|保险|信托,"1117878.62,1225692.04,1154705.08,1226047.27,1272219.84,1278929.41,1404424.7,1378018.26,1494707.21,1472146.82,1485396.89,1545685.05",0
C11935,20,女,成都,高管,7267711.64,2115140.06,390041.31,1545680.81,437793.49,320950.67,1,752170.78,白金客户,6,存款|理财产品|基金|保险|信托|外汇,"6305997.81,5465298.88,5073142.03,5443892.7,5168380.39,5786544.67,4945889.44,5634173.67,5170348.79,4626828.62,5328746.59,5564182.77",1
C11936,46,女,成都,专业人士,1928650.34,471856.99,215172.98,39298.99,244291.61,261535.29,2,198464.91,金卡客户,5,存款|理财产品|基金|保险|信托,"1291543.82,1326139.08,1397541.34,1437278.13,1523090.79,1551227.45,1651193.67,1715985.74,1819284.5,1899565.5,1952551.68,1997885.52",0
C11937,22,男,重庆,退休,6817807.63,2578020.55,1713016.29,1580511.43,351088.06,292947.62,18,262311.96,白金客户,5,存款|理财产品|基金|保险|信托,"4438471.66,3915008.29,3841808.6,4370556.65,4284153.76,4340970.67,4346483.67,4580476.5,4479320.58,4472514.2,4721802.94,4605992.43",1
C11938,47,男,北京,公务员,8678394.68,2911661.47,2096292.41,1846877.53,1000980.88,106952.21,8,969356.81,白金客户,6,存款|理财产品|基金|保险|信托|国债,"9112601.15,8170634.05,7938306.87,8378007.2,8722855.95,8330738.95,8320355.49,9029116.55,9889834.7,9057942.73,8496396.63,9308356.46",1
C11939,71,男,成都,高管,498646.15,112084.78,120047.27,115164.86,25008.32,0.0,14,66443.53,银卡客户,6,存款|理财产品|基金|保险|外汇|国债,"456418.58,450357.63,463056.67,486300.97,511923.07,530453.55,508922.08,492907.05,531658.62,486997.32,510553.11,526779.76",0
C11940,18,男,上海,退休,2133170.52,182351.31,55974.19,503439.75,34404.86,160439.91,2,250934.03,金卡客户,5,存款|理财产品|基金|保险|信托,"1324221.73,1377971.11,1449480.54,1361997.8,1455600.35,1360872.57,1394623.04,1496849.99,1508069.36,1616083.74,1651477.21,1686149.25",0
C11941,53,男,成都,退休,8975125.77,1144624.83,2461784.28,2189941.07,927830.61,797134.26,41,764740.92,白金客户,6,存款|理财产品|基金|保险|信托|贵金属,"7448726.2,8039961.77,7314577.99,7589566.63,7417199.92,8079248.39,7326863.49,9134324.74,9011590.83,8172970.81,9592369.2,8916163.04",1
C11942,34,男,上海,白领,3298171.25,793675.52,336592.77,271654.0,56639.66,141044.2,16,197176.0,金卡客户,5,存款|理财产品|基金|保险|信托,"3327958.61,3365181.52,3421373.35,3255847.96,3615109.42,3520738.3,3728554.16,4062107.54,3965790.11,4290640.88,4506921.47,4530742.65",0
C11943,55,女,广州,自由职业,1650263.47,146094.4,432834.29,235653.9,212423.95,127772.94,23,23190.98,金卡客户,7,存款|理财产品|基金|保险|信托|贵金属|国债,"1435825.1,1552737.47,1625633.19,1480431.46,1521655.61,1586592.75,1604051.8,1592089.6,1654131.75,1633568.21,1650140.54,1757095.4",0
C11944,42,男,北京,企业主,3390673.52,277219.19,172451.36,46128.08,211848.93,556970.54,3,367327.21,金卡客户,5,存款|理财产品|基金|保险|信托,"2206575.93,2149054.78,2247327.2,2299540.54,2188601.51,2297505.14,2484445.69,2453964.71,2448284.01,2696723.82,2668366.25,2683661.87",0
C11945,79,男,上海,白领,2189328.95,292748.17,16917.7,455526.92,167025.42,10460.59,2,296355.15,金卡客户,5,存款|理财产品|基金|保险|信托,"1518403.12,1433478.45,1503684.95,1495646.76,1630988.55,1588486.56,1628347.97,1623570.06,1664675.22,1699421.98,1673862.84,1669591.87",0
C11946,30,男,杭州,自由职业,13089678.62,1849897.9,1567049.81,2137177.37,365216.29,2185723.91,2,1454307.55,钻石客户,7,存款|理财产品|基金|保险|信托|贵金属|国债,"10999910.93,10510070.76,10378702.12,10809006.57,10416436.98,11270068.62,9551232.19,10508510.72,10224899.99,9424938.3,10567787.64,10479410.81",1
C11947,35,男,北京,企业主,2849434.22,625708.23,215857.66,428901.78,30069.69,413806.95,5,228510.45,金卡客户,6,存款|理财产品|基金|保险|信托|贵金属,"1734818.46,1878066.59,2048564.66,2092055.19,2376122.33,2420693.62,2654815.15,2515880.35,2810461.57,2813103.54,3233486.58,3056308.53",0
C11948,18,男,北京,白领,784370.93,245310.66,128237.16,71975.5,107681.52,0.0,1,96429.94,银卡客户,6,存款|理财产品|基金|保险|外汇|国债,"802635.2,767799.36,742787.14,742749.57,748594.24,793822.17,790647.1,727432.93,706577.88,812402.41,800775.86,819725.59",0
C11949,53,男,杭州,企业主,772294.73,140761.31,55247.26,45873.59,15508.4,0.0,1,83518.4,银卡客户,4,存款|理财产品|基金|保险,"488306.2,537930.02,637127.39,596850.35,670205.81,682601.27,633425.46,756383.29,765587.49,779848.94,776620.71,848447.02",0
C11950,25,女,成都,白领,473176.41,52847.24,128898.21,6897.85,26604.62,0.0,3,9287.13,银卡客户,4,存款|理财产品|基金|保险,"379773.63,366983.87,374082.62,381882.82,389724.23,393380.78,405221.23,394732.28,416238.01,436380.62,413567.86,424747.15",0
C11951,36,女,上海,退休,21007361.54,2101732.99,5101352.92,1344136.79,2157851.61,2492068.7,14,2132894.27,钻石客户,6,存款|理财产品|基金|保险|信托|贵金属,"16629525.66,16796460.53,17137223.6,17146413.87,17878921.97,16502647.35,16394090.37,16836115.71,17044760.74,17953147.77,18008236.21,18426738.87",1
C11952,50,男,上海,企业主,6087497.84,2002339.99,702039.13,1055431.58,491894.27,480508.58,5,776912.95,白金客户,7,存款|理财产品|基金|保险|信托|外汇|国债,"5248887.03,6101964.87,5774665.15,5711895.86,5699911.49,5390439.81,5834636.87,5483582.68,5023996.11,5708084.27,5475063.56,5763888.36",1
C11953,45,女,广州,白领,3919940.09,272100.14,379449.15,517537.94,412953.08,77640.52,1,476688.79,金卡客户,5,存款|理财产品|基金|保险|信托,"2580223.17,2665521.16,2931422.75,2792614.44,2708837.65,3001629.01,2785698.29,2916885.85,3046333.57,2916625.35,2797604.04,3237134.47",0
C11954,18,女,重庆,白领,521770.02,26893.42,15583.2,56008.98,66666.47,0.0,11,13253.96,银卡客户,5,存款|理财产品|基金|保险|贵金属,"407157.67,414068.76,413039.5,402940.9,425720.16,409469.6,420507.81,410110.69,439868.75,431407.59,415094.62,423473.51",0
C11955,29,女,上海,专业人士,6423054.54,958110.73,693493.36,1188124.56,274897.42,855868.81,14,207059.14,白金客户,5,存款|理财产品|基金|保险|信托,"3924227.82,3821661.12,4221293.93,3944982.26,4015898.59,4003261.44,4076662.1,4054866.17,3930431.71,4167760.5,4458648.82,4473520.19",1
C11956,29,男,广州,白领,233629.28,23125.01,60068.57,19347.48,25370.77,0.0,1,22149.56,普通客户,4,存款|理财产品|基金|保险,"211149.02,219977.16,212147.54,243649.76,191617.21,230438.62,234031.74,208048.46,238371.68,214101.66,230132.46,244503.06",0
C11957,30,女,苏州,公务员,677504.82,156055.31,171851.36,159062.97,46130.61,0.0,50,80034.87,银卡客户,4,存款|理财产品|基金|保险,"641797.93,695119.44,669457.09,732529.91,769995.0,692638.08,633628.9,667254.33,628623.04,728031.77,674858.69,706649.44",0
C11958,40,男,武汉,企业主,21222669.25,6280473.66,1217398.57,696418.86,362535.27,4216222.77,3,1209226.83,钻石客户,7,存款|理财产品|基金|保险|信托|外汇|国债,"14258508.68,13471561.16,13232553.82,14230648.71,14963477.93,14338947.58,16030564.27,16988980.98,16877274.6,19176391.22,18884746.56,18544918.18",1
C11959,38,男,武汉,高管,3069512.93,1192685.15,605969.86,164846.72,352943.19,358478.24,4,352807.54,金卡客户,5,存款|理财产品|基金|保险|信托,"3245043.12,2826731.7,2724799.69,3200499.46,3360259.88,2998140.81,3495416.77,3269039.84,3508699.41,3512118.97,3609759.94,3691792.08",0
C11960,43,男,重庆,白领,1404363.56,122847.63,151501.79,24333.47,155883.64,117494.1,8,22310.03,金卡客户,6,存款|理财产品|基金|保险|信托|外汇,"978935.92,1016214.01,1142479.57,1118283.68,1079010.78,1151388.27,1121738.06,1222789.2,1229801.45,1237702.86,1246396.09,1372516.5",0
C11961,42,女,重庆,企业主,14808711.56,3354682.41,3536216.12,3583918.95,1841282.98,2577886.81,50,1151323.7,钻石客户,7,存款|理财产品|基金|保险|信托|外汇|国债,"13838076.31,15651309.08,16488678.46,15900224.67,16424513.54,17457057.39,17356232.52,17731454.88,19571100.6,20003592.89,23142827.3,22258615.34",1
C11962,51,男,南京,退休,1182380.95,155444.8,296077.02,169132.68,139083.01,22225.53,1,154330.69,金卡客户,6,存款|理财产品|基金|保险|信托|外汇,"769987.51,779698.49,809256.84,839564.48,901593.41,942814.61,986556.15,1011086.04,1004929.76,1083841.91,1118994.64,1201326.36",0
C11963,50,男,上海,公务员,1322557.17,269903.47,107491.1,96457.4,193009.25,155388.63,1,167253.82,金卡客户,7,存款|理财产品|基金|保险|信托|贵金属|外汇,"1168583.91,1263614.41,1240200.14,1307420.92,1455734.49,1335456.03,1331076.32,1367491.42,1447846.72,1753164.69,1638328.36,1388205.9",0
C11964,44,女,武汉,专业人士,1119269.3,321454.01,110774.94,53588.97,129871.91,46916.71,5,129788.32,金卡客户,5,存款|理财产品|基金|保险|信托,"729138.61,736831.06,756235.07,745339.68,695527.83,753186.18,749066.1,865990.41,965287.56,909754.71,961165.37,988128.03",0
C11965,48,男,南京,白领,5490598.54,1724166.81,678451.82,625437.49,716700.08,27913.12,20,671714.12,白金客户,5,存款|理财产品|基金|保险|信托,"4499803.12,4993372.64,4907078.27,5162407.33,5256526.06,5045067.76,5512423.39,5586094.0,5734064.87,5894401.87,6161599.53,6385052.9",1
C11966,27,男,武汉,自由职业,1740389.78,594954.21,285809.33,275834.43,143990.59,195353.8,5,124311.21,金卡客户,5,存款|理财产品|基金|保险|信托,"1150850.52,1197732.95,987156.9,1181701.36,1215446.73,1008502.93,933382.05,1129779.77,1166507.99,1008229.02,960322.17,915508.83",0
C11967,61,女,深圳,退休,188876.9,57358.14,13007.74,32557.17,15007.39,0.0,3,4592.89,普通客户,5,存款|理财产品|基金|保险|贵金属,"146711.78,141699.89,154351.37,153122.22,171653.04,179570.13,165282.2,186438.7,197225.69,202068.34,202800.92,228496.5",0
C11968,48,男,北京,白领,415623.91,119157.47,80925.99,96438.02,23738.74,0.0,1,31229.83,银卡客户,4,存款|理财产品|基金|保险,"309263.27,324447.06,332418.42,327255.43,344445.5,355995.66,350325.0,363250.38,362017.81,366115.75,377495.35,376956.78",0
C11969,35,男,成都,企业主,101817664.84,24694064.05,25205115.77,16331310.13,14120351.95,14273291.02,19,7234697.99,钻石客户,8,存款|理财产品|基金|保险|信托|贵金属|外汇|国债,"62141693.27,64147843.12,68389633.27,65041987.64,71469790.78,68352253.61,65774606.43,66519522.29,65665857.55,64873237.98,67193084.06,63042288.62",1
C11970,27,女,重庆,白领,3891457.09,661928.15,66287.05,327272.47,219904.21,99179.86,10,165528.34,金卡客户,5,存款|理财产品|基金|保险|信托,"3426908.7,3712384.41,3580815.25,3297242.65,3513169.95,3553693.75,3127707.65,3546172.75,3230553.8,2705538.0,3436550.68,3475839.83",0
C11971,28,女,广州,白领,7259197.16,1359894.58,254529.23,292535.44,715109.54,1177766.1,1,548685.07,白金客户,5,存款|理财产品|基金|保险|信托,"5866836.4,5285896.85,5824074.61,4706905.32,5223224.01,5215123.13,5469576.52,4435227.17,5332544.15,5141085.48,5159493.55,4138662.02",1
C11972,71,男,上海,白领,165883.36,58639.67,10138.39,17273.99,11567.27,0.0,4,19281.31,普通客户,5,存款|理财产品|基金|保险|外汇,"156177.51,158544.26,154975.34,174485.65,167972.95,167914.63,173567.91,169516.29,184822.87,184280.24,185246.88,189719.79",0
C11973,31,男,武汉,白领,2211413.45,371045.08,640278.91,262759.62,307717.2,13345.7,3,54087.75,金卡客户,5,存款|理财产品|基金|保险|信托,"2082466.68,2009026.67,2050483.71,2094048.08,2073516.85,2012158.83,2065361.15,2004532.22,2060168.56,2103533.92,2055399.19,2010966.45",0
C11974,42,女,南京,专业人士,2945428.62,304998.2,116734.16,544518.41,97277.53,355485.99,9,431077.4,金卡客户,5,存款|理财产品|基金|保险|信托,"2228782.2,2261205.42,2300073.38,2529196.23,2449939.56,2811357.04,2928989.2,2937950.68,3128062.86,3230371.65,3333120.77,3565817.67",0
C11975,49,男,武汉,自由职业,378357.35,98156.66,22337.66,5270.97,52176.65,0.0,7,29462.93,银卡客户,4,存款|理财产品|基金|保险,"280699.46,288502.32,337140.83,371880.19,364997.74,382998.65,394235.92,405126.23,400454.86,449377.82,445692.64,489219.52",0
C11976,51,男,北京,专业人士,2513066.93,504054.12,446258.62,95563.0,194165.57,242999.9,4,183284.11,金卡客户,5,存款|理财产品|基金|保险|信托,"2289556.29,2112206.71,2191183.0,2200081.13,2073777.23,2523218.29,2307015.1,2367483.08,2491516.81,2612521.27,2338873.14,2551421.39",0
C11977,26,女,重庆,白领,1199350.52,466031.6,69354.27,136104.12,60119.29,49302.49,3,66318.15,金卡客户,5,存款|理财产品|基金|保险|信托,"899660.05,1117774.64,1179060.68,1100057.72,1191476.78,1296809.04,1379326.89,1258101.28,1536386.18,1422751.47,1487093.84,1637786.02",0
C11978,38,女,杭州,自由职业,2301123.81,197842.14,505528.53,173131.03,128799.2,160382.22,2,29778.1,金卡客户,6,存款|理财产品|基金|保险|信托|国债,"1825852.25,1847963.66,2158657.26,2022187.81,2310892.39,1886575.45,2225323.85,1989422.49,1584096.58,1663509.84,1846495.77,1531607.79",0
C11979,31,女,深圳,专业人士,3160979.01,872857.75,362083.55,613897.14,72111.84,254143.17,21,52485.99,金卡客户,7,存款|理财产品|基金|保险|信托|贵金属|外汇,"2747253.94,2805498.9,2820887.45,2744355.73,2811439.47,2822303.85,2867429.43,2801959.03,2864927.33,2831182.06,2821334.51,2812077.46",0
C11980,52,女,上海,公务员,621956.93,162176.87,122952.15,15960.5,85930.14,0.0,2,45056.82,银卡客户,5,存款|理财产品|基金|保险|外汇,"594966.86,616963.06,669243.39,659701.81,732124.28,770857.12,759845.98,804672.36,824463.57,883486.49,920916.52,936222.77",0
C11981,36,女,武汉,自由职业,5130929.15,1548898.42,270554.15,1093066.13,56894.44,618807.4,50,474903.88,白金客户,6,存款|理财产品|基金|保险|信托|外汇,"2858121.75,3229283.96,3133412.3,3078265.17,3078793.28,3160939.07,3073533.41,3027290.47,2857757.21,3081570.09,2816592.75,3027487.32",1
C11982,39,女,南京,公务员,4569899.82,1480832.04,1268635.14,212789.5,22924.44,572623.45,1,548227.19,金卡客户,5,存款|理财产品|基金|保险|信托,"4241264.77,4295746.17,3481218.34,3911058.4,3899797.04,3919221.1,4413987.99,4214693.62,4079781.82,3593030.09,3728725.44,4336824.81",0
C11983,48,男,武汉,企业主,33685733.18,12741221.6,9485140.63,2880642.86,2305944.67,5338350.27,29,4316745.73,钻石客户,8,存款|理财产品|基金|保险|信托|贵金属|外汇|国债,"24319216.53,25741183.1,25102184.38,27000632.39,25727412.22,26833161.36,26850010.19,26381261.9,27579565.81,26262067.54,27474184.66,28064604.14",1
C11984,41,男,武汉,高管,1180807.71,79716.22,248670.29,219610.26,80978.26,127118.36,3,112147.38,金卡客户,6,存款|理财产品|基金|保险|信托|国债,"857166.54,874004.09,890163.39,887709.29,915814.6,905054.0,939127.88,945727.25,953939.5,1005872.18,988318.7,1005942.36",0
C11985,38,女,杭州,企业主,6248084.58,863629.05,1037583.32,875983.3,754633.03,448090.93,20,542973.8,白金客户,6,存款|理财产品|基金|保险|信托|国债,"3846756.63,4301848.52,5130023.71,4817839.68,4272085.26,5445420.32,4630258.34,4340784.16,4937809.01,5132809.45,4448804.12,4861927.54",1
C11986,68,男,北京,企业主,570672.25,65083.73,145659.7,26427.55,56597.65,0.0,9,40510.21,银卡客户,4,存款|理财产品|基金|保险,"450923.76,503862.13,540727.01,533967.2,551308.49,556089.28,612542.36,594992.43,654103.87,675018.88,729878.77,734011.54",0
C11987,18,男,上海,白领,1975502.95,392550.84,548299.96,378420.15,169100.26,347618.32,25,186170.87,金卡客户,5,存款|理财产品|基金|保险|信托,"1962910.82,1859609.64,2030660.23,1935431.32,2053096.1,2039407.7,1913060.49,2029147.28,2027928.23,1960931.14,2089933.16,1987419.49",0
C11988,33,男,杭州,自由职业,2927254.19,1127246.91,449829.06,373488.6,319127.2,112703.16,2,120020.95,金卡客户,5,存款|理财产品|基金|保险|信托,"1726190.07,1911696.18,1911964.22,1896549.64,1797097.29,1662755.24,1588128.4,1470900.75,1728356.95,1630916.28,1552989.85,1399052.58",0
C11989,27,女,广州,高管,24777129.44,4786731.12,5246108.21,5163575.56,3089895.66,169823.13,16,1481630.83,钻石客户,7,存款|理财产品|基金|保险|信托|贵金属|外汇,"22277804.22,24096822.67,24392246.94,24878728.44,26289343.56,26959960.26,29019420.2,29469253.76,31719046.75,31002208.61,31181021.58,34451285.45",1
C11990,70,男,上海,公务员,2851658.56,811227.72,604298.1,231024.72,137945.37,277813.57,50,275126.18,金卡客户,5,存款|理财产品|基金|保险|信托,"2474931.76,2466493.14,2549743.77,2550466.33,2559587.57,2569099.52,2552788.72,2687294.55,2663283.4,2715226.6,2722300.86,2745124.83",0
C11991,46,男,杭州,白领,4782882.48,254478.3,825286.41,1017950.59,309463.28,707342.91,3,402985.66,金卡客户,5,存款|理财产品|基金|保险|信托,"4516439.64,4195222.73,4663190.73,4222397.25,4323831.38,3664926.41,4067903.93,3988283.58,4228156.21,4082981.13,4142555.13,3958404.31",0
C11992,63,女,北京,公务员,2622954.91,305475.71,366082.05,327598.38,244690.72,230451.76,5,39006.21,金卡客户,6,存款|理财产品|基金|保险|信托|贵金属,"1763037.99,1954956.74,1849157.1,1706894.6,2238254.91,2110675.07,2168287.16,2423484.67,2350499.69,2522358.03,2590109.84,2534254.05",0
C11993,28,男,北京,高管,7004421.47,1890809.49,1847765.09,188280.78,963729.54,1146654.11,6,280456.95,白金客户,6,存款|理财产品|基金|保险|信托|国债,"5896338.79,7336266.47,7497979.53,7431204.15,7287701.49,7359722.83,7327984.74,7438310.17,7019459.44,7163674.09,7415979.69,7061218.33",1
C11994,26,女,北京,公务员,1575337.61,296414.51,43564.85,148364.88,191174.43,43313.8,19,94603.72,金卡客户,5,存款|理财产品|基金|保险|信托,"1021067.42,1137181.22,1147527.49,1226093.12,1277553.02,1237860.76,1373675.55,1402217.48,1466604.64,1478083.65,1514562.97,1566863.41",0
C11995,18,女,深圳,退休,1180348.07,421205.82,77764.95,35818.05,42386.53,48770.25,18,174586.55,金卡客户,5,存款|理财产品|基金|保险|信托,"941373.32,913087.04,927225.46,908928.15,861252.53,907527.36,942018.54,872088.78,853848.96,876595.1,871420.81,863407.89",0
C11996,63,男,武汉,退休,2121577.05,495249.73,136719.47,468427.53,87742.72,107275.39,4,169326.39,金卡客户,5,存款|理财产品|基金|保险|信托,"1685339.12,1548874.22,1736463.46,1820154.82,1852957.8,1850634.91,1623998.1,1747656.44,1521175.48,1736107.73,1767299.35,1686761.53",0
C11997,18,女,深圳,自由职业,425278.87,22691.21,14756.0,102164.01,24950.36,0.0,3,27314.73,银卡客户,4,存款|理财产品|基金|保险,"368631.83,380939.81,388822.1,394818.29,412878.4,417720.11,416583.35,424153.59,432169.99,445363.04,455469.55,464923.19",0
C11998,29,女,深圳,白领,1280572.07,78995.84,105130.14,199159.49,93723.15,75572.19,3,145892.4,金卡客户,5,存款|理财产品|基金|保险|信托,"1126993.67,1113841.37,1133878.85,1059818.18,1095609.51,1126039.41,1121803.12,1109895.53,1080282.09,1149923.91,1121859.49,1082813.44",0
C11999,43,女,苏州,高管,8618763.09,2838377.77,1023872.94,1586677.47,513022.14,1549962.32,5,479032.36,白金客户,5,存款|理财产品|基金|保险|信托,"6289113.22,6490837.75,6385353.49,6561372.03,6772432.29,7118813.63,7253090.96,7454095.93,7442516.21,7798464.35,7890517.85,8095082.18",1
